gameType,accuracy,score,completionTime,attempts,incorrectAttempts,correctAnswers,completionRate,previousDifficulty,recommendedDifficulty
memory_match,0.87,181,33.8,5,1,4,1.0,easy,hard
pattern_recognition,0.92,200,21.1,6,0,6,1.0,easy,hard
memory_match,0.79,116,43.0,11,2,9,0.99,hard,easy
pattern_recognition,0.97,200,15.3,4,0,4,1.0,easy,hard
pattern_recognition,0.92,200,25.3,4,0,4,1.0,hard,hard
object_recognition,0.66,109,43.4,9,1,8,0.99,easy,medium
memory_match,0.85,200,12.3,7,0,7,1.0,easy,hard
daily_routine_recall,0.4,16,83.5,15,5,10,0.67,easy,easy
daily_routine_recall,0.26,10,49.2,12,6,6,0.83,easy,easy
daily_routine_recall,0.96,200,17.6,7,0,7,1.0,medium,hard
memory_match,0.65,106,45.5,9,2,7,0.98,hard,medium
object_recognition,0.85,194,26.6,5,0,5,1.0,easy,hard
daily_routine_recall,0.28,11,81.9,14,7,7,0.75,hard,easy
memory_match,0.56,22,103.2,12,6,6,0.83,hard,easy
memory_match,0.52,20,93.6,14,7,7,0.83,easy,easy
object_recognition,0.73,122,33.3,10,1,9,0.81,hard,medium
daily_routine_recall,1.0,200,29.3,7,0,7,1.0,easy,hard
memory_match,0.8,200,15.0,7,1,6,1.0,hard,hard
pattern_recognition,0.77,130,27.2,6,1,5,0.98,easy,medium
pattern_recognition,0.79,120,38.5,10,1,9,0.95,hard,hard
memory_match,0.44,17,102.7,11,3,8,0.45,easy,easy
object_recognition,0.47,18,94.5,15,4,11,0.62,medium,easy
daily_routine_recall,0.9,200,20.7,4,0,4,1.0,easy,hard
object_recognition,0.64,100,51.9,11,2,9,0.9,easy,medium
daily_routine_recall,0.98,200,16.2,6,0,6,1.0,hard,hard
object_recognition,0.28,11,106.3,13,5,8,0.47,medium,easy
pattern_recognition,0.8,110,49.2,10,2,8,0.96,hard,hard
memory_match,0.27,10,103.0,12,5,7,0.45,easy,easy
object_recognition,0.34,13,103.9,9,3,6,0.69,hard,easy
object_recognition,0.6,114,35.6,8,1,7,0.88,hard,medium
memory_match,0.84,200,13.0,6,0,6,1.0,hard,hard
daily_routine_recall,0.64,120,31.6,10,2,8,0.87,hard,medium
object_recognition,0.81,106,53.9,7,1,6,0.94,easy,hard
daily_routine_recall,0.26,10,109.9,11,5,6,0.84,hard,easy
memory_match,0.69,128,26.0,6,1,5,0.85,hard,medium
pattern_recognition,0.63,111,39.7,11,3,8,0.82,easy,medium
memory_match,0.68,121,32.3,12,3,9,0.93,hard,medium
memory_match,0.74,115,41.1,6,1,5,0.83,medium,medium
pattern_recognition,0.39,15,90.2,14,5,9,0.55,hard,easy
object_recognition,0.84,191,27.8,8,1,7,1.0,easy,hard
pattern_recognition,0.74,126,30.2,8,2,6,0.97,hard,medium
pattern_recognition,0.94,198,28.4,6,0,6,1.0,medium,hard
object_recognition,0.98,200,16.4,5,0,5,1.0,easy,hard
pattern_recognition,0.82,120,40.5,6,1,5,0.82,hard,hard
daily_routine_recall,0.98,193,32.5,4,0,4,1.0,medium,hard
pattern_recognition,0.31,12,90.5,14,5,9,0.8,easy,easy
pattern_recognition,0.5,20,86.7,11,5,6,0.47,hard,hard
memory_match,0.54,21,84.4,16,5,11,0.82,easy,easy
daily_routine_recall,0.99,200,17.1,5,0,5,1.0,easy,hard
object_recognition,0.94,200,26.3,4,0,4,1.0,easy,hard
object_recognition,0.6,110,39.8,8,1,7,0.93,easy,medium
pattern_recognition,0.42,16,51.1,16,5,11,0.52,easy,easy
daily_routine_recall,0.65,97,54.2,8,1,7,0.89,medium,medium
memory_match,0.87,196,26.1,4,0,4,1.0,hard,hard
memory_match,0.64,105,46.7,8,1,7,0.95,easy,medium
memory_match,0.22,10,109.6,18,7,11,0.81,easy,easy
object_recognition,0.68,128,25.5,8,3,5,0.91,easy,medium
object_recognition,0.42,16,108.7,16,6,10,0.57,easy,easy
memory_match,0.97,200,17.9,4,0,4,1.0,easy,hard
memory_match,0.35,14,99.9,16,5,11,0.44,easy,easy
object_recognition,0.43,17,109.4,12,4,8,0.53,medium,easy
memory_match,0.67,102,50.5,10,1,9,0.86,easy,medium
daily_routine_recall,0.69,121,32.7,10,2,8,0.9,medium,medium
object_recognition,0.39,15,96.9,14,3,11,0.76,easy,easy
memory_match,0.98,200,18.4,5,0,5,1.0,hard,hard
daily_routine_recall,0.37,14,88.7,11,5,6,0.47,easy,easy
pattern_recognition,1.0,198,31.0,5,1,4,1.0,easy,hard
pattern_recognition,0.81,182,30.6,7,0,7,1.0,easy,hard
pattern_recognition,0.32,12,98.8,15,6,9,0.83,medium,easy
pattern_recognition,0.89,188,31.1,5,0,5,1.0,hard,easy
object_recognition,0.91,200,25.9,5,1,4,1.0,hard,hard
daily_routine_recall,0.57,22,91.4,11,5,6,0.58,medium,easy
daily_routine_recall,0.7,107,47.3,7,1,6,0.99,easy,medium
daily_routine_recall,0.78,113,45.9,8,2,6,0.98,medium,hard
memory_match,0.7,122,32.2,6,1,5,0.93,easy,medium
memory_match,0.86,180,33.9,7,1,6,1.0,easy,hard
daily_routine_recall,0.7,108,46.9,7,1,6,0.87,easy,medium
pattern_recognition,0.77,132,25.4,10,1,9,0.82,medium,medium
daily_routine_recall,0.86,179,34.5,7,0,7,1.0,hard,hard
daily_routine_recall,0.24,10,77.0,12,6,6,0.61,hard,easy
pattern_recognition,0.45,18,48.1,16,7,9,0.42,medium,easy
pattern_recognition,0.68,110,43.8,7,2,5,0.91,medium,medium
daily_routine_recall,0.94,200,25.4,7,2,5,1.0,easy,hard
daily_routine_recall,0.61,107,42.6,11,3,8,0.88,hard,medium
memory_match,0.93,200,21.5,4,0,4,1.0,easy,hard
daily_routine_recall,0.44,17,98.3,12,4,8,0.49,easy,easy
pattern_recognition,0.62,123,28.0,8,1,7,0.92,hard,medium
object_recognition,0.87,196,26.4,5,0,5,1.0,hard,hard
memory_match,0.21,10,97.9,12,3,9,0.71,easy,easy
pattern_recognition,0.33,13,105.9,12,6,6,0.76,hard,easy
pattern_recognition,0.31,12,56.5,11,3,8,0.85,medium,easy
daily_routine_recall,0.69,117,36.2,11,2,9,0.85,easy,medium
pattern_recognition,0.46,18,93.1,11,5,6,0.57,hard,easy
object_recognition,0.91,200,22.4,4,0,4,1.0,hard,hard
pattern_recognition,0.54,21,70.3,16,6,10,0.81,easy,easy
memory_match,0.82,200,18.0,9,2,7,1.0,easy,hard
object_recognition,0.9,200,22.3,4,0,4,1.0,hard,hard
daily_routine_recall,0.86,200,18.2,7,0,7,1.0,easy,hard
memory_match,0.56,22,95.8,17,7,10,0.62,medium,easy
object_recognition,0.61,108,41.5,11,2,9,0.87,medium,medium
pattern_recognition,0.24,10,54.3,11,4,7,0.68,easy,easy
object_recognition,0.62,123,27.5,8,2,6,0.88,medium,medium
daily_routine_recall,0.98,200,13.7,5,0,5,1.0,medium,hard
daily_routine_recall,0.57,22,69.3,14,3,11,0.77,easy,easy
daily_routine_recall,0.99,189,34.7,6,1,5,1.0,easy,hard
daily_routine_recall,0.47,18,76.3,17,6,11,0.72,easy,easy
daily_routine_recall,0.65,117,34.9,11,2,9,0.8,hard,medium
memory_match,0.89,200,11.4,4,0,4,1.0,medium,hard
memory_match,0.78,111,47.3,10,2,8,0.99,hard,hard
pattern_recognition,0.68,120,33.6,12,3,9,0.99,medium,medium
daily_routine_recall,0.6,95,54.1,10,1,9,0.81,hard,medium
memory_match,0.8,107,52.6,8,1,7,0.99,hard,hard
object_recognition,0.72,112,43.9,7,2,5,0.93,medium,medium
pattern_recognition,0.73,104,52.0,9,1,8,0.99,easy,medium
object_recognition,0.81,200,19.9,4,0,4,1.0,hard,hard
daily_routine_recall,0.86,200,14.7,5,0,5,1.0,medium,hard
daily_routine_recall,0.29,11,62.3,13,7,6,0.52,medium,easy
daily_routine_recall,0.7,129,26.0,10,1,9,0.96,medium,medium
pattern_recognition,0.75,127,29.9,12,3,9,0.99,hard,medium
pattern_recognition,0.36,14,82.8,10,3,7,0.44,hard,easy
daily_routine_recall,0.53,21,80.9,13,7,6,0.75,easy,easy
pattern_recognition,0.38,15,109.0,15,5,10,0.74,easy,easy
object_recognition,0.35,14,98.9,13,3,10,0.43,hard,easy
pattern_recognition,0.81,200,13.3,6,0,6,1.0,hard,hard
object_recognition,0.53,21,97.8,18,7,11,0.81,easy,easy
memory_match,0.73,109,46.8,9,2,7,0.85,easy,medium
object_recognition,0.89,200,13.2,6,2,4,1.0,easy,hard
memory_match,0.28,11,102.1,13,4,9,0.52,medium,easy
daily_routine_recall,0.8,199,22.5,6,0,6,1.0,medium,hard
object_recognition,0.71,104,50.6,11,2,9,0.82,hard,medium
object_recognition,0.77,115,42.7,11,2,9,0.92,medium,medium
daily_routine_recall,0.75,125,31.4,9,1,8,1.0,hard,medium
daily_routine_recall,0.43,17,86.4,13,5,8,0.81,medium,easy
pattern_recognition,0.68,113,40.4,10,2,8,0.86,medium,medium
memory_match,0.4,16,90.3,16,7,9,0.61,easy,easy
pattern_recognition,0.52,20,95.0,16,6,10,0.84,hard,easy
object_recognition,0.9,200,18.2,7,0,7,1.0,medium,hard
memory_match,0.68,112,41.1,9,2,7,0.83,easy,medium
memory_match,0.74,126,30.5,8,1,7,0.97,hard,medium
daily_routine_recall,0.71,100,54.2,9,2,7,0.81,medium,medium
object_recognition,0.83,200,17.0,4,0,4,1.0,hard,hard
pattern_recognition,0.41,16,79.7,13,6,7,0.8,medium,easy
object_recognition,0.63,116,34.9,7,1,6,0.96,easy,medium
object_recognition,0.44,17,50.3,15,5,10,0.4,hard,easy
pattern_recognition,0.97,200,12.1,7,0,7,1.0,hard,medium
memory_match,0.84,200,19.3,5,0,5,1.0,easy,hard
object_recognition,0.49,19,79.5,14,4,10,0.43,easy,easy
daily_routine_recall,0.63,122,29.0,9,2,7,0.91,easy,medium
object_recognition,0.62,112,38.4,7,2,5,0.95,medium,medium
memory_match,0.27,10,81.7,14,3,11,0.55,medium,easy
memory_match,0.25,10,102.9,12,6,6,0.71,medium,easy
memory_match,0.5,20,77.4,17,6,11,0.66,easy,easy
memory_match,0.48,19,73.1,12,5,7,0.53,hard,easy
object_recognition,0.34,13,87.0,12,4,8,0.56,hard,easy
pattern_recognition,1.0,200,25.1,5,0,5,1.0,medium,hard
daily_routine_recall,0.85,200,19.1,5,0,5,1.0,easy,hard
memory_match,0.64,118,33.6,6,1,5,0.82,easy,medium
memory_match,0.9,200,20.3,8,2,6,1.0,medium,hard
object_recognition,0.98,200,24.4,8,2,6,1.0,medium,hard
pattern_recognition,0.96,200,16.4,6,0,6,1.0,easy,hard
memory_match,0.51,20,91.7,12,5,7,0.53,hard,easy
object_recognition,0.77,127,30.6,8,1,7,0.84,hard,medium
daily_routine_recall,0.76,117,40.9,11,2,9,0.9,easy,medium
memory_match,0.81,125,34.6,8,2,6,0.89,medium,hard
object_recognition,0.41,16,80.7,14,4,10,0.71,hard,easy
daily_routine_recall,0.82,200,13.5,4,0,4,1.0,hard,hard
object_recognition,0.92,200,21.8,5,0,5,1.0,medium,hard
daily_routine_recall,0.24,10,100.3,15,6,9,0.58,easy,easy
object_recognition,0.81,105,54.7,8,1,7,0.81,easy,medium
object_recognition,0.48,19,82.3,15,7,8,0.76,medium,easy
daily_routine_recall,0.64,122,29.9,10,1,9,0.85,easy,medium
daily_routine_recall,0.74,104,52.2,7,1,6,0.88,medium,medium
daily_routine_recall,0.51,20,73.5,15,5,10,0.54,hard,easy
pattern_recognition,0.48,19,77.7,9,3,6,0.8,easy,easy
object_recognition,0.35,14,80.3,13,5,8,0.59,hard,easy
object_recognition,0.33,13,92.5,13,4,9,0.76,medium,easy
pattern_recognition,0.92,200,23.3,8,1,7,1.0,medium,hard
daily_routine_recall,1.0,200,28.8,7,1,6,1.0,medium,hard
object_recognition,0.95,200,10.8,5,0,5,1.0,hard,hard
object_recognition,0.71,107,47.6,10,1,9,0.82,medium,medium
memory_match,0.52,20,53.3,17,7,10,0.62,hard,easy
pattern_recognition,0.36,14,95.2,13,5,8,0.71,easy,easy
daily_routine_recall,0.91,200,16.3,6,0,6,1.0,hard,hard
daily_routine_recall,0.56,22,67.3,15,4,11,0.68,easy,easy
daily_routine_recall,0.8,130,29.2,6,1,5,0.8,easy,hard
pattern_recognition,0.53,21,105.6,15,6,9,0.76,medium,easy
daily_routine_recall,0.21,10,87.3,12,3,9,0.57,hard,easy
object_recognition,0.23,10,50.0,14,3,11,0.81,easy,easy
object_recognition,0.63,118,32.1,9,1,8,0.82,medium,medium
memory_match,0.8,108,51.1,11,2,9,0.88,medium,hard
memory_match,0.76,126,31.2,8,2,6,0.87,medium,medium
memory_match,0.35,14,79.9,16,5,11,0.56,easy,easy
daily_routine_recall,0.33,13,92.9,11,3,8,0.41,easy,easy
object_recognition,0.98,200,16.2,7,0,7,1.0,hard,hard
pattern_recognition,0.69,101,52.4,8,1,7,0.93,hard,medium
object_recognition,0.8,190,26.6,7,0,7,1.0,medium,hard
daily_routine_recall,0.89,200,23.9,7,1,6,1.0,hard,hard
memory_match,1.0,200,22.6,4,0,4,1.0,easy,hard
memory_match,0.35,14,72.7,16,5,11,0.49,easy,easy
memory_match,0.27,10,47.4,12,5,7,0.53,easy,easy
object_recognition,0.47,18,79.3,12,6,6,0.58,medium,easy
daily_routine_recall,0.72,126,29.7,10,1,9,0.82,hard,medium
pattern_recognition,0.95,200,16.8,6,1,5,1.0,medium,hard
pattern_recognition,0.36,14,46.7,13,6,7,0.79,medium,easy
pattern_recognition,0.36,14,80.9,13,5,8,0.63,medium,easy
pattern_recognition,0.92,200,18.5,6,0,6,1.0,medium,hard
daily_routine_recall,0.45,18,60.5,12,4,8,0.51,medium,easy
daily_routine_recall,0.76,107,50.7,11,3,8,0.99,hard,medium
object_recognition,0.25,10,71.4,11,4,7,0.44,medium,easy
object_recognition,0.65,126,25.8,9,1,8,0.93,hard,medium
memory_match,0.47,18,104.2,16,7,9,0.55,easy,easy
memory_match,0.78,123,35.9,9,1,8,0.92,hard,hard
pattern_recognition,0.88,200,23.8,7,0,7,1.0,medium,hard
daily_routine_recall,0.84,178,34.4,5,1,4,1.0,easy,hard
object_recognition,0.79,119,39.6,8,3,5,0.9,easy,medium
daily_routine_recall,0.9,195,28.5,4,0,4,1.0,medium,hard
pattern_recognition,0.66,123,29.2,11,3,8,0.83,medium,medium
daily_routine_recall,0.8,114,45.7,8,2,6,0.91,hard,hard
memory_match,0.51,20,77.4,10,4,6,0.58,medium,easy
daily_routine_recall,0.71,108,46.6,10,1,9,0.85,easy,medium
memory_match,0.85,191,28.3,4,0,4,1.0,hard,hard
memory_match,0.93,200,14.4,7,2,5,1.0,easy,hard
object_recognition,0.69,105,48.1,8,2,6,0.83,hard,medium
pattern_recognition,0.95,200,12.1,5,0,5,1.0,medium,hard
daily_routine_recall,0.81,182,30.9,7,0,7,1.0,medium,hard
memory_match,0.94,200,17.4,5,0,5,1.0,hard,hard
pattern_recognition,0.88,182,33.9,7,0,7,1.0,medium,medium
memory_match,0.28,11,47.0,14,6,8,0.67,easy,easy
memory_match,0.22,10,77.3,15,7,8,0.55,hard,easy
daily_routine_recall,0.95,200,12.7,4,0,4,1.0,hard,hard
object_recognition,0.36,14,90.8,10,4,6,0.51,medium,easy
pattern_recognition,0.51,20,97.0,14,6,8,0.52,medium,easy
pattern_recognition,0.73,120,35.8,8,1,7,0.99,easy,medium
object_recognition,0.96,200,27.3,7,0,7,1.0,medium,hard
memory_match,0.91,188,31.8,5,1,4,1.0,medium,hard
object_recognition,0.77,111,46.7,7,2,5,0.98,easy,medium
daily_routine_recall,0.93,199,27.3,5,0,5,1.0,medium,hard
object_recognition,0.61,103,46.2,9,3,6,0.91,medium,medium
pattern_recognition,0.8,134,26.0,7,2,5,0.84,hard,hard
object_recognition,0.63,113,37.7,10,2,8,0.97,easy,medium
object_recognition,0.86,186,30.7,6,0,6,1.0,medium,hard
pattern_recognition,0.34,13,81.4,14,7,7,0.8,medium,easy
daily_routine_recall,0.72,117,38.2,7,2,5,0.91,easy,medium
object_recognition,0.93,197,28.4,4,0,4,1.0,easy,hard
pattern_recognition,0.74,125,32.0,7,1,6,1.0,easy,medium
daily_routine_recall,0.8,200,14.6,7,0,7,1.0,medium,hard
memory_match,0.96,186,34.9,5,0,5,1.0,medium,hard
object_recognition,0.82,200,10.9,7,0,7,1.0,medium,hard
object_recognition,0.53,21,109.0,15,4,11,0.59,hard,easy
pattern_recognition,0.88,193,28.4,6,0,6,1.0,hard,hard
pattern_recognition,0.38,15,64.3,13,4,9,0.72,hard,easy
memory_match,0.92,200,16.9,8,2,6,1.0,hard,hard
object_recognition,0.89,200,19.6,7,0,7,1.0,easy,hard
memory_match,0.81,111,48.9,9,1,8,0.88,easy,hard
daily_routine_recall,0.79,105,53.3,11,2,9,1.0,medium,hard
pattern_recognition,0.76,131,26.9,11,2,9,0.93,hard,medium
pattern_recognition,0.43,17,78.3,12,4,8,0.48,easy,easy
object_recognition,0.84,200,14.7,6,1,5,1.0,hard,hard
pattern_recognition,0.78,115,43.9,6,1,5,0.99,easy,hard
object_recognition,1.0,200,14.3,5,0,5,1.0,medium,medium
daily_routine_recall,0.9,182,34.9,7,1,6,1.0,hard,hard
object_recognition,0.84,200,15.6,4,0,4,1.0,medium,hard
object_recognition,0.8,109,50.8,9,2,7,0.85,hard,medium
daily_routine_recall,0.7,128,26.3,9,3,6,0.96,easy,medium
memory_match,0.74,115,41.5,9,1,8,0.87,easy,medium
daily_routine_recall,0.66,106,46.7,11,2,9,0.84,hard,hard
object_recognition,0.46,18,49.9,10,3,7,0.62,medium,easy
memory_match,0.9,200,24.8,8,1,7,1.0,hard,hard
daily_routine_recall,0.93,200,23.6,5,1,4,1.0,easy,hard
pattern_recognition,0.53,21,96.8,12,6,6,0.47,hard,easy
pattern_recognition,0.26,10,66.7,13,7,6,0.82,hard,easy
memory_match,0.62,105,46.0,10,1,9,0.98,medium,medium
pattern_recognition,0.79,133,25.9,9,3,6,0.96,easy,medium
object_recognition,0.29,11,104.1,13,4,9,0.65,easy,easy
daily_routine_recall,0.95,200,16.5,4,0,4,1.0,hard,hard
pattern_recognition,0.74,102,54.4,8,2,6,0.93,medium,medium
daily_routine_recall,0.72,107,48.4,7,1,6,0.89,hard,medium
object_recognition,0.52,20,70.5,17,7,10,0.75,easy,easy
pattern_recognition,0.83,187,29.3,9,2,7,1.0,hard,hard
object_recognition,0.76,131,27.0,7,2,5,0.81,hard,medium
object_recognition,0.62,100,50.6,12,3,9,0.89,easy,medium
object_recognition,0.93,200,24.9,4,0,4,1.0,medium,hard
daily_routine_recall,0.6,115,34.7,9,2,7,0.85,hard,medium
daily_routine_recall,0.8,200,14.0,7,0,7,1.0,easy,hard
memory_match,0.89,200,21.3,6,0,6,1.0,hard,hard
pattern_recognition,0.51,20,64.4,15,4,11,0.5,hard,easy
object_recognition,0.63,100,51.0,11,3,8,0.95,hard,medium
memory_match,0.55,22,100.7,17,6,11,0.74,easy,easy
daily_routine_recall,0.37,14,65.3,13,4,9,0.73,medium,easy
pattern_recognition,0.76,127,31.0,11,3,8,0.91,medium,medium
object_recognition,0.89,200,23.6,4,0,4,1.0,hard,hard
object_recognition,0.53,21,95.5,16,5,11,0.64,hard,easy
object_recognition,0.21,10,96.8,16,6,10,0.81,medium,easy
pattern_recognition,0.81,129,30.6,7,2,5,0.92,medium,hard
daily_routine_recall,0.85,200,24.0,7,0,7,1.0,easy,hard
daily_routine_recall,0.61,107,42.5,8,1,7,1.0,easy,medium
memory_match,0.26,10,75.2,15,4,11,0.84,medium,easy
memory_match,0.76,113,44.7,10,2,8,0.96,easy,medium
pattern_recognition,0.22,10,76.2,9,3,6,0.45,hard,easy
pattern_recognition,0.42,16,46.2,15,6,9,0.56,hard,easy
pattern_recognition,0.49,19,106.2,10,3,7,0.64,medium,easy
memory_match,0.54,21,50.4,16,7,9,0.56,medium,easy
daily_routine_recall,0.32,12,108.5,15,4,11,0.71,easy,easy
memory_match,0.51,20,47.7,12,6,6,0.83,easy,easy
pattern_recognition,0.63,99,51.9,7,2,5,0.81,hard,medium
memory_match,0.91,196,27.7,6,1,5,1.0,easy,hard
memory_match,0.44,17,95.9,13,5,8,0.8,hard,easy
daily_routine_recall,0.91,191,30.4,6,0,6,1.0,hard,hard
pattern_recognition,0.22,10,55.7,12,5,7,0.43,hard,easy
daily_routine_recall,0.85,200,14.0,6,1,5,1.0,medium,hard
memory_match,0.67,113,39.1,11,2,9,0.96,medium,medium
memory_match,0.93,200,22.5,5,0,5,1.0,medium,hard
memory_match,0.74,122,35.0,9,2,7,0.93,easy,medium
memory_match,0.64,106,45.4,6,1,5,0.97,easy,medium
daily_routine_recall,0.83,178,34.0,7,0,7,1.0,medium,hard
object_recognition,0.89,200,18.6,7,0,7,1.0,hard,hard
memory_match,0.9,200,23.6,4,0,4,1.0,hard,hard
pattern_recognition,0.7,108,46.8,8,2,6,0.92,medium,medium
object_recognition,0.77,113,44.7,9,3,6,0.98,medium,medium
memory_match,0.65,108,43.7,7,2,5,0.83,medium,medium
daily_routine_recall,0.47,18,104.1,13,4,9,0.57,medium,easy
object_recognition,0.39,15,71.8,13,7,6,0.51,easy,easy
memory_match,0.53,21,73.9,12,3,9,0.67,medium,easy
daily_routine_recall,0.83,200,19.8,7,2,5,1.0,easy,hard
daily_routine_recall,0.53,21,45.6,12,3,9,0.46,hard,easy
object_recognition,0.57,22,74.5,12,5,7,0.43,hard,easy
daily_routine_recall,0.26,10,78.8,13,4,9,0.77,medium,easy
pattern_recognition,0.89,200,16.2,4,0,4,1.0,easy,hard
memory_match,0.85,200,19.0,6,0,6,1.0,medium,hard
daily_routine_recall,0.48,19,88.1,13,7,6,0.78,hard,easy
memory_match,0.96,200,24.6,8,1,7,1.0,hard,hard
daily_routine_recall,0.41,16,47.2,10,4,6,0.64,easy,easy
daily_routine_recall,0.81,133,26.2,10,1,9,0.99,medium,easy
object_recognition,0.32,12,78.0,13,6,7,0.58,easy,easy
memory_match,0.9,197,27.1,4,0,4,1.0,easy,hard
object_recognition,0.74,106,51.0,9,2,7,0.9,medium,medium
daily_routine_recall,0.93,200,13.5,4,0,4,1.0,medium,hard
memory_match,0.25,10,106.1,13,6,7,0.48,easy,easy
memory_match,0.48,19,55.2,18,7,11,0.51,hard,easy
object_recognition,0.93,185,34.5,5,0,5,1.0,medium,hard
daily_routine_recall,0.9,200,25.4,8,1,7,1.0,easy,hard
object_recognition,0.77,129,28.4,10,2,8,0.94,easy,medium
object_recognition,0.84,194,26.5,4,0,4,1.0,hard,hard
pattern_recognition,0.92,200,18.7,7,0,7,1.0,medium,hard
pattern_recognition,0.22,10,108.5,9,3,6,0.79,medium,easy
daily_routine_recall,0.77,116,42.0,10,2,8,0.93,medium,medium
object_recognition,0.77,105,52.8,8,2,6,0.95,hard,medium
object_recognition,0.96,200,20.9,8,1,7,1.0,hard,hard
daily_routine_recall,0.67,108,44.5,6,1,5,0.87,easy,medium
memory_match,0.35,14,90.2,16,6,10,0.6,medium,easy
memory_match,0.85,200,19.3,5,0,5,1.0,medium,hard
object_recognition,0.92,200,14.2,5,0,5,1.0,hard,hard
memory_match,0.38,15,69.7,11,4,7,0.62,medium,easy
pattern_recognition,0.61,114,35.2,7,1,6,0.91,hard,medium
daily_routine_recall,0.65,112,39.3,7,1,6,0.94,easy,medium
pattern_recognition,0.9,190,30.6,7,0,7,1.0,medium,hard
memory_match,0.74,105,51.9,8,1,7,0.88,medium,medium
pattern_recognition,0.27,10,76.1,12,5,7,0.47,medium,easy
memory_match,0.92,200,23.1,4,0,4,1.0,hard,hard
daily_routine_recall,0.96,200,23.5,7,0,7,1.0,medium,hard
pattern_recognition,0.47,18,71.0,16,7,9,0.77,easy,easy
pattern_recognition,0.9,200,13.1,7,1,6,1.0,easy,hard
memory_match,0.91,196,27.7,5,0,5,1.0,easy,hard
object_recognition,0.84,181,32.9,5,0,5,1.0,hard,hard
daily_routine_recall,0.78,117,41.5,7,1,6,0.82,hard,hard
memory_match,0.6,105,44.1,10,2,8,0.85,medium,medium
daily_routine_recall,0.28,11,84.7,10,4,6,0.78,hard,easy
memory_match,0.8,124,35.6,10,1,9,0.86,medium,hard
memory_match,0.76,107,50.5,7,2,5,0.82,medium,medium
memory_match,0.92,200,21.3,6,0,6,1.0,hard,hard
object_recognition,0.85,184,31.7,4,0,4,1.0,hard,hard
memory_match,0.82,200,10.6,7,0,7,1.0,medium,hard
daily_routine_recall,0.65,107,44.1,10,1,9,0.92,hard,medium
memory_match,0.39,15,109.2,15,5,10,0.7,medium,easy
daily_routine_recall,0.37,14,74.0,9,3,6,0.41,hard,easy
pattern_recognition,0.33,13,98.2,13,6,7,0.55,easy,easy
object_recognition,0.98,199,29.3,4,0,4,1.0,hard,hard
daily_routine_recall,0.8,129,30.8,8,1,7,0.87,medium,hard
daily_routine_recall,0.92,200,21.1,8,1,7,1.0,hard,hard
daily_routine_recall,0.78,127,32.0,8,2,6,0.94,easy,hard
object_recognition,0.65,113,38.7,7,1,6,1.0,medium,medium
pattern_recognition,0.45,18,81.3,15,4,11,0.55,medium,easy
pattern_recognition,0.73,128,27.7,12,3,9,0.94,medium,medium
object_recognition,0.84,200,23.4,4,0,4,1.0,easy,hard
memory_match,0.96,200,10.0,7,0,7,1.0,medium,hard
daily_routine_recall,0.96,189,33.2,7,0,7,1.0,easy,hard
memory_match,0.99,200,10.5,8,1,7,1.0,hard,hard
daily_routine_recall,0.72,105,50.3,8,2,6,0.96,easy,medium
pattern_recognition,0.79,115,43.3,10,2,8,0.94,medium,hard
pattern_recognition,0.21,10,64.7,14,4,10,0.56,easy,easy
memory_match,0.82,178,33.4,6,0,6,1.0,hard,hard
memory_match,0.78,125,33.4,9,3,6,0.9,hard,medium
pattern_recognition,0.8,120,39.9,12,3,9,0.88,hard,medium
pattern_recognition,0.9,200,19.9,4,0,4,1.0,hard,hard
pattern_recognition,0.68,102,51.3,10,3,7,0.96,hard,medium
daily_routine_recall,0.86,200,12.0,5,0,5,1.0,hard,hard
object_recognition,0.63,119,31.7,9,3,6,0.93,hard,medium
object_recognition,0.96,200,13.3,8,1,7,1.0,easy,hard
object_recognition,0.73,126,29.2,12,3,9,0.86,easy,medium
object_recognition,0.81,110,49.8,8,2,6,0.81,medium,medium
object_recognition,0.21,10,53.8,16,6,10,0.65,easy,easy
pattern_recognition,0.57,22,73.1,18,7,11,0.79,medium,easy
daily_routine_recall,0.31,12,100.3,15,7,8,0.68,hard,easy
memory_match,0.45,18,54.9,15,5,10,0.75,medium,easy
daily_routine_recall,0.89,200,11.5,6,2,4,1.0,medium,hard
object_recognition,0.44,17,64.3,11,5,6,0.46,easy,easy
daily_routine_recall,0.63,116,34.1,9,1,8,0.92,easy,medium
daily_routine_recall,0.74,125,31.9,9,1,8,0.86,easy,medium
daily_routine_recall,0.44,17,79.3,14,4,10,0.8,easy,easy
memory_match,0.89,200,14.9,7,0,7,1.0,hard,hard
pattern_recognition,0.38,15,56.5,18,7,11,0.83,easy,easy
object_recognition,0.29,11,53.7,18,7,11,0.76,hard,easy
object_recognition,0.92,199,27.0,4,0,4,1.0,medium,easy
memory_match,0.28,11,45.8,14,4,10,0.84,medium,easy
object_recognition,0.78,105,53.8,9,2,7,0.85,easy,medium
memory_match,0.45,18,77.5,14,7,7,0.46,easy,easy
object_recognition,0.53,21,60.8,12,4,8,0.57,easy,easy
object_recognition,0.88,200,21.5,5,1,4,1.0,hard,hard
pattern_recognition,0.25,10,51.6,9,3,6,0.71,hard,easy
memory_match,0.7,122,32.6,9,3,6,0.85,hard,medium
object_recognition,0.96,194,30.6,7,0,7,1.0,easy,hard
daily_routine_recall,0.98,200,25.9,7,0,7,1.0,easy,hard
memory_match,0.7,103,51.5,9,1,8,0.9,medium,medium
object_recognition,0.75,130,26.3,8,1,7,0.93,medium,medium
daily_routine_recall,0.78,130,28.2,9,1,8,0.95,easy,hard
memory_match,0.87,200,17.4,6,0,6,1.0,hard,hard
pattern_recognition,0.81,111,48.5,7,1,6,0.82,easy,hard
pattern_recognition,0.75,109,47.9,9,1,8,0.98,hard,medium
object_recognition,0.5,20,59.8,10,3,7,0.7,hard,easy
memory_match,0.6,117,32.7,6,1,5,0.93,hard,easy
memory_match,0.4,16,47.7,11,4,7,0.76,easy,easy
daily_routine_recall,0.66,98,54.4,11,2,9,0.98,hard,medium
object_recognition,0.4,16,85.1,12,4,8,0.42,medium,easy
pattern_recognition,0.62,108,43.0,8,1,7,0.91,medium,medium
memory_match,0.69,124,29.9,9,1,8,0.82,hard,medium
daily_routine_recall,0.64,100,51.6,9,2,7,0.93,medium,medium
object_recognition,0.32,12,102.2,12,6,6,0.64,medium,easy
object_recognition,0.93,200,15.5,7,2,5,1.0,medium,hard
memory_match,0.76,109,48.3,9,2,7,0.86,hard,medium
pattern_recognition,0.77,124,33.1,11,2,9,0.83,hard,medium
memory_match,0.83,189,28.1,7,1,6,1.0,medium,hard
object_recognition,0.9,200,13.8,5,0,5,1.0,hard,hard
object_recognition,0.72,113,42.7,9,2,7,0.83,medium,medium
daily_routine_recall,0.62,108,42.3,12,3,9,0.83,hard,medium
memory_match,0.89,200,10.2,4,0,4,1.0,easy,hard
daily_routine_recall,0.98,200,16.9,7,0,7,1.0,hard,hard
memory_match,0.96,200,15.1,7,0,7,1.0,easy,hard
object_recognition,0.51,20,85.0,10,4,6,0.57,easy,easy
daily_routine_recall,0.72,115,40.7,9,3,6,0.81,medium,medium
memory_match,0.48,19,58.2,14,4,10,0.57,hard,easy
daily_routine_recall,0.67,123,29.5,8,1,7,1.0,medium,medium
pattern_recognition,0.68,115,38.5,9,2,7,0.83,hard,medium
daily_routine_recall,0.45,18,45.1,14,7,7,0.68,easy,easy
object_recognition,0.68,105,48.8,9,1,8,0.9,hard,medium
memory_match,0.76,129,28.1,9,1,8,0.91,medium,medium
pattern_recognition,0.73,110,45.3,11,3,8,0.97,hard,medium
object_recognition,0.39,15,50.0,16,7,9,0.75,easy,easy
memory_match,0.47,18,96.3,15,5,10,0.47,medium,easy
object_recognition,0.87,200,20.9,7,0,7,1.0,easy,hard
daily_routine_recall,0.61,101,49.0,7,2,5,0.99,hard,medium
daily_routine_recall,0.44,17,72.4,15,6,9,0.75,medium,easy
pattern_recognition,0.82,200,20.2,7,1,6,1.0,medium,hard
pattern_recognition,0.48,19,106.8,13,7,6,0.65,easy,easy
memory_match,1.0,200,14.1,6,1,5,1.0,medium,hard
object_recognition,0.52,20,62.7,11,3,8,0.53,hard,easy
memory_match,0.81,127,32.8,9,2,7,0.88,easy,hard
object_recognition,0.7,115,39.4,11,2,9,0.94,hard,medium
memory_match,0.74,130,26.5,10,3,7,0.89,easy,medium
object_recognition,0.95,197,29.1,7,0,7,1.0,medium,hard
pattern_recognition,0.83,200,20.0,6,2,4,1.0,hard,hard
pattern_recognition,0.99,200,11.7,5,0,5,1.0,medium,hard
memory_match,0.81,200,16.9,5,0,5,1.0,easy,hard
pattern_recognition,0.65,118,33.2,8,2,6,0.97,easy,medium
pattern_recognition,0.85,200,13.9,7,1,6,1.0,medium,hard
memory_match,0.22,10,103.9,13,3,10,0.64,medium,easy
daily_routine_recall,0.88,200,18.7,6,1,5,1.0,easy,hard
memory_match,0.95,200,23.7,7,0,7,1.0,hard,hard
pattern_recognition,0.99,200,11.3,7,0,7,1.0,easy,hard
daily_routine_recall,0.44,17,77.1,14,7,7,0.47,hard,easy
memory_match,0.48,19,57.4,11,3,8,0.54,easy,easy
daily_routine_recall,0.56,22,107.9,13,7,6,0.41,hard,easy
object_recognition,0.94,200,20.4,5,0,5,1.0,hard,hard
daily_routine_recall,0.72,115,40.7,7,1,6,0.88,hard,medium
object_recognition,0.72,107,48.8,8,2,6,0.82,medium,medium
memory_match,0.7,115,39.5,7,1,6,0.93,easy,medium
object_recognition,0.65,124,27.9,10,3,7,0.93,easy,medium
daily_routine_recall,0.72,129,26.9,10,2,8,0.87,hard,medium
daily_routine_recall,0.57,22,96.6,13,3,10,0.47,medium,easy
memory_match,0.33,13,94.2,18,7,11,0.47,medium,easy
daily_routine_recall,0.3,12,106.5,13,4,9,0.75,medium,easy
memory_match,0.61,123,27.0,10,2,8,0.91,medium,medium
object_recognition,0.39,15,51.9,12,6,6,0.58,easy,easy
daily_routine_recall,0.24,10,73.7,14,5,9,0.64,easy,easy
object_recognition,0.66,104,48.8,11,2,9,0.86,medium,medium
memory_match,0.93,200,14.9,6,1,5,1.0,medium,hard
pattern_recognition,0.83,191,27.4,7,1,6,1.0,easy,hard
memory_match,0.73,120,35.9,10,3,7,1.0,medium,medium
object_recognition,0.83,200,15.1,4,0,4,1.0,medium,easy
object_recognition,0.76,108,49.6,8,1,7,0.98,easy,medium
object_recognition,0.51,20,77.8,13,3,10,0.84,medium,easy
pattern_recognition,0.93,200,25.9,5,0,5,1.0,medium,hard
object_recognition,0.82,116,44.7,10,1,9,0.91,hard,hard
daily_routine_recall,0.91,196,28.0,6,1,5,1.0,hard,hard
pattern_recognition,0.68,99,54.2,6,1,5,0.96,easy,medium
daily_routine_recall,0.72,109,46.3,8,1,7,0.98,hard,medium
pattern_recognition,0.93,200,17.9,5,0,5,1.0,hard,hard
memory_match,0.51,20,66.8,14,4,10,0.45,easy,easy
daily_routine_recall,0.82,189,28.0,5,0,5,1.0,medium,hard
pattern_recognition,0.87,200,21.3,5,1,4,1.0,medium,hard
object_recognition,0.89,200,24.4,8,1,7,1.0,hard,hard
daily_routine_recall,0.89,182,34.5,7,0,7,1.0,hard,hard
daily_routine_recall,0.48,19,51.9,14,5,9,0.71,medium,easy
memory_match,0.83,193,26.4,8,2,6,1.0,medium,hard
memory_match,0.66,108,44.3,7,2,5,0.84,hard,medium
pattern_recognition,0.34,13,49.5,13,3,10,0.58,hard,easy
pattern_recognition,0.95,190,32.6,4,0,4,1.0,hard,hard
object_recognition,0.96,200,26.6,4,0,4,1.0,easy,hard
memory_match,0.53,21,45.0,13,5,8,0.58,easy,easy
object_recognition,0.68,122,31.8,8,1,7,0.88,easy,medium
object_recognition,0.96,200,22.0,7,0,7,1.0,hard,hard
memory_match,0.48,19,104.7,11,3,8,0.84,hard,easy
daily_routine_recall,0.78,113,46.0,12,3,9,0.99,hard,medium
daily_routine_recall,0.76,123,34.1,11,3,8,0.93,easy,medium
daily_routine_recall,0.7,123,31.6,9,1,8,0.82,hard,medium
daily_routine_recall,0.65,126,25.4,7,2,5,0.96,hard,medium
pattern_recognition,0.81,200,15.7,5,1,4,1.0,medium,hard
daily_routine_recall,0.81,178,32.6,5,1,4,1.0,medium,hard
object_recognition,0.67,117,35.2,12,3,9,0.97,medium,medium
daily_routine_recall,0.31,12,72.9,16,5,11,0.79,medium,easy
object_recognition,0.71,128,26.9,10,3,7,0.9,medium,medium
pattern_recognition,0.48,19,79.1,12,3,9,0.79,medium,easy
memory_match,0.61,96,53.7,9,1,8,0.98,medium,medium
object_recognition,0.38,15,53.9,12,5,7,0.47,easy,easy
daily_routine_recall,0.83,178,33.7,4,0,4,1.0,hard,hard
memory_match,0.94,200,15.9,7,0,7,1.0,hard,hard
pattern_recognition,0.85,188,29.7,9,2,7,1.0,easy,hard
pattern_recognition,0.56,22,84.0,9,3,6,0.52,hard,easy
object_recognition,0.88,185,32.3,4,0,4,1.0,medium,hard
pattern_recognition,0.89,200,11.1,7,0,7,1.0,easy,hard
pattern_recognition,0.89,200,21.3,6,0,6,1.0,medium,hard
object_recognition,0.84,196,25.3,7,0,7,1.0,medium,hard
daily_routine_recall,0.73,114,41.1,8,3,5,0.84,medium,medium
memory_match,0.81,200,12.7,4,0,4,1.0,hard,hard
memory_match,0.7,123,31.6,6,1,5,0.88,easy,medium
pattern_recognition,0.62,107,43.5,8,1,7,0.98,easy,medium
pattern_recognition,0.73,130,25.9,9,2,7,0.89,hard,medium
memory_match,0.99,200,14.1,6,0,6,1.0,medium,hard
daily_routine_recall,0.69,101,52.2,10,2,8,0.93,medium,medium
object_recognition,0.86,192,28.0,6,2,4,1.0,easy,hard
pattern_recognition,0.6,105,44.1,10,1,9,0.97,easy,medium
object_recognition,0.61,98,51.1,9,1,8,0.88,hard,medium
memory_match,0.7,118,36.1,9,1,8,0.91,hard,medium
pattern_recognition,0.98,200,20.1,4,0,4,1.0,easy,hard
object_recognition,0.99,200,26.7,5,0,5,1.0,medium,hard
object_recognition,0.54,21,83.9,12,4,8,0.81,hard,easy
pattern_recognition,0.73,104,51.2,9,2,7,0.95,medium,medium
memory_match,0.72,106,49.9,9,3,6,0.8,medium,medium
daily_routine_recall,0.69,120,33.9,11,2,9,0.88,medium,medium
memory_match,0.98,197,30.2,4,0,4,1.0,medium,hard
pattern_recognition,0.95,200,26.3,6,1,5,1.0,easy,hard
daily_routine_recall,0.79,121,37.1,6,1,5,0.86,easy,hard
daily_routine_recall,0.5,20,74.0,12,4,8,0.6,hard,easy
daily_routine_recall,0.92,195,29.0,6,0,6,1.0,medium,hard
pattern_recognition,0.42,16,69.1,14,3,11,0.72,medium,easy
daily_routine_recall,0.94,200,19.4,4,0,4,1.0,medium,hard
object_recognition,0.93,200,11.1,7,1,6,1.0,hard,hard
pattern_recognition,0.83,200,10.6,7,0,7,1.0,hard,hard
memory_match,0.6,113,36.6,9,2,7,0.86,hard,medium
daily_routine_recall,0.94,200,25.1,7,0,7,1.0,easy,hard
pattern_recognition,0.92,200,24.0,4,0,4,1.0,hard,hard
daily_routine_recall,0.63,111,39.6,8,1,7,0.91,hard,medium
pattern_recognition,0.83,200,12.5,6,0,6,1.0,hard,hard
object_recognition,0.69,124,29.8,8,1,7,0.83,easy,medium
object_recognition,0.9,200,13.3,5,1,4,1.0,medium,hard
object_recognition,0.81,125,34.4,11,3,8,1.0,hard,medium
object_recognition,0.41,16,50.7,16,5,11,0.58,medium,easy
memory_match,0.68,118,35.2,11,2,9,0.9,easy,medium
memory_match,0.4,16,55.9,15,7,8,0.78,hard,easy
memory_match,0.34,13,98.7,15,7,8,0.48,medium,easy
pattern_recognition,0.9,198,26.9,6,0,6,1.0,easy,hard
object_recognition,0.72,120,35.4,11,2,9,0.89,medium,medium
object_recognition,0.44,17,76.8,15,5,10,0.85,medium,easy
pattern_recognition,0.79,115,43.7,8,2,6,0.89,hard,hard
object_recognition,0.48,19,54.6,13,7,6,0.72,hard,easy
pattern_recognition,0.54,21,53.6,15,5,10,0.67,easy,easy
object_recognition,0.87,200,21.5,5,0,5,1.0,hard,hard
object_recognition,0.5,20,53.1,12,3,9,0.61,easy,easy
pattern_recognition,0.21,10,108.0,13,5,8,0.63,medium,easy
memory_match,0.82,187,28.9,6,0,6,1.0,easy,hard
memory_match,0.34,13,63.6,14,3,11,0.74,easy,easy
memory_match,0.88,200,22.8,5,0,5,1.0,medium,hard
memory_match,0.95,191,32.4,7,0,7,1.0,easy,hard
object_recognition,0.97,198,29.1,4,0,4,1.0,easy,hard
memory_match,0.9,182,34.9,4,0,4,1.0,easy,hard
pattern_recognition,0.89,188,31.2,7,1,6,1.0,hard,hard
daily_routine_recall,0.67,120,32.7,10,1,9,0.99,easy,medium
pattern_recognition,0.6,110,39.3,9,2,7,0.97,medium,medium
pattern_recognition,0.91,200,25.8,7,0,7,1.0,hard,hard
object_recognition,0.78,125,33.4,6,1,5,0.96,easy,hard
object_recognition,0.82,130,31.0,10,3,7,0.95,hard,medium
object_recognition,0.78,111,47.2,10,1,9,0.96,easy,hard
object_recognition,0.51,20,102.5,12,5,7,0.45,easy,easy
pattern_recognition,0.35,14,92.0,17,6,11,0.41,medium,easy
object_recognition,0.86,200,23.7,4,0,4,1.0,hard,hard
pattern_recognition,0.56,22,49.7,15,7,8,0.64,medium,easy
memory_match,0.67,125,27.3,8,2,6,0.85,medium,medium
pattern_recognition,0.71,125,29.4,10,2,8,0.97,easy,medium
memory_match,0.35,14,64.0,16,5,11,0.54,easy,easy
pattern_recognition,0.38,15,59.7,14,3,11,0.84,medium,easy
daily_routine_recall,0.43,17,68.3,9,3,6,0.46,medium,easy
pattern_recognition,0.54,21,77.7,11,4,7,0.77,hard,easy
object_recognition,0.91,200,25.9,5,0,5,1.0,easy,hard
pattern_recognition,0.47,18,98.5,16,6,10,0.81,medium,easy
daily_routine_recall,0.76,121,37.0,7,1,6,0.83,medium,medium
daily_routine_recall,0.74,130,26.6,7,2,5,0.8,medium,medium
object_recognition,0.39,15,48.0,10,3,7,0.61,medium,easy
object_recognition,0.33,13,106.1,16,7,9,0.45,medium,easy
object_recognition,0.87,200,16.8,8,1,7,1.0,easy,hard
pattern_recognition,0.73,103,52.2,10,3,7,0.98,easy,medium
object_recognition,0.34,13,107.7,13,7,6,0.71,medium,easy
pattern_recognition,0.9,200,19.7,7,0,7,1.0,medium,hard
object_recognition,0.94,200,13.5,6,0,6,1.0,hard,hard
daily_routine_recall,0.75,103,54.0,7,2,5,0.94,medium,medium
object_recognition,0.56,22,62.5,14,6,8,0.69,medium,easy
daily_routine_recall,0.58,23,51.8,12,6,6,0.61,easy,easy
object_recognition,0.82,193,25.9,5,1,4,1.0,easy,hard
memory_match,0.22,10,94.9,14,4,10,0.77,hard,easy
memory_match,0.52,20,58.8,14,3,11,0.61,hard,easy
object_recognition,0.98,200,15.4,4,0,4,1.0,easy,hard
pattern_recognition,0.21,10,70.7,13,6,7,0.73,easy,easy
daily_routine_recall,0.99,200,11.3,5,0,5,1.0,easy,hard
object_recognition,0.64,100,51.7,8,1,7,0.93,hard,hard
object_recognition,0.51,20,95.8,16,7,9,0.44,easy,easy
daily_routine_recall,0.75,124,32.3,9,3,6,0.8,hard,hard
object_recognition,0.25,10,71.9,11,3,8,0.58,easy,easy
pattern_recognition,0.4,16,83.7,15,7,8,0.79,easy,easy
daily_routine_recall,0.61,113,36.9,10,2,8,0.85,medium,medium
memory_match,0.65,123,28.9,12,3,9,0.82,medium,medium
pattern_recognition,0.35,14,68.9,18,7,11,0.6,hard,easy
memory_match,0.87,200,18.5,7,1,6,1.0,hard,hard
memory_match,0.68,117,36.2,8,1,7,0.93,medium,medium
object_recognition,0.91,188,32.0,7,0,7,1.0,easy,easy
memory_match,0.8,111,48.5,11,2,9,0.88,medium,hard
daily_routine_recall,0.32,12,49.3,13,3,10,0.51,hard,easy
memory_match,0.38,15,93.6,13,6,7,0.66,easy,easy
object_recognition,0.58,23,60.5,13,6,7,0.69,medium,easy
daily_routine_recall,0.91,193,29.4,5,0,5,1.0,hard,hard
pattern_recognition,0.27,10,54.2,10,4,6,0.75,medium,easy
pattern_recognition,0.73,126,29.4,11,3,8,0.88,hard,medium
daily_routine_recall,0.93,200,16.5,7,0,7,1.0,easy,hard
object_recognition,0.87,192,28.1,6,0,6,1.0,hard,hard
pattern_recognition,0.94,200,11.6,4,0,4,1.0,hard,hard
daily_routine_recall,0.39,15,60.0,10,3,7,0.54,easy,easy
memory_match,0.95,200,18.9,7,2,5,1.0,medium,hard
object_recognition,0.23,10,62.9,15,4,11,0.65,medium,easy
object_recognition,0.36,14,47.9,16,7,9,0.8,medium,easy
object_recognition,0.46,18,53.9,15,5,10,0.64,medium,easy
object_recognition,0.88,197,26.5,7,0,7,1.0,easy,hard
pattern_recognition,0.56,22,109.7,12,5,7,0.64,hard,easy
pattern_recognition,0.84,200,21.5,8,2,6,1.0,medium,hard
pattern_recognition,0.62,107,43.7,11,3,8,0.97,hard,medium
memory_match,0.48,19,68.1,11,3,8,0.58,easy,easy
object_recognition,0.81,106,54.0,7,1,6,0.9,medium,hard
memory_match,0.76,125,32.4,7,2,5,0.83,easy,medium
object_recognition,0.41,16,95.2,12,6,6,0.78,easy,easy
memory_match,0.96,200,19.4,6,0,6,1.0,hard,hard
object_recognition,0.74,125,31.7,7,1,6,0.9,easy,medium
memory_match,0.96,200,16.3,4,0,4,1.0,hard,hard
pattern_recognition,0.9,198,26.6,4,0,4,1.0,hard,hard
object_recognition,0.26,10,109.4,12,4,8,0.62,easy,easy
daily_routine_recall,0.39,15,76.3,14,5,9,0.44,medium,easy
object_recognition,0.61,123,26.7,8,2,6,0.87,medium,medium
memory_match,0.77,125,32.5,9,2,7,0.88,medium,medium
object_recognition,0.97,191,32.6,8,1,7,1.0,hard,hard
memory_match,0.62,110,40.2,6,1,5,0.85,easy,medium
daily_routine_recall,0.81,130,29.4,7,2,5,0.99,hard,hard
daily_routine_recall,0.73,117,38.1,9,2,7,0.87,medium,medium
pattern_recognition,0.78,129,29.3,8,2,6,0.98,medium,hard
pattern_recognition,0.69,105,48.4,8,2,6,0.84,medium,medium
object_recognition,0.73,125,30.6,9,1,8,0.93,medium,medium
object_recognition,0.34,13,64.2,15,5,10,0.61,hard,easy
daily_routine_recall,0.62,101,49.8,9,1,8,0.94,medium,medium
pattern_recognition,0.95,200,26.4,4,0,4,1.0,hard,hard
memory_match,0.7,128,26.4,10,1,9,0.81,hard,medium
pattern_recognition,0.63,103,48.0,6,1,5,0.81,medium,medium
memory_match,0.87,192,28.1,6,0,6,1.0,medium,hard
daily_routine_recall,0.67,118,34.1,8,1,7,0.81,easy,medium
object_recognition,0.27,10,65.2,14,5,9,0.73,medium,easy
object_recognition,0.79,121,37.7,10,1,9,0.94,hard,hard
object_recognition,0.51,20,56.8,16,5,11,0.58,hard,easy
daily_routine_recall,0.84,188,29.1,7,0,7,1.0,hard,hard
memory_match,0.45,18,50.1,11,4,7,0.41,easy,easy
daily_routine_recall,0.85,200,22.9,7,0,7,1.0,easy,hard
object_recognition,0.61,117,33.0,10,2,8,0.93,medium,medium
memory_match,0.25,10,81.4,9,3,6,0.72,medium,easy
pattern_recognition,0.64,97,54.2,8,2,6,0.94,medium,medium
pattern_recognition,0.47,18,75.0,10,3,7,0.73,medium,easy
daily_routine_recall,0.53,21,62.8,11,5,6,0.49,medium,easy
pattern_recognition,0.68,118,35.1,10,3,7,0.82,medium,medium
pattern_recognition,0.77,112,45.1,7,2,5,0.86,hard,medium
memory_match,0.9,200,22.7,7,0,7,1.0,medium,hard
daily_routine_recall,0.68,128,25.8,9,3,6,0.92,easy,medium
memory_match,0.79,131,27.9,11,2,9,0.96,easy,hard
pattern_recognition,0.41,16,107.9,15,5,10,0.63,hard,easy
pattern_recognition,0.94,191,31.6,7,0,7,1.0,medium,hard
object_recognition,0.76,104,53.6,8,1,7,0.97,easy,medium
pattern_recognition,0.83,200,17.7,7,0,7,1.0,hard,hard
memory_match,0.96,200,22.5,5,0,5,1.0,hard,hard
object_recognition,0.74,114,42.2,10,3,7,0.93,hard,medium
pattern_recognition,0.65,122,29.9,9,1,8,0.86,easy,medium
memory_match,0.32,12,67.9,14,3,11,0.55,hard,easy
pattern_recognition,0.76,120,37.1,8,1,7,0.87,medium,medium
memory_match,0.82,200,18.3,6,0,6,1.0,medium,hard
daily_routine_recall,0.61,113,36.2,12,3,9,0.96,hard,medium
memory_match,0.76,129,28.5,11,2,9,0.82,medium,medium
pattern_recognition,0.86,200,16.9,4,0,4,1.0,hard,hard
memory_match,0.2,10,74.3,10,4,6,0.45,hard,easy
pattern_recognition,0.41,16,108.6,13,3,10,0.49,medium,easy
pattern_recognition,0.73,124,31.1,9,2,7,0.92,hard,medium
pattern_recognition,0.71,107,47.2,8,2,6,0.94,hard,medium
object_recognition,0.83,196,24.9,6,0,6,1.0,hard,hard
pattern_recognition,0.56,22,64.3,15,6,9,0.61,hard,easy
pattern_recognition,0.62,109,41.6,9,2,7,0.87,easy,medium
memory_match,0.41,16,74.3,11,3,8,0.52,medium,easy
pattern_recognition,0.92,189,31.7,7,2,5,1.0,medium,hard
object_recognition,0.89,200,25.3,6,0,6,1.0,medium,hard
object_recognition,0.54,21,58.2,13,6,7,0.57,medium,easy
memory_match,0.61,106,43.8,6,1,5,0.91,easy,easy
daily_routine_recall,0.81,128,31.6,8,2,6,0.95,easy,hard
object_recognition,0.84,193,26.6,6,0,6,1.0,hard,hard
memory_match,0.89,200,12.3,7,1,6,1.0,medium,hard
daily_routine_recall,0.51,20,101.0,16,6,10,0.63,hard,easy
object_recognition,0.37,14,109.8,12,6,6,0.65,hard,easy
memory_match,0.93,199,27.5,6,0,6,1.0,hard,hard
daily_routine_recall,0.64,100,51.3,7,2,5,0.84,easy,medium
memory_match,0.3,12,61.1,15,5,10,0.59,medium,easy
pattern_recognition,0.84,197,24.9,5,0,5,1.0,easy,hard
daily_routine_recall,0.99,197,31.0,7,1,6,1.0,hard,hard
pattern_recognition,0.39,15,63.4,12,5,7,0.63,hard,easy
pattern_recognition,0.85,178,34.7,5,0,5,1.0,easy,hard
daily_routine_recall,0.87,183,33.0,4,0,4,1.0,hard,hard
daily_routine_recall,0.87,185,31.6,6,2,4,1.0,medium,hard
memory_match,0.75,108,48.6,11,2,9,0.97,easy,medium
daily_routine_recall,0.44,17,99.2,13,6,7,0.69,hard,easy
pattern_recognition,0.56,22,49.2,15,4,11,0.75,easy,easy
pattern_recognition,0.73,125,31.0,11,2,9,0.89,hard,medium
daily_routine_recall,0.61,118,31.3,8,1,7,0.88,hard,medium
memory_match,0.45,18,61.9,17,7,10,0.43,hard,easy
daily_routine_recall,0.64,107,44.9,12,3,9,0.97,hard,medium
object_recognition,0.89,190,30.1,7,0,7,1.0,medium,hard
memory_match,0.65,111,40.5,11,2,9,0.95,hard,medium
daily_routine_recall,0.82,181,31.8,6,1,5,1.0,easy,hard
object_recognition,0.8,106,53.6,7,1,6,0.87,easy,medium
daily_routine_recall,0.85,200,15.8,4,0,4,1.0,medium,hard
object_recognition,0.88,200,23.8,5,0,5,1.0,medium,hard
memory_match,0.9,192,29.9,8,1,7,1.0,easy,hard
object_recognition,0.53,21,93.6,14,3,11,0.53,easy,easy
pattern_recognition,0.7,117,37.3,10,2,8,0.85,medium,medium
pattern_recognition,0.24,10,55.7,14,7,7,0.64,hard,easy
daily_routine_recall,0.77,124,33.9,7,2,5,0.88,easy,medium
daily_routine_recall,0.48,19,102.3,11,4,7,0.69,medium,easy
pattern_recognition,0.73,127,28.6,8,1,7,0.85,easy,medium
pattern_recognition,0.81,200,19.8,6,0,6,1.0,medium,hard
memory_match,0.48,19,82.2,15,5,10,0.59,easy,easy
pattern_recognition,0.49,19,101.6,12,5,7,0.59,hard,easy
object_recognition,0.49,19,58.2,12,4,8,0.65,easy,easy
memory_match,0.92,200,10.6,9,2,7,1.0,medium,hard
memory_match,0.73,127,28.5,7,1,6,0.9,easy,medium
memory_match,0.63,103,47.9,8,2,6,0.9,easy,medium
daily_routine_recall,0.69,128,25.5,7,2,5,0.93,easy,medium
pattern_recognition,0.88,185,32.1,5,0,5,1.0,hard,hard
memory_match,0.85,200,10.2,8,1,7,1.0,hard,hard
daily_routine_recall,0.49,19,75.2,11,3,8,0.46,hard,easy
pattern_recognition,0.86,200,23.3,6,0,6,1.0,medium,hard
pattern_recognition,0.52,20,102.4,13,5,8,0.43,easy,easy
memory_match,0.88,189,30.1,9,2,7,1.0,hard,hard
object_recognition,0.28,11,47.7,12,6,6,0.73,medium,easy
memory_match,0.97,200,23.6,7,2,5,1.0,easy,hard
daily_routine_recall,0.34,13,97.2,16,6,10,0.65,hard,easy
daily_routine_recall,0.86,200,15.5,7,0,7,1.0,easy,hard
pattern_recognition,0.73,109,46.2,9,1,8,0.94,hard,medium
memory_match,0.74,110,46.3,8,1,7,0.97,easy,medium
pattern_recognition,0.97,200,19.3,5,0,5,1.0,medium,hard
memory_match,0.77,116,41.5,6,1,5,0.92,medium,medium
object_recognition,0.96,198,28.8,6,1,5,1.0,medium,hard
object_recognition,0.49,19,46.0,14,5,9,0.73,easy,easy
memory_match,0.26,10,57.7,17,6,11,0.74,medium,easy
object_recognition,0.8,112,47.8,8,2,6,0.98,hard,hard
object_recognition,0.92,200,25.8,5,0,5,1.0,medium,hard
pattern_recognition,0.36,14,91.3,11,5,6,0.51,medium,easy
pattern_recognition,0.84,200,20.6,9,2,7,1.0,easy,hard
memory_match,0.95,200,23.9,5,0,5,1.0,medium,hard
pattern_recognition,0.35,14,98.4,15,4,11,0.76,easy,easy
object_recognition,0.66,107,45.8,8,1,7,0.93,easy,medium
memory_match,0.86,200,16.7,5,0,5,1.0,medium,hard
pattern_recognition,0.31,12,87.6,14,4,10,0.77,easy,easy
memory_match,0.77,110,47.8,9,1,8,0.95,easy,medium
daily_routine_recall,0.76,128,29.5,10,1,9,0.85,easy,medium
daily_routine_recall,0.21,10,102.1,15,5,10,0.68,hard,easy
memory_match,0.79,110,48.5,9,2,7,0.9,medium,hard
memory_match,0.95,200,20.9,5,0,5,1.0,medium,hard
memory_match,0.79,126,32.5,9,2,7,1.0,medium,hard
memory_match,0.87,191,28.7,6,1,5,1.0,medium,hard
pattern_recognition,0.2,10,75.3,17,7,10,0.46,medium,easy
memory_match,0.8,200,19.0,7,1,6,1.0,easy,hard
memory_match,0.21,10,50.2,15,7,8,0.41,easy,easy
daily_routine_recall,0.21,10,104.6,12,3,9,0.42,medium,easy
memory_match,0.97,200,25.5,7,0,7,1.0,hard,hard
object_recognition,0.69,116,37.1,9,1,8,1.0,easy,medium
daily_routine_recall,0.49,19,73.7,14,4,10,0.58,medium,easy
memory_match,0.85,198,24.9,7,2,5,1.0,hard,hard
pattern_recognition,0.87,198,25.5,4,0,4,1.0,easy,hard
object_recognition,0.82,106,54.4,7,2,5,0.89,easy,hard
daily_routine_recall,0.56,22,77.8,15,5,10,0.7,medium,easy
memory_match,0.46,18,69.3,15,5,10,0.68,medium,easy
daily_routine_recall,0.81,191,26.1,7,2,5,1.0,hard,hard
daily_routine_recall,0.66,123,29.7,10,2,8,0.88,hard,medium
pattern_recognition,0.84,200,11.1,4,0,4,1.0,hard,hard
pattern_recognition,0.52,20,56.0,13,6,7,0.75,easy,easy
memory_match,0.92,198,27.5,6,1,5,1.0,easy,hard
memory_match,0.46,18,104.2,13,6,7,0.58,medium,easy
object_recognition,0.83,197,24.3,7,0,7,1.0,hard,hard
pattern_recognition,0.23,10,93.1,14,6,8,0.42,hard,easy
memory_match,0.81,200,20.6,7,0,7,1.0,easy,hard
memory_match,0.92,200,16.2,6,0,6,1.0,easy,hard
daily_routine_recall,0.84,183,31.6,8,1,7,1.0,medium,hard
memory_match,0.34,13,97.0,11,3,8,0.49,hard,easy
object_recognition,0.84,192,27.3,4,0,4,1.0,easy,hard
object_recognition,0.38,15,100.1,15,6,9,0.43,hard,easy
daily_routine_recall,0.81,110,49.5,12,3,9,0.82,medium,medium
daily_routine_recall,0.68,126,27.1,7,1,6,0.89,medium,medium
memory_match,0.22,10,106.3,16,6,10,0.64,easy,easy
memory_match,0.57,22,55.8,14,6,8,0.55,easy,easy
object_recognition,0.67,121,32.0,9,1,8,0.87,medium,medium
daily_routine_recall,0.75,130,26.9,9,1,8,0.83,easy,medium
daily_routine_recall,0.33,13,101.2,12,4,8,0.65,easy,easy
daily_routine_recall,0.96,200,13.4,7,0,7,1.0,hard,hard
pattern_recognition,0.32,12,65.3,15,6,9,0.62,medium,easy
pattern_recognition,0.62,112,38.8,6,1,5,0.94,medium,medium
daily_routine_recall,0.31,12,68.6,13,7,6,0.66,medium,medium
object_recognition,0.93,195,29.4,7,1,6,1.0,hard,hard
memory_match,0.22,10,53.2,13,7,6,0.74,medium,easy
pattern_recognition,0.56,22,46.0,14,7,7,0.61,easy,easy
pattern_recognition,0.45,18,81.4,14,5,9,0.56,easy,easy
daily_routine_recall,0.97,200,20.2,7,0,7,1.0,hard,hard
memory_match,0.88,200,22.8,6,2,4,1.0,hard,hard
memory_match,0.56,22,56.4,15,5,10,0.66,easy,easy
object_recognition,0.39,15,86.9,15,6,9,0.65,easy,easy
daily_routine_recall,0.34,13,88.0,16,6,10,0.53,easy,easy
memory_match,0.84,200,14.6,6,1,5,1.0,easy,hard
object_recognition,0.43,17,82.5,14,3,11,0.57,medium,easy
object_recognition,0.78,123,36.0,6,1,5,0.95,easy,hard
pattern_recognition,0.73,120,35.1,8,3,5,0.85,medium,medium
pattern_recognition,0.9,200,23.0,7,0,7,1.0,easy,hard
pattern_recognition,0.6,98,51.1,10,2,8,0.88,hard,medium
object_recognition,0.29,11,62.2,13,3,10,0.44,easy,easy
pattern_recognition,0.38,15,104.8,18,7,11,0.67,medium,easy
pattern_recognition,0.98,198,29.6,4,0,4,1.0,hard,hard
object_recognition,0.7,107,47.8,7,1,6,0.95,hard,medium
object_recognition,0.9,196,27.6,7,2,5,1.0,medium,hard
object_recognition,0.35,14,98.8,15,7,8,0.41,medium,hard
pattern_recognition,0.64,116,35.2,10,2,8,0.93,easy,medium
object_recognition,0.7,106,48.2,9,1,8,0.86,hard,medium
pattern_recognition,0.52,20,105.3,12,3,9,0.41,easy,easy
pattern_recognition,0.89,200,15.9,4,0,4,1.0,medium,hard
memory_match,0.95,190,32.9,6,0,6,1.0,easy,hard
object_recognition,0.27,10,69.7,15,4,11,0.42,medium,easy
daily_routine_recall,0.91,199,26.3,5,0,5,1.0,hard,hard
memory_match,0.94,200,24.1,7,2,5,1.0,hard,hard
pattern_recognition,0.34,13,65.7,15,7,8,0.64,hard,easy
object_recognition,0.77,126,32.0,6,1,5,0.87,hard,medium
memory_match,0.31,12,47.7,14,6,8,0.68,easy,easy
pattern_recognition,0.94,200,17.9,7,1,6,1.0,easy,hard
daily_routine_recall,0.43,17,77.9,10,4,6,0.53,hard,easy
daily_routine_recall,0.57,22,45.7,9,3,6,0.56,hard,medium
daily_routine_recall,0.37,14,96.6,14,6,8,0.46,easy,easy
pattern_recognition,0.86,185,31.2,7,0,7,1.0,easy,hard
memory_match,0.97,190,33.4,7,0,7,1.0,medium,hard
object_recognition,0.37,14,57.9,11,5,6,0.51,hard,easy
daily_routine_recall,0.47,18,62.7,13,7,6,0.81,easy,easy
object_recognition,0.64,126,25.2,6,1,5,0.95,hard,medium
pattern_recognition,0.95,200,24.4,6,2,4,1.0,hard,hard
daily_routine_recall,0.82,178,33.5,7,1,6,1.0,easy,hard
pattern_recognition,0.65,107,44.9,8,2,6,0.97,medium,medium
daily_routine_recall,0.34,13,94.2,12,6,6,0.6,easy,easy
object_recognition,0.48,19,106.1,13,7,6,0.79,hard,easy
daily_routine_recall,0.51,20,56.3,13,7,6,0.45,hard,easy
memory_match,0.46,18,106.7,17,6,11,0.68,medium,easy
memory_match,0.73,119,36.7,8,1,7,0.87,easy,medium
pattern_recognition,0.48,19,87.8,14,4,10,0.77,hard,easy
daily_routine_recall,0.42,16,87.7,12,5,7,0.65,medium,easy
pattern_recognition,0.56,22,50.4,15,5,10,0.75,hard,easy
memory_match,0.24,10,49.9,15,7,8,0.84,hard,easy
object_recognition,0.65,125,27.0,7,2,5,0.94,hard,medium
object_recognition,0.74,106,50.9,7,1,6,0.96,medium,medium
object_recognition,0.76,116,41.8,9,1,8,1.0,easy,medium
pattern_recognition,0.66,98,54.1,8,2,6,0.81,easy,medium
memory_match,0.22,10,90.0,13,7,6,0.51,medium,easy
memory_match,0.73,120,35.8,8,3,5,0.82,easy,medium
object_recognition,0.98,198,29.8,4,0,4,1.0,easy,hard
memory_match,0.87,200,15.2,4,0,4,1.0,medium,hard
object_recognition,0.34,13,104.3,16,5,11,0.48,hard,easy
pattern_recognition,0.63,108,42.3,11,2,9,0.89,hard,medium
memory_match,0.32,12,105.6,18,7,11,0.43,medium,easy
object_recognition,0.88,200,25.0,7,2,5,1.0,hard,hard
daily_routine_recall,0.69,124,29.8,8,2,6,0.87,hard,medium
memory_match,0.8,109,50.3,9,1,8,0.82,easy,medium
object_recognition,0.43,17,106.0,14,6,8,0.43,easy,easy
object_recognition,0.68,112,41.5,10,2,8,0.96,easy,medium
object_recognition,0.43,17,69.3,12,5,7,0.45,easy,easy
daily_routine_recall,0.68,116,37.4,11,2,9,0.81,easy,medium
daily_routine_recall,0.69,123,30.5,9,1,8,0.98,medium,medium
daily_routine_recall,0.83,200,15.5,5,0,5,1.0,easy,hard
pattern_recognition,0.72,124,31.9,9,2,7,0.85,medium,medium
object_recognition,0.67,102,50.1,9,1,8,0.98,easy,medium
daily_routine_recall,0.74,113,43.9,8,2,6,0.86,easy,medium
pattern_recognition,0.81,185,29.5,5,0,5,1.0,hard,hard
daily_routine_recall,0.78,129,29.4,9,3,6,0.85,hard,medium
pattern_recognition,0.24,10,94.9,11,4,7,0.51,hard,easy
object_recognition,0.91,200,16.9,7,2,5,1.0,hard,hard
object_recognition,0.32,12,47.6,12,5,7,0.4,hard,easy
memory_match,1.0,191,34.1,4,0,4,1.0,medium,hard
pattern_recognition,0.65,101,50.7,10,3,7,0.99,easy,medium
pattern_recognition,0.35,14,95.9,15,5,10,0.85,easy,easy
object_recognition,0.81,193,25.1,4,0,4,1.0,easy,hard
pattern_recognition,0.69,119,34.1,7,1,6,0.92,hard,medium
memory_match,0.65,117,34.2,7,2,5,0.83,easy,medium
daily_routine_recall,0.83,200,20.5,6,1,5,1.0,medium,hard
memory_match,0.94,200,27.3,6,0,6,1.0,hard,hard
object_recognition,0.6,105,44.9,8,2,6,0.82,easy,medium
memory_match,0.85,186,30.8,8,2,6,1.0,easy,hard
daily_routine_recall,0.63,119,31.9,11,3,8,0.81,hard,medium
daily_routine_recall,0.99,200,15.3,6,0,6,1.0,medium,hard
object_recognition,0.35,14,46.9,15,4,11,0.75,easy,easy
pattern_recognition,0.86,200,16.2,7,0,7,1.0,hard,hard
object_recognition,0.69,99,54.2,9,2,7,0.91,easy,medium
daily_routine_recall,0.42,16,93.8,15,6,9,0.58,hard,easy
object_recognition,0.64,120,31.7,9,1,8,0.96,medium,medium
daily_routine_recall,0.8,132,27.9,11,2,9,0.93,medium,hard
memory_match,0.31,12,63.2,14,4,10,0.79,easy,easy
object_recognition,0.77,111,46.8,10,2,8,0.83,medium,medium
memory_match,0.73,106,49.2,10,2,8,0.91,easy,medium
object_recognition,0.76,122,35.4,8,2,6,0.81,hard,medium
daily_routine_recall,0.81,200,19.8,4,0,4,1.0,easy,hard
memory_match,0.85,179,34.4,7,0,7,1.0,medium,hard
pattern_recognition,0.98,200,17.4,6,0,6,1.0,hard,easy
pattern_recognition,0.45,18,101.9,12,3,9,0.7,easy,easy
daily_routine_recall,0.51,20,70.8,17,6,11,0.64,hard,easy
object_recognition,0.62,125,26.0,12,3,9,1.0,hard,medium
memory_match,0.26,10,109.2,12,5,7,0.76,hard,easy
object_recognition,0.75,114,42.3,10,3,7,1.0,hard,medium
object_recognition,0.95,200,20.9,5,0,5,1.0,hard,hard
pattern_recognition,0.87,200,24.1,6,1,5,1.0,medium,hard
memory_match,0.21,10,72.9,11,3,8,0.65,medium,easy
pattern_recognition,0.5,20,46.1,13,4,9,0.42,hard,easy
pattern_recognition,0.54,21,109.5,12,3,9,0.75,hard,easy
object_recognition,0.5,20,84.2,15,6,9,0.43,hard,easy
memory_match,0.31,12,51.1,15,5,10,0.46,medium,easy
memory_match,0.63,99,51.7,8,3,5,0.94,easy,medium
daily_routine_recall,0.92,200,20.7,4,0,4,1.0,hard,hard
object_recognition,0.6,111,38.9,8,3,5,0.93,medium,medium
pattern_recognition,0.76,126,31.6,10,1,9,0.92,medium,medium
object_recognition,0.52,20,47.9,10,3,7,0.48,hard,hard
daily_routine_recall,0.92,200,20.3,5,0,5,1.0,hard,hard
daily_routine_recall,0.8,200,12.0,7,0,7,1.0,medium,hard
memory_match,0.71,106,48.3,10,2,8,0.83,medium,medium
daily_routine_recall,0.86,194,26.6,6,2,4,1.0,medium,hard
daily_routine_recall,0.51,20,83.5,16,6,10,0.41,easy,easy
pattern_recognition,0.87,200,23.7,8,1,7,1.0,easy,hard
daily_routine_recall,0.33,13,104.6,17,6,11,0.46,hard,easy
object_recognition,0.76,124,33.8,11,2,9,0.98,medium,medium
object_recognition,0.96,200,26.9,5,0,5,1.0,medium,hard
pattern_recognition,0.92,200,16.3,8,1,7,1.0,medium,hard
object_recognition,0.65,107,44.9,10,2,8,0.86,hard,medium
pattern_recognition,0.93,200,23.9,7,0,7,1.0,hard,hard
memory_match,0.51,20,105.1,13,6,7,0.54,medium,easy
pattern_recognition,0.8,115,44.3,8,1,7,0.8,hard,hard
pattern_recognition,0.47,18,68.2,16,5,11,0.41,medium,easy
daily_routine_recall,0.72,105,50.5,10,3,7,0.98,medium,medium
daily_routine_recall,0.41,16,97.8,14,4,10,0.84,medium,easy
memory_match,0.29,11,70.3,12,3,9,0.46,medium,easy
object_recognition,0.62,101,49.9,10,3,7,0.91,hard,medium
pattern_recognition,0.53,21,109.7,11,5,6,0.54,easy,easy
object_recognition,0.7,120,34.5,10,2,8,0.94,easy,medium
pattern_recognition,0.67,124,29.0,9,2,7,0.93,easy,medium
pattern_recognition,0.82,196,24.3,6,0,6,1.0,medium,hard
object_recognition,0.53,21,77.5,15,5,10,0.75,medium,easy
pattern_recognition,0.46,18,94.9,15,6,9,0.62,hard,easy
memory_match,0.96,200,15.8,7,0,7,1.0,easy,hard
object_recognition,0.81,131,28.2,9,2,7,0.86,medium,hard
object_recognition,0.49,19,87.4,14,5,9,0.61,easy,easy
daily_routine_recall,0.61,123,26.4,8,1,7,0.81,easy,medium
pattern_recognition,0.9,197,27.2,5,0,5,1.0,easy,hard
pattern_recognition,0.93,200,13.8,9,2,7,1.0,easy,hard
daily_routine_recall,0.42,16,92.5,15,5,10,0.85,easy,easy
daily_routine_recall,0.47,18,95.1,14,6,8,0.82,easy,easy
daily_routine_recall,0.72,109,47.0,12,3,9,0.95,medium,medium
daily_routine_recall,0.94,200,18.3,6,0,6,1.0,medium,hard
daily_routine_recall,0.8,114,45.3,9,1,8,0.99,medium,hard
pattern_recognition,0.3,12,52.8,14,6,8,0.84,medium,easy
pattern_recognition,0.88,200,11.6,7,0,7,1.0,easy,hard
pattern_recognition,0.64,125,26.8,9,2,7,0.89,easy,medium
memory_match,0.87,200,20.0,7,0,7,1.0,medium,hard
memory_match,0.57,22,45.0,15,5,10,0.6,hard,easy
memory_match,0.93,200,11.5,6,1,5,1.0,easy,hard
object_recognition,0.48,19,53.8,9,3,6,0.48,medium,easy
object_recognition,0.3,12,79.1,15,4,11,0.79,hard,easy
memory_match,0.67,123,29.9,10,2,8,0.95,medium,medium
daily_routine_recall,0.84,200,11.5,5,0,5,1.0,hard,hard
object_recognition,0.87,200,12.5,7,0,7,1.0,easy,hard
memory_match,0.51,20,80.1,13,5,8,0.65,medium,easy
object_recognition,0.98,200,19.9,7,0,7,1.0,easy,hard
daily_routine_recall,0.41,16,101.5,16,6,10,0.44,hard,easy
object_recognition,0.56,22,94.1,12,3,9,0.49,medium,medium
pattern_recognition,0.67,104,48.7,11,3,8,0.96,hard,medium
memory_match,0.86,181,33.5,5,0,5,1.0,easy,hard
memory_match,1.0,200,18.1,7,0,7,1.0,hard,hard
memory_match,0.22,10,71.4,14,7,7,0.66,hard,easy
memory_match,0.99,200,26.8,4,0,4,1.0,medium,hard
daily_routine_recall,0.77,114,43.5,10,1,9,0.8,medium,medium
pattern_recognition,0.65,110,42.0,7,1,6,0.93,easy,medium
daily_routine_recall,0.88,200,11.4,6,0,6,1.0,medium,hard
memory_match,0.37,14,93.9,10,4,6,0.78,easy,easy
pattern_recognition,0.64,113,38.2,9,1,8,0.87,medium,medium
daily_routine_recall,0.5,20,81.1,17,6,11,0.61,hard,easy
daily_routine_recall,0.37,14,45.9,16,5,11,0.47,easy,easy
object_recognition,0.69,128,25.4,8,2,6,0.84,medium,medium
object_recognition,0.81,193,25.1,8,1,7,1.0,medium,hard
pattern_recognition,0.52,20,80.3,14,4,10,0.41,easy,easy
memory_match,0.25,10,93.2,15,7,8,0.42,easy,easy
object_recognition,0.88,200,22.8,7,0,7,1.0,hard,hard
object_recognition,0.85,200,14.9,6,0,6,1.0,medium,hard
pattern_recognition,0.61,122,27.1,11,2,9,1.0,medium,medium
object_recognition,0.28,11,61.8,13,7,6,0.81,medium,easy
daily_routine_recall,0.96,194,30.6,6,2,4,1.0,easy,hard
pattern_recognition,0.74,130,26.4,8,3,5,0.82,hard,medium
memory_match,0.83,200,13.2,7,0,7,1.0,medium,hard
object_recognition,0.94,200,14.2,5,0,5,1.0,medium,hard
object_recognition,0.94,187,33.7,4,0,4,1.0,easy,hard
memory_match,0.82,200,17.1,6,0,6,1.0,easy,hard
object_recognition,0.45,18,86.7,11,5,6,0.59,medium,easy
object_recognition,0.21,10,66.8,10,3,7,0.42,medium,easy
daily_routine_recall,0.99,200,23.7,8,2,6,1.0,easy,hard
object_recognition,0.35,14,60.4,12,3,9,0.48,medium,easy
object_recognition,0.78,113,45.3,8,2,6,0.87,hard,hard
object_recognition,0.77,119,38.1,9,2,7,0.97,medium,medium
object_recognition,0.86,193,27.2,6,2,4,1.0,hard,medium
object_recognition,0.84,200,20.0,6,0,6,1.0,easy,hard
memory_match,0.92,200,10.4,7,0,7,1.0,hard,hard
pattern_recognition,0.95,200,20.5,6,0,6,1.0,hard,hard
daily_routine_recall,0.4,16,49.4,13,3,10,0.71,medium,easy
object_recognition,0.83,200,20.4,4,0,4,1.0,medium,hard
object_recognition,0.92,200,24.2,7,0,7,1.0,hard,hard
object_recognition,0.46,18,70.7,17,6,11,0.8,easy,easy
pattern_recognition,0.8,105,54.7,8,1,7,0.93,easy,hard
daily_routine_recall,0.9,200,20.5,6,0,6,1.0,hard,hard
memory_match,0.33,13,60.8,13,7,6,0.49,easy,easy
object_recognition,0.67,121,31.7,8,1,7,0.87,easy,medium
pattern_recognition,0.77,116,41.9,6,1,5,0.95,easy,medium
pattern_recognition,0.69,123,30.9,11,2,9,0.9,hard,medium
object_recognition,0.83,200,16.5,4,0,4,1.0,easy,hard
memory_match,0.75,126,30.5,6,1,5,0.9,medium,medium
pattern_recognition,0.31,12,92.7,15,7,8,0.66,medium,easy
memory_match,0.81,129,30.2,9,2,7,0.93,hard,hard
object_recognition,0.41,16,71.5,15,7,8,0.8,hard,easy
pattern_recognition,0.27,10,46.5,17,6,11,0.66,hard,easy
daily_routine_recall,0.8,117,42.9,10,3,7,0.92,hard,medium
pattern_recognition,0.67,120,32.7,6,1,5,0.85,medium,medium
daily_routine_recall,0.28,11,61.0,10,4,6,0.65,medium,easy
daily_routine_recall,0.92,200,20.7,7,0,7,1.0,hard,hard
pattern_recognition,0.27,10,92.0,15,4,11,0.72,easy,easy
daily_routine_recall,0.73,130,25.4,9,1,8,0.93,hard,medium
pattern_recognition,0.93,194,30.0,9,2,7,1.0,hard,hard
pattern_recognition,0.87,200,23.9,5,1,4,1.0,hard,hard
daily_routine_recall,0.41,16,88.1,14,4,10,0.82,hard,easy
object_recognition,1.0,200,28.0,7,0,7,1.0,hard,hard
object_recognition,0.93,200,18.0,5,0,5,1.0,hard,hard
daily_routine_recall,0.3,12,59.3,14,7,7,0.79,medium,easy
memory_match,0.39,15,88.9,13,4,9,0.74,medium,easy
memory_match,0.77,123,34.4,11,2,9,0.99,easy,medium
pattern_recognition,0.86,189,29.5,5,1,4,1.0,medium,hard
memory_match,0.63,116,34.9,10,1,9,0.93,hard,medium
memory_match,0.76,115,42.3,8,1,7,0.86,medium,medium
pattern_recognition,0.89,198,26.1,7,1,6,1.0,hard,hard
pattern_recognition,0.88,200,10.2,5,0,5,1.0,hard,hard
memory_match,0.77,105,52.3,6,1,5,0.86,medium,medium
daily_routine_recall,0.49,19,54.3,16,5,11,0.69,hard,medium
pattern_recognition,0.61,101,48.6,10,3,7,0.85,hard,medium
daily_routine_recall,0.86,187,30.2,7,1,6,1.0,hard,hard
pattern_recognition,0.55,22,101.6,11,4,7,0.52,hard,easy
pattern_recognition,0.55,22,51.3,18,7,11,0.55,hard,easy
pattern_recognition,0.9,199,26.1,6,0,6,1.0,hard,hard
memory_match,0.67,126,26.9,10,1,9,0.83,medium,medium
pattern_recognition,0.99,200,18.2,5,0,5,1.0,easy,hard
memory_match,0.81,108,51.1,8,1,7,0.96,medium,hard
pattern_recognition,0.57,22,83.9,14,6,8,0.79,easy,easy
memory_match,0.83,200,11.3,7,1,6,1.0,hard,hard
daily_routine_recall,0.84,200,12.2,6,0,6,1.0,medium,hard
memory_match,0.78,117,41.5,9,1,8,0.92,hard,hard
pattern_recognition,0.32,12,76.0,15,7,8,0.72,hard,easy
pattern_recognition,0.82,183,31.0,4,0,4,1.0,medium,hard
memory_match,0.55,22,54.2,15,6,9,0.45,medium,easy
daily_routine_recall,0.69,102,51.6,8,1,7,0.94,medium,medium
object_recognition,0.93,200,16.8,6,0,6,1.0,hard,hard
daily_routine_recall,0.53,21,53.6,18,7,11,0.81,medium,easy
pattern_recognition,0.84,200,11.4,5,0,5,1.0,easy,hard
object_recognition,0.68,113,40.6,11,2,9,0.81,easy,medium
daily_routine_recall,0.82,200,20.4,6,0,6,1.0,easy,hard
daily_routine_recall,0.85,200,11.8,7,0,7,1.0,hard,hard
memory_match,0.91,200,21.7,5,0,5,1.0,medium,hard
memory_match,0.27,10,98.3,10,4,6,0.46,easy,easy
memory_match,0.31,12,48.0,16,6,10,0.7,hard,easy
pattern_recognition,0.76,123,34.3,12,3,9,0.98,hard,medium
pattern_recognition,0.87,200,11.4,4,0,4,1.0,hard,hard
object_recognition,0.53,21,51.9,14,5,9,0.63,hard,easy
pattern_recognition,0.66,103,49.7,9,2,7,0.81,easy,medium
memory_match,0.48,19,105.4,9,3,6,0.45,easy,easy
daily_routine_recall,0.39,15,67.7,13,5,8,0.68,hard,easy
pattern_recognition,0.76,129,28.3,7,1,6,0.81,medium,medium
object_recognition,0.64,125,26.2,7,1,6,0.89,medium,hard
memory_match,0.48,19,89.6,14,7,7,0.79,hard,easy
memory_match,0.95,200,26.8,5,0,5,1.0,hard,hard
memory_match,0.89,181,34.7,5,0,5,1.0,medium,hard
daily_routine_recall,0.41,16,63.2,10,4,6,0.8,hard,easy
object_recognition,0.69,103,50.9,7,1,6,0.87,medium,medium
memory_match,0.2,10,71.2,13,5,8,0.41,medium,easy
pattern_recognition,0.8,132,27.1,8,3,5,0.83,hard,medium
daily_routine_recall,0.4,16,57.0,12,3,9,0.59,hard,easy
daily_routine_recall,0.88,186,31.9,6,2,4,1.0,easy,hard
pattern_recognition,0.48,19,79.9,14,3,11,0.43,easy,hard
object_recognition,0.86,200,17.5,4,0,4,1.0,hard,hard
daily_routine_recall,0.97,191,32.9,7,1,6,1.0,easy,hard
daily_routine_recall,0.63,123,27.1,12,3,9,0.81,easy,medium
pattern_recognition,0.53,21,52.7,11,3,8,0.61,easy,easy
daily_routine_recall,0.48,19,54.0,15,5,10,0.62,easy,easy
memory_match,0.65,123,28.5,10,3,7,0.8,hard,medium
memory_match,0.96,187,34.5,7,0,7,1.0,medium,hard
memory_match,0.86,200,19.4,5,0,5,1.0,easy,hard
daily_routine_recall,0.37,14,83.5,11,4,7,0.49,medium,easy
pattern_recognition,0.7,105,49.9,7,2,5,0.93,easy,medium
pattern_recognition,0.63,109,41.4,7,1,6,0.84,medium,medium
daily_routine_recall,0.84,179,33.8,6,0,6,1.0,hard,hard
daily_routine_recall,0.81,124,35.6,10,1,9,0.97,medium,hard
daily_routine_recall,0.24,10,90.9,11,4,7,0.45,easy,easy
object_recognition,0.82,124,36.4,8,2,6,0.95,medium,hard
daily_routine_recall,0.74,113,44.0,7,2,5,0.98,medium,medium
daily_routine_recall,0.98,200,25.6,7,1,6,1.0,medium,hard
memory_match,0.51,20,81.5,17,6,11,0.56,medium,easy
pattern_recognition,0.83,196,24.9,6,1,5,1.0,medium,hard
memory_match,0.29,11,72.7,12,5,7,0.65,hard,easy
memory_match,0.99,200,24.7,5,0,5,1.0,hard,hard
pattern_recognition,0.96,200,15.1,5,0,5,1.0,easy,hard
object_recognition,0.38,15,69.6,14,4,10,0.55,hard,easy
pattern_recognition,0.94,200,10.6,4,0,4,1.0,hard,hard
pattern_recognition,0.97,200,28.1,4,0,4,1.0,medium,hard
object_recognition,0.88,200,12.0,7,0,7,1.0,medium,easy
pattern_recognition,0.41,16,60.1,10,3,7,0.58,hard,easy
pattern_recognition,0.85,187,30.3,4,0,4,1.0,hard,hard
pattern_recognition,0.83,177,34.1,6,0,6,1.0,hard,hard
daily_routine_recall,0.29,11,73.8,14,7,7,0.64,easy,easy
pattern_recognition,0.64,122,30.0,9,3,6,0.84,easy,medium
memory_match,0.54,21,52.5,13,6,7,0.63,hard,easy
daily_routine_recall,0.73,113,42.4,10,1,9,0.85,medium,medium
memory_match,0.89,200,15.7,8,1,7,1.0,easy,hard
daily_routine_recall,0.71,109,45.7,6,1,5,0.89,hard,medium
pattern_recognition,0.9,200,18.8,6,2,4,1.0,medium,hard
memory_match,0.67,115,37.9,8,1,7,0.89,hard,medium
pattern_recognition,0.79,123,35.9,11,2,9,0.92,hard,hard
daily_routine_recall,0.67,111,41.3,6,1,5,0.81,medium,medium
memory_match,0.35,14,88.8,14,4,10,0.61,hard,easy
pattern_recognition,0.92,200,22.0,5,0,5,1.0,easy,hard
pattern_recognition,0.41,16,58.3,10,3,7,0.41,easy,easy
memory_match,0.34,13,51.9,16,6,10,0.58,hard,easy
daily_routine_recall,0.43,17,97.4,12,3,9,0.83,hard,easy
object_recognition,0.4,16,85.2,13,4,9,0.46,medium,easy
object_recognition,0.28,11,45.1,11,4,7,0.84,easy,easy
pattern_recognition,0.85,194,26.6,8,1,7,1.0,easy,hard
pattern_recognition,0.48,19,100.7,14,5,9,0.72,easy,easy
pattern_recognition,0.79,121,37.5,9,1,8,0.93,hard,hard
memory_match,0.81,179,32.4,7,0,7,1.0,hard,hard
daily_routine_recall,0.52,20,84.9,15,7,8,0.49,easy,easy
object_recognition,0.41,16,83.0,14,6,8,0.78,medium,easy
object_recognition,0.23,10,68.1,15,7,8,0.52,hard,easy
pattern_recognition,0.97,200,28.5,5,1,4,1.0,hard,hard
pattern_recognition,0.93,200,14.9,4,0,4,1.0,hard,hard
object_recognition,0.95,194,30.9,6,1,5,1.0,hard,hard
object_recognition,0.45,18,73.3,13,4,9,0.49,medium,easy
pattern_recognition,0.82,198,23.3,5,1,4,1.0,hard,hard
pattern_recognition,0.25,10,64.7,11,5,6,0.65,hard,easy
memory_match,0.92,200,14.2,5,0,5,1.0,hard,hard
memory_match,0.98,200,24.6,7,0,7,1.0,medium,hard
memory_match,0.95,200,24.8,6,0,6,1.0,hard,hard
object_recognition,0.39,15,46.6,12,6,6,0.58,medium,easy
object_recognition,0.66,123,29.1,11,2,9,0.96,easy,medium
object_recognition,0.84,200,12.1,5,0,5,1.0,medium,hard
memory_match,0.53,21,93.7,16,7,9,0.56,medium,easy
pattern_recognition,0.81,107,52.7,7,2,5,0.94,easy,hard
object_recognition,0.52,20,101.1,13,6,7,0.81,medium,hard
memory_match,0.8,196,23.8,8,1,7,1.0,hard,hard
memory_match,0.86,194,26.8,5,0,5,1.0,medium,hard
daily_routine_recall,0.74,124,32.1,9,2,7,0.96,medium,medium
object_recognition,0.95,200,21.4,6,1,5,1.0,hard,hard
object_recognition,0.64,111,40.1,8,2,6,0.92,hard,medium
object_recognition,0.63,124,26.1,10,1,9,0.94,easy,medium
object_recognition,0.72,102,53.3,6,1,5,0.88,easy,medium
object_recognition,0.74,106,50.8,7,1,6,0.87,medium,medium
object_recognition,0.32,12,51.9,16,6,10,0.44,hard,easy
memory_match,0.49,19,107.8,11,4,7,0.79,hard,easy
pattern_recognition,0.43,17,90.6,13,6,7,0.68,easy,easy
daily_routine_recall,0.89,200,22.1,6,1,5,1.0,hard,hard
memory_match,0.64,124,27.9,7,2,5,0.9,easy,medium
memory_match,0.55,22,84.7,15,7,8,0.55,easy,easy
object_recognition,0.52,20,81.3,13,4,9,0.81,easy,easy
daily_routine_recall,0.95,200,23.3,8,1,7,1.0,easy,medium
object_recognition,0.82,190,27.1,9,2,7,1.0,hard,hard
memory_match,0.87,200,10.9,5,1,4,1.0,easy,hard
memory_match,0.88,186,32.0,5,0,5,1.0,easy,hard
daily_routine_recall,0.47,18,62.7,11,4,7,0.61,easy,easy
pattern_recognition,0.45,18,71.2,14,5,9,0.74,hard,easy
daily_routine_recall,0.89,200,15.6,4,0,4,1.0,easy,easy
memory_match,0.82,122,38.5,6,1,5,1.0,medium,hard
object_recognition,0.84,200,13.3,4,0,4,1.0,medium,hard
memory_match,1.0,198,31.0,6,1,5,1.0,hard,hard
memory_match,0.61,111,38.4,8,3,5,0.82,hard,medium
daily_routine_recall,0.72,103,52.4,8,1,7,0.83,medium,medium
pattern_recognition,0.81,112,47.5,9,3,6,0.87,medium,medium
daily_routine_recall,0.81,126,33.3,6,1,5,0.95,easy,hard
memory_match,0.8,128,31.1,11,2,9,0.88,hard,hard
memory_match,0.65,120,31.1,9,3,6,0.81,hard,medium
daily_routine_recall,0.67,115,37.2,10,1,9,0.89,hard,medium
object_recognition,0.79,128,30.4,8,3,5,0.87,easy,medium
object_recognition,0.77,121,36.8,11,2,9,0.85,hard,medium
memory_match,0.31,12,105.1,16,6,10,0.53,medium,easy
object_recognition,0.34,13,88.1,11,3,8,0.43,hard,easy
pattern_recognition,0.73,104,51.5,6,1,5,0.87,medium,medium
memory_match,0.78,131,27.3,9,1,8,0.9,hard,hard
memory_match,0.8,189,27.3,6,0,6,1.0,medium,hard
daily_routine_recall,0.9,194,28.8,6,0,6,1.0,easy,hard
object_recognition,0.71,102,52.3,7,2,5,0.96,medium,medium
daily_routine_recall,0.97,200,21.4,7,0,7,1.0,easy,hard
pattern_recognition,0.9,194,28.9,5,0,5,1.0,medium,hard
pattern_recognition,0.53,21,76.2,12,3,9,0.65,medium,easy
pattern_recognition,0.69,102,51.3,10,1,9,0.81,hard,medium
memory_match,0.51,20,65.2,13,7,6,0.61,easy,easy
object_recognition,0.53,21,64.8,15,4,11,0.46,hard,easy
memory_match,0.67,104,48.4,7,2,5,0.83,medium,medium
object_recognition,0.67,99,53.2,7,1,6,0.89,hard,medium
daily_routine_recall,0.33,13,48.4,11,4,7,0.51,medium,easy
pattern_recognition,0.87,193,27.6,4,0,4,1.0,easy,hard
object_recognition,0.47,18,63.3,18,7,11,0.42,hard,easy
object_recognition,0.21,10,95.3,14,3,11,0.61,hard,easy
memory_match,0.92,200,20.7,7,0,7,1.0,hard,hard
memory_match,0.91,200,12.8,5,0,5,1.0,easy,hard
memory_match,0.7,113,41.1,8,2,6,0.9,medium,medium
daily_routine_recall,0.98,198,29.6,7,0,7,1.0,easy,hard
daily_routine_recall,0.99,190,34.1,7,0,7,1.0,medium,hard
pattern_recognition,0.72,104,51.7,10,1,9,0.92,medium,medium
daily_routine_recall,0.66,119,33.4,7,2,5,0.92,medium,medium
pattern_recognition,0.51,20,70.5,11,5,6,0.6,hard,easy
pattern_recognition,0.9,200,16.5,4,0,4,1.0,easy,hard
pattern_recognition,0.79,119,39.2,9,2,7,0.85,hard,hard
pattern_recognition,0.87,189,29.9,6,0,6,1.0,easy,hard
memory_match,0.81,132,27.7,7,1,6,0.99,easy,hard
daily_routine_recall,0.77,132,25.7,10,2,8,0.95,medium,medium
memory_match,0.28,11,101.4,11,5,6,0.8,medium,easy
memory_match,0.62,124,26.7,9,1,8,0.97,easy,medium
memory_match,0.81,200,16.8,4,0,4,1.0,medium,hard
daily_routine_recall,0.9,182,34.8,4,0,4,1.0,medium,hard
daily_routine_recall,0.52,20,98.1,9,3,6,0.56,medium,easy
daily_routine_recall,0.89,192,29.5,4,0,4,1.0,hard,hard
pattern_recognition,0.71,106,48.9,9,1,8,0.85,medium,medium
object_recognition,0.65,111,40.1,8,1,7,0.84,hard,medium
object_recognition,0.64,111,40.4,10,3,7,0.94,hard,medium
pattern_recognition,0.93,190,31.8,7,0,7,1.0,easy,hard
daily_routine_recall,0.92,197,28.0,5,0,5,1.0,medium,hard
object_recognition,0.25,10,62.1,11,3,8,0.72,easy,easy
pattern_recognition,0.63,108,43.0,10,2,8,0.94,medium,medium
daily_routine_recall,0.97,200,18.1,6,1,5,1.0,hard,hard
object_recognition,0.91,197,27.2,7,0,7,1.0,medium,hard
object_recognition,0.29,11,51.9,9,3,6,0.74,medium,easy
memory_match,0.81,176,33.7,6,1,5,1.0,easy,hard
daily_routine_recall,0.86,179,34.4,5,0,5,1.0,hard,hard
pattern_recognition,0.71,110,44.2,7,2,5,0.94,easy,medium
memory_match,0.92,200,12.2,5,0,5,1.0,medium,hard
object_recognition,0.39,15,109.1,16,5,11,0.58,hard,easy
pattern_recognition,0.94,194,30.4,7,0,7,1.0,easy,hard
object_recognition,0.28,11,53.7,12,4,8,0.43,medium,easy
daily_routine_recall,0.84,200,18.7,7,0,7,1.0,medium,hard
pattern_recognition,0.53,21,50.8,12,3,9,0.5,easy,easy
daily_routine_recall,0.69,107,46.1,8,1,7,0.83,medium,medium
daily_routine_recall,0.79,107,51.1,10,2,8,0.85,hard,medium
pattern_recognition,0.81,200,17.9,7,0,7,1.0,hard,hard
object_recognition,0.89,200,12.3,5,1,4,1.0,hard,hard
daily_routine_recall,0.68,108,45.6,8,1,7,0.93,medium,medium
memory_match,0.82,112,48.3,9,1,8,0.94,medium,hard
daily_routine_recall,0.77,123,34.1,10,3,7,0.96,easy,hard
pattern_recognition,0.82,108,52.3,12,3,9,0.85,medium,medium
memory_match,0.75,113,43.3,8,3,5,0.88,hard,medium
object_recognition,0.36,14,82.0,13,5,8,0.52,medium,easy
daily_routine_recall,0.4,16,91.9,14,7,7,0.68,hard,easy
daily_routine_recall,0.71,128,26.5,10,1,9,0.86,easy,medium
object_recognition,0.27,10,77.8,10,3,7,0.52,medium,easy
object_recognition,0.38,15,53.7,13,3,10,0.79,medium,easy
object_recognition,0.47,18,51.9,15,4,11,0.68,hard,easy
daily_routine_recall,0.89,200,11.0,4,0,4,1.0,medium,hard
daily_routine_recall,0.45,18,74.8,14,7,7,0.69,medium,easy
pattern_recognition,0.62,112,38.1,7,1,6,0.85,easy,medium
object_recognition,0.7,100,55.0,8,1,7,0.9,hard,medium
object_recognition,0.72,111,45.0,10,1,9,0.93,easy,easy
memory_match,0.53,21,98.8,15,7,8,0.54,easy,easy
pattern_recognition,0.74,125,31.6,11,2,9,0.83,hard,medium
pattern_recognition,0.35,14,98.4,14,7,7,0.63,easy,easy
daily_routine_recall,0.73,103,53.0,9,3,6,0.87,medium,medium
object_recognition,0.82,128,32.9,9,1,8,0.93,medium,hard
memory_match,0.58,23,49.9,13,3,10,0.58,medium,medium
pattern_recognition,0.68,128,25.6,7,1,6,0.98,easy,medium
memory_match,0.71,113,41.2,6,1,5,0.98,hard,medium
daily_routine_recall,0.37,14,47.6,12,5,7,0.77,medium,easy
pattern_recognition,0.75,118,38.8,7,1,6,0.89,medium,medium
memory_match,0.77,104,53.4,9,1,8,0.91,easy,medium
memory_match,0.81,175,34.3,5,0,5,1.0,hard,hard
object_recognition,0.93,193,30.4,6,1,5,1.0,medium,hard
daily_routine_recall,0.94,200,16.7,5,0,5,1.0,easy,hard
memory_match,0.75,128,28.1,8,1,7,0.97,medium,medium
pattern_recognition,0.54,21,74.2,15,5,10,0.79,medium,easy
pattern_recognition,0.48,19,77.6,16,5,11,0.78,easy,easy
daily_routine_recall,0.53,21,60.8,18,7,11,0.45,easy,easy
memory_match,0.55,22,98.3,13,6,7,0.67,medium,easy
object_recognition,0.93,200,23.2,5,0,5,1.0,hard,hard
memory_match,0.49,19,82.9,15,6,9,0.49,easy,easy
daily_routine_recall,0.35,14,106.6,13,3,10,0.41,hard,easy
pattern_recognition,0.81,195,24.3,5,1,4,1.0,hard,hard
pattern_recognition,0.41,16,63.5,15,5,10,0.41,medium,easy
daily_routine_recall,0.95,200,25.6,6,0,6,1.0,medium,hard
object_recognition,0.94,190,32.3,4,0,4,1.0,medium,hard
memory_match,0.83,200,13.2,4,0,4,1.0,medium,hard
daily_routine_recall,0.92,200,11.9,4,0,4,1.0,hard,hard
pattern_recognition,0.62,101,49.4,11,2,9,0.96,hard,medium
object_recognition,0.94,193,30.9,4,0,4,1.0,medium,hard
pattern_recognition,0.9,184,33.8,4,0,4,1.0,easy,hard
daily_routine_recall,0.86,180,33.9,5,0,5,1.0,medium,hard
memory_match,0.84,187,29.7,8,1,7,1.0,hard,hard
pattern_recognition,0.85,200,22.4,6,2,4,1.0,easy,hard
pattern_recognition,0.8,178,33.0,9,2,7,1.0,medium,hard
object_recognition,0.98,200,13.7,5,0,5,1.0,easy,hard
pattern_recognition,0.8,117,42.2,6,1,5,0.95,hard,hard
daily_routine_recall,0.32,12,74.1,15,5,10,0.84,easy,easy
memory_match,0.31,12,64.2,11,4,7,0.65,easy,easy
memory_match,0.3,12,104.5,10,3,7,0.49,easy,easy
memory_match,0.99,200,15.1,7,0,7,1.0,easy,hard
object_recognition,0.81,121,38.6,11,3,8,0.9,hard,medium
daily_routine_recall,0.7,127,27.1,11,3,8,0.83,easy,medium
memory_match,0.24,10,72.5,13,3,10,0.46,easy,easy
memory_match,0.83,193,26.1,4,0,4,1.0,medium,hard
object_recognition,0.91,200,12.2,5,0,5,1.0,medium,hard
daily_routine_recall,0.33,13,87.6,14,4,10,0.5,hard,easy
daily_routine_recall,0.22,10,46.1,18,7,11,0.48,easy,easy
memory_match,0.89,200,22.8,6,0,6,1.0,easy,hard
object_recognition,0.58,23,55.6,17,6,11,0.61,easy,easy
pattern_recognition,0.94,200,15.7,6,0,6,1.0,hard,hard
object_recognition,0.5,20,52.0,13,5,8,0.81,hard,easy
daily_routine_recall,0.68,110,43.9,10,2,8,0.86,hard,medium
object_recognition,0.49,19,105.9,12,4,8,0.48,easy,easy
object_recognition,0.79,111,47.1,9,1,8,0.98,hard,hard
object_recognition,0.66,127,25.1,6,1,5,0.85,medium,medium
daily_routine_recall,0.76,132,25.8,7,1,6,0.89,medium,medium
object_recognition,0.62,99,51.9,10,3,7,0.88,hard,medium
pattern_recognition,0.92,200,12.7,5,0,5,1.0,medium,hard
daily_routine_recall,0.8,129,30.3,6,1,5,0.84,medium,hard
object_recognition,0.85,194,26.6,6,2,4,1.0,easy,medium
memory_match,0.23,10,95.1,18,7,11,0.84,hard,easy
daily_routine_recall,0.68,127,26.9,9,2,7,0.82,easy,medium
pattern_recognition,0.3,12,98.0,13,3,10,0.44,medium,easy
daily_routine_recall,0.87,180,34.5,4,0,4,1.0,hard,hard
pattern_recognition,0.47,18,103.9,11,5,6,0.41,easy,easy
pattern_recognition,0.63,106,44.7,8,2,6,0.85,easy,medium
pattern_recognition,0.67,113,39.5,7,1,6,0.95,easy,medium
memory_match,0.64,116,35.8,9,2,7,1.0,hard,medium
pattern_recognition,0.38,15,98.0,18,7,11,0.76,hard,easy
object_recognition,0.73,104,51.6,8,2,6,0.85,easy,medium
memory_match,0.98,200,13.9,7,0,7,1.0,hard,hard
object_recognition,0.21,10,101.8,16,5,11,0.5,easy,easy
daily_routine_recall,0.76,123,34.6,7,2,5,0.99,medium,medium
memory_match,0.84,191,27.9,6,0,6,1.0,easy,hard
memory_match,0.95,200,13.6,7,0,7,1.0,hard,hard
daily_routine_recall,0.44,17,73.3,12,5,7,0.4,hard,easy
pattern_recognition,0.88,194,28.0,6,0,6,1.0,medium,hard
pattern_recognition,0.85,178,34.6,7,0,7,1.0,easy,hard
object_recognition,0.84,200,15.9,4,0,4,1.0,medium,hard
memory_match,0.73,113,42.9,10,2,8,0.93,easy,medium
object_recognition,0.37,14,76.7,14,4,10,0.68,easy,easy
object_recognition,0.87,179,34.9,4,0,4,1.0,hard,hard
object_recognition,0.25,10,63.9,15,4,11,0.4,medium,easy
object_recognition,0.43,17,91.8,13,6,7,0.44,hard,easy
object_recognition,0.28,11,61.3,13,4,9,0.68,hard,easy
pattern_recognition,0.91,200,13.2,5,0,5,1.0,hard,hard
pattern_recognition,0.55,22,74.8,14,4,10,0.54,easy,easy
object_recognition,0.81,200,21.7,6,1,5,1.0,medium,hard
memory_match,0.94,200,20.5,6,0,6,1.0,easy,hard
daily_routine_recall,0.21,10,100.6,11,3,8,0.45,medium,easy
memory_match,0.57,22,56.4,15,7,8,0.51,medium,easy
object_recognition,0.47,18,95.5,14,5,9,0.68,hard,easy
pattern_recognition,0.98,200,12.0,4,0,4,1.0,easy,hard
memory_match,0.88,200,15.5,6,0,6,1.0,easy,hard
pattern_recognition,0.46,18,58.8,16,5,11,0.42,medium,easy
memory_match,0.65,99,52.8,6,1,5,0.99,medium,medium
daily_routine_recall,0.87,200,18.5,5,0,5,1.0,easy,hard
pattern_recognition,0.97,200,20.2,7,2,5,1.0,hard,hard
object_recognition,0.96,200,25.4,6,0,6,1.0,hard,hard
memory_match,0.93,189,32.5,4,0,4,1.0,medium,hard
memory_match,0.51,20,71.0,12,4,8,0.58,medium,easy
pattern_recognition,0.95,200,22.1,7,1,6,1.0,hard,hard
object_recognition,0.46,18,67.2,14,5,9,0.77,hard,easy
daily_routine_recall,0.84,199,23.6,6,2,4,1.0,hard,hard
memory_match,0.66,99,53.6,6,1,5,0.88,easy,medium
object_recognition,0.81,126,33.2,8,1,7,0.99,easy,hard
memory_match,0.61,120,29.3,6,1,5,0.8,medium,medium
memory_match,0.22,10,84.0,14,4,10,0.83,easy,easy
object_recognition,0.98,200,27.8,8,1,7,1.0,hard,easy
daily_routine_recall,0.75,116,40.1,7,2,5,0.83,medium,medium
pattern_recognition,0.74,126,30.2,11,3,8,0.92,easy,medium
daily_routine_recall,0.62,106,44.3,8,2,6,0.93,hard,medium
daily_routine_recall,0.85,187,30.1,5,1,4,1.0,easy,hard
object_recognition,0.99,200,15.2,5,1,4,1.0,easy,hard
pattern_recognition,0.63,109,41.4,8,2,6,0.85,easy,medium
pattern_recognition,0.86,200,10.0,9,2,7,1.0,easy,hard
pattern_recognition,0.23,10,62.1,12,6,6,0.45,medium,easy
object_recognition,0.8,193,25.4,9,2,7,1.0,medium,hard
pattern_recognition,0.96,200,15.8,5,0,5,1.0,easy,hard
pattern_recognition,0.67,105,47.9,9,3,6,0.97,easy,medium
pattern_recognition,0.43,17,53.3,12,5,7,0.72,medium,easy
pattern_recognition,0.49,19,51.9,9,3,6,0.77,medium,easy
memory_match,0.81,119,40.4,12,3,9,0.88,easy,medium
pattern_recognition,0.52,20,77.0,14,7,7,0.62,hard,easy
object_recognition,0.79,109,50.0,7,2,5,0.99,medium,hard
daily_routine_recall,0.48,19,104.7,15,5,10,0.64,easy,easy
pattern_recognition,0.91,183,34.5,7,1,6,1.0,easy,hard
pattern_recognition,0.32,12,56.0,18,7,11,0.54,hard,easy
memory_match,0.21,10,66.0,15,4,11,0.56,medium,easy
object_recognition,0.89,182,34.1,4,0,4,1.0,easy,hard
object_recognition,0.84,200,22.4,4,0,4,1.0,hard,hard
object_recognition,0.65,105,46.3,8,1,7,0.9,medium,medium
pattern_recognition,0.31,12,92.0,18,7,11,0.81,easy,easy
memory_match,0.73,117,38.9,9,3,6,0.97,medium,medium
pattern_recognition,0.33,13,92.0,15,5,10,0.46,easy,easy
object_recognition,0.64,112,39.8,10,1,9,0.92,hard,medium
object_recognition,0.76,123,34.6,7,1,6,0.98,easy,medium
memory_match,0.9,200,21.3,5,0,5,1.0,hard,hard
daily_routine_recall,0.93,200,11.3,6,0,6,1.0,medium,hard
memory_match,0.35,14,99.4,12,3,9,0.73,hard,easy
memory_match,0.82,195,24.7,4,0,4,1.0,easy,hard
memory_match,0.77,116,41.2,7,1,6,0.92,hard,medium
memory_match,0.74,111,46.0,8,1,7,0.96,easy,medium
daily_routine_recall,0.7,119,35.8,10,1,9,0.82,medium,medium
daily_routine_recall,0.49,19,51.2,12,4,8,0.85,hard,easy
pattern_recognition,0.83,192,26.8,6,0,6,1.0,medium,hard
memory_match,0.81,200,14.7,4,0,4,1.0,easy,hard
pattern_recognition,0.76,103,54.9,11,2,9,0.83,medium,medium
memory_match,0.67,120,32.5,9,1,8,0.81,easy,medium
pattern_recognition,0.37,14,58.3,15,5,10,0.69,medium,easy
pattern_recognition,0.86,200,21.5,4,0,4,1.0,hard,hard
memory_match,0.78,118,40.4,9,2,7,0.98,hard,hard
memory_match,0.91,200,18.3,5,1,4,1.0,hard,hard
pattern_recognition,0.84,200,12.9,9,2,7,1.0,medium,hard
pattern_recognition,0.85,200,10.4,7,0,7,1.0,medium,hard
pattern_recognition,0.25,10,54.5,18,7,11,0.75,easy,easy
memory_match,0.81,114,45.8,6,1,5,0.98,medium,hard
object_recognition,0.82,177,33.9,6,0,6,1.0,medium,hard
pattern_recognition,0.35,14,104.8,12,4,8,0.75,easy,easy
daily_routine_recall,0.8,120,39.5,9,1,8,0.81,easy,hard
object_recognition,0.39,15,53.0,14,6,8,0.82,hard,easy
object_recognition,0.24,10,62.4,10,4,6,0.75,easy,easy
object_recognition,0.68,116,37.2,11,3,8,0.81,medium,medium
memory_match,0.84,179,33.9,7,0,7,1.0,easy,hard
pattern_recognition,0.35,14,82.6,16,6,10,0.65,easy,easy
daily_routine_recall,0.27,10,69.6,14,6,8,0.69,easy,easy
daily_routine_recall,0.45,18,101.3,18,7,11,0.5,medium,easy
object_recognition,0.48,19,77.5,12,5,7,0.48,easy,easy
pattern_recognition,0.84,200,10.3,4,0,4,1.0,medium,hard
memory_match,0.7,124,30.2,7,1,6,0.88,easy,medium
object_recognition,0.72,112,43.6,7,2,5,0.98,easy,medium
memory_match,0.7,114,40.6,7,1,6,0.97,medium,medium
daily_routine_recall,0.9,183,34.5,7,0,7,1.0,medium,hard
pattern_recognition,0.54,21,106.2,10,4,6,0.7,hard,easy
memory_match,0.89,189,30.9,9,2,7,1.0,hard,hard
memory_match,0.85,200,19.1,8,1,7,1.0,medium,hard
daily_routine_recall,0.91,191,30.1,4,0,4,1.0,medium,hard
daily_routine_recall,0.94,200,15.2,4,0,4,1.0,hard,hard
daily_routine_recall,0.82,198,23.4,4,0,4,1.0,easy,hard
object_recognition,0.25,10,70.3,18,7,11,0.79,medium,easy
pattern_recognition,0.79,123,35.5,7,1,6,0.86,hard,hard
memory_match,0.5,20,73.8,13,5,8,0.75,easy,easy
memory_match,0.35,14,73.8,14,5,9,0.57,hard,easy
object_recognition,0.4,16,97.6,9,3,6,0.64,medium,easy
pattern_recognition,0.93,200,16.7,7,0,7,1.0,easy,hard
daily_routine_recall,0.27,10,81.5,14,4,10,0.44,medium,easy
daily_routine_recall,0.46,18,91.0,13,7,6,0.43,easy,easy
daily_routine_recall,0.89,200,21.1,4,0,4,1.0,medium,hard
memory_match,0.36,14,75.3,9,3,6,0.42,easy,easy
daily_routine_recall,0.76,116,41.1,8,2,6,0.82,hard,medium
memory_match,0.25,10,71.9,16,6,10,0.53,hard,easy
object_recognition,0.65,107,44.4,9,2,7,0.96,hard,medium
object_recognition,0.51,20,101.4,15,7,8,0.71,hard,easy
daily_routine_recall,0.85,178,35.0,6,0,6,1.0,hard,hard
memory_match,0.81,195,24.2,9,2,7,1.0,easy,hard
daily_routine_recall,0.37,14,107.1,14,4,10,0.54,easy,easy
memory_match,0.65,101,50.5,9,3,6,0.89,medium,medium
pattern_recognition,0.89,200,24.6,6,0,6,1.0,hard,hard
memory_match,0.9,200,11.5,6,2,4,1.0,medium,hard
memory_match,0.67,99,53.1,10,3,7,0.91,medium,medium
pattern_recognition,0.76,115,42.4,9,3,6,0.98,medium,medium
daily_routine_recall,0.92,200,23.3,6,0,6,1.0,easy,hard
memory_match,0.54,21,92.6,16,5,11,0.73,medium,easy
memory_match,0.86,199,24.1,4,0,4,1.0,medium,medium
pattern_recognition,0.76,114,44.0,9,1,8,0.86,easy,medium
daily_routine_recall,0.39,15,66.4,13,6,7,0.6,medium,easy
memory_match,0.91,192,29.9,7,0,7,1.0,hard,hard
pattern_recognition,0.22,10,102.8,17,7,10,0.82,hard,easy
memory_match,0.61,114,35.6,8,3,5,0.83,easy,medium
memory_match,0.67,101,51.6,8,2,6,0.96,medium,medium
memory_match,0.85,183,32.2,5,0,5,1.0,hard,hard
memory_match,0.66,114,38.1,7,1,6,0.88,hard,medium
pattern_recognition,0.5,20,77.0,17,6,11,0.73,medium,easy
daily_routine_recall,0.66,113,39.7,8,1,7,0.93,hard,medium
memory_match,0.34,13,107.0,18,7,11,0.52,medium,easy
memory_match,0.8,187,28.1,6,0,6,1.0,easy,hard
memory_match,0.83,176,35.0,4,0,4,1.0,easy,hard
daily_routine_recall,0.22,10,80.9,11,4,7,0.85,medium,easy
daily_routine_recall,0.36,14,65.8,13,3,10,0.58,hard,easy
daily_routine_recall,0.61,114,35.4,9,1,8,0.98,hard,medium
memory_match,0.56,22,76.6,14,4,10,0.64,easy,easy
memory_match,0.62,98,53.0,8,2,6,0.89,easy,medium
object_recognition,0.5,20,80.6,13,4,9,0.63,medium,easy
object_recognition,0.63,110,40.8,8,1,7,0.93,hard,medium
pattern_recognition,0.87,200,20.1,9,2,7,1.0,hard,hard
memory_match,0.9,184,33.8,6,0,6,1.0,medium,hard
object_recognition,0.64,118,33.3,6,1,5,0.88,easy,medium
object_recognition,0.37,14,102.9,10,3,7,0.75,medium,easy
pattern_recognition,0.64,124,27.4,9,2,7,0.81,hard,medium
object_recognition,0.93,200,17.2,4,0,4,1.0,easy,hard
daily_routine_recall,0.79,113,45.5,6,1,5,0.97,medium,hard
memory_match,0.5,20,78.1,14,7,7,0.49,medium,easy
object_recognition,0.72,108,47.1,11,2,9,0.96,easy,medium
pattern_recognition,0.27,10,49.3,13,3,10,0.41,hard,easy
memory_match,0.97,200,19.1,6,1,5,1.0,medium,hard
daily_routine_recall,0.65,123,28.5,7,1,6,0.82,hard,medium
object_recognition,0.85,194,26.7,7,1,6,1.0,easy,hard
pattern_recognition,0.76,114,43.7,8,3,5,0.99,medium,medium
pattern_recognition,0.85,200,22.4,6,0,6,1.0,hard,hard
object_recognition,0.75,124,32.2,9,2,7,0.87,hard,medium
pattern_recognition,0.9,200,24.6,5,0,5,1.0,easy,hard
object_recognition,0.81,200,17.1,5,0,5,1.0,easy,hard
daily_routine_recall,0.49,19,107.1,13,7,6,0.55,hard,easy
pattern_recognition,0.64,109,42.3,9,1,8,0.96,medium,medium
memory_match,0.82,192,26.4,5,0,5,1.0,hard,hard
object_recognition,0.72,130,25.2,9,1,8,0.93,medium,medium
memory_match,0.57,22,98.7,16,6,10,0.57,easy,easy
memory_match,0.91,188,32.0,8,2,6,1.0,easy,hard
daily_routine_recall,0.97,200,22.5,4,0,4,1.0,medium,hard
pattern_recognition,0.89,200,11.2,6,0,6,1.0,easy,hard
daily_routine_recall,0.87,200,14.4,6,0,6,1.0,hard,hard
object_recognition,0.79,111,47.5,9,1,8,0.85,hard,hard
memory_match,0.98,200,24.5,4,0,4,1.0,hard,hard
pattern_recognition,0.56,22,58.8,9,3,6,0.61,medium,medium
memory_match,0.85,187,30.5,8,1,7,1.0,easy,hard
daily_routine_recall,0.67,101,51.1,11,2,9,0.81,easy,medium
pattern_recognition,0.93,200,23.3,4,0,4,1.0,medium,hard
daily_routine_recall,0.68,113,40.1,11,2,9,0.93,hard,medium
object_recognition,0.5,20,94.9,13,6,7,0.76,hard,easy
object_recognition,0.46,18,81.1,14,5,9,0.46,easy,easy
daily_routine_recall,0.45,18,79.1,10,4,6,0.81,medium,easy
pattern_recognition,0.42,16,50.6,13,6,7,0.74,easy,easy
memory_match,0.96,200,22.4,7,1,6,1.0,easy,hard
object_recognition,0.39,15,62.1,13,6,7,0.49,easy,easy
object_recognition,0.98,200,20.8,5,0,5,1.0,medium,hard
object_recognition,0.32,12,56.6,13,6,7,0.63,hard,easy
object_recognition,0.63,124,27.0,7,2,5,0.91,hard,medium
pattern_recognition,0.7,119,35.4,11,2,9,0.95,easy,medium
object_recognition,0.33,13,93.4,10,4,6,0.46,hard,easy
daily_routine_recall,0.87,188,30.2,7,0,7,1.0,medium,hard
memory_match,0.97,200,24.3,4,0,4,1.0,easy,hard
daily_routine_recall,0.85,200,23.9,5,0,5,1.0,easy,hard
memory_match,0.98,200,28.8,4,0,4,1.0,easy,hard
daily_routine_recall,0.94,200,10.4,7,0,7,1.0,medium,hard
memory_match,0.75,125,31.2,8,2,6,0.84,easy,medium
memory_match,0.94,194,30.1,7,0,7,1.0,hard,hard
daily_routine_recall,0.47,18,68.3,14,7,7,0.57,hard,easy
memory_match,0.67,127,25.7,8,1,7,0.86,medium,medium
object_recognition,0.89,190,30.4,6,2,4,1.0,hard,hard
daily_routine_recall,0.65,120,31.8,6,1,5,0.85,medium,medium
daily_routine_recall,0.94,193,30.6,5,1,4,1.0,hard,hard
object_recognition,0.26,10,90.8,13,7,6,0.8,hard,easy
daily_routine_recall,0.98,200,28.6,7,0,7,1.0,hard,medium
memory_match,0.82,200,18.4,4,0,4,1.0,easy,hard
daily_routine_recall,0.53,21,75.8,13,6,7,0.4,medium,easy
daily_routine_recall,0.36,14,55.1,16,7,9,0.72,medium,easy
pattern_recognition,0.84,182,32.2,7,0,7,1.0,hard,hard
object_recognition,0.27,10,52.4,14,6,8,0.79,medium,easy
pattern_recognition,0.38,15,109.6,13,7,6,0.43,medium,easy
memory_match,0.58,23,71.5,10,3,7,0.65,medium,easy
pattern_recognition,0.67,125,27.6,6,1,5,0.84,medium,medium
pattern_recognition,0.64,99,52.5,11,2,9,0.86,hard,medium
pattern_recognition,0.83,200,14.1,4,0,4,1.0,easy,hard
daily_routine_recall,0.91,200,24.0,4,0,4,1.0,easy,hard
memory_match,0.53,21,66.3,16,7,9,0.76,easy,easy
object_recognition,0.61,106,43.1,9,3,6,0.8,medium,medium
pattern_recognition,0.86,198,24.7,4,0,4,1.0,medium,hard
object_recognition,0.38,15,77.7,15,6,9,0.73,medium,easy
object_recognition,0.79,105,53.2,8,3,5,0.91,easy,medium
object_recognition,0.97,200,17.6,4,0,4,1.0,medium,hard
memory_match,0.94,200,16.5,6,0,6,1.0,easy,hard
object_recognition,0.86,200,12.5,4,0,4,1.0,hard,hard
daily_routine_recall,0.73,112,43.8,10,1,9,0.89,medium,medium
daily_routine_recall,0.96,199,28.5,4,0,4,1.0,hard,hard
pattern_recognition,0.91,200,14.5,6,0,6,1.0,hard,hard
pattern_recognition,0.6,101,48.9,11,2,9,0.81,hard,medium
pattern_recognition,0.91,185,33.4,5,0,5,1.0,medium,easy
memory_match,0.71,114,40.6,9,3,6,0.96,easy,medium
memory_match,0.64,120,31.4,11,2,9,0.86,hard,medium
daily_routine_recall,0.52,20,70.2,13,6,7,0.81,medium,hard
memory_match,0.83,200,19.2,4,0,4,1.0,easy,hard
pattern_recognition,0.86,198,24.6,5,0,5,1.0,hard,hard
memory_match,0.82,200,12.1,8,2,6,1.0,easy,hard
pattern_recognition,0.97,200,17.7,5,0,5,1.0,easy,hard
daily_routine_recall,0.81,200,15.7,6,2,4,1.0,medium,hard
object_recognition,0.75,113,43.1,10,1,9,0.93,medium,medium
daily_routine_recall,0.3,12,104.1,15,4,11,0.79,medium,easy
daily_routine_recall,0.78,127,32.0,10,1,9,0.86,easy,hard
memory_match,0.67,123,29.6,6,1,5,0.82,medium,medium
memory_match,0.44,17,67.1,11,5,6,0.62,medium,easy
pattern_recognition,0.64,112,39.6,11,2,9,0.95,hard,medium
object_recognition,0.84,200,18.0,5,0,5,1.0,easy,hard
object_recognition,0.6,96,53.1,6,1,5,0.83,hard,medium
memory_match,0.9,200,21.5,7,2,5,1.0,easy,hard
object_recognition,0.78,111,47.7,8,2,6,0.82,easy,medium
memory_match,0.96,200,23.2,4,0,4,1.0,easy,hard
pattern_recognition,0.64,125,26.1,9,2,7,0.95,hard,medium
memory_match,0.87,200,16.9,5,1,4,1.0,hard,hard
object_recognition,0.71,117,37.5,10,3,7,0.99,medium,medium
memory_match,0.45,18,69.7,15,6,9,0.81,hard,hard
object_recognition,0.92,200,20.3,9,2,7,1.0,easy,hard
daily_routine_recall,0.83,183,31.3,7,1,6,1.0,medium,hard
memory_match,0.81,200,20.1,4,0,4,1.0,hard,hard
daily_routine_recall,0.76,107,50.9,10,2,8,0.83,easy,medium
daily_routine_recall,0.22,10,74.0,14,7,7,0.66,hard,easy
memory_match,0.88,192,28.9,4,0,4,1.0,medium,hard
object_recognition,0.97,200,26.8,7,0,7,1.0,easy,hard
object_recognition,0.86,183,32.1,5,0,5,1.0,easy,hard
pattern_recognition,0.54,21,46.3,10,4,6,0.61,easy,easy
pattern_recognition,0.7,129,25.2,10,3,7,0.94,medium,medium
daily_routine_recall,0.94,187,33.9,4,0,4,1.0,medium,hard
object_recognition,0.57,22,105.7,13,4,9,0.46,easy,easy
daily_routine_recall,0.52,20,68.5,13,6,7,0.67,hard,easy
pattern_recognition,0.81,200,20.3,6,0,6,1.0,hard,hard
pattern_recognition,0.83,200,19.5,7,0,7,1.0,hard,hard
memory_match,0.81,200,14.9,7,0,7,1.0,easy,hard
memory_match,0.87,200,18.1,4,0,4,1.0,medium,hard
pattern_recognition,0.36,14,75.6,16,7,9,0.76,easy,easy
daily_routine_recall,0.68,108,45.8,9,1,8,0.92,easy,medium
memory_match,0.45,18,104.3,9,3,6,0.42,easy,easy
pattern_recognition,0.27,10,99.0,11,5,6,0.57,easy,easy
object_recognition,0.33,13,99.3,17,6,11,0.49,medium,easy
pattern_recognition,0.3,12,97.4,11,4,7,0.72,medium,easy
pattern_recognition,0.21,10,47.4,16,7,9,0.43,medium,easy
pattern_recognition,0.54,21,59.8,12,6,6,0.54,medium,easy
pattern_recognition,0.53,21,90.5,15,7,8,0.73,medium,easy
memory_match,0.43,17,45.2,11,5,6,0.53,easy,easy
object_recognition,0.42,16,83.1,14,6,8,0.78,easy,easy
memory_match,0.3,12,74.2,16,7,9,0.52,easy,easy
memory_match,0.92,200,22.6,5,0,5,1.0,hard,hard
daily_routine_recall,0.99,200,19.6,5,1,4,1.0,medium,hard
object_recognition,0.5,20,53.8,15,5,10,0.64,hard,easy
daily_routine_recall,0.8,120,39.5,8,2,6,0.98,hard,hard
pattern_recognition,0.89,200,23.9,4,0,4,1.0,hard,easy
object_recognition,0.56,22,78.8,17,6,11,0.69,hard,easy
daily_routine_recall,0.7,119,35.1,7,1,6,0.83,medium,easy
pattern_recognition,0.84,200,19.1,7,0,7,1.0,easy,hard
daily_routine_recall,0.99,200,15.5,8,1,7,1.0,hard,hard
pattern_recognition,0.42,16,86.4,10,3,7,0.73,medium,easy
pattern_recognition,0.67,105,48.0,10,2,8,0.86,hard,medium
pattern_recognition,0.21,10,83.4,13,5,8,0.53,hard,easy
daily_routine_recall,0.21,10,109.6,12,3,9,0.74,medium,easy
daily_routine_recall,0.7,128,26.3,10,1,9,0.97,hard,medium
memory_match,0.22,10,60.4,14,3,11,0.4,hard,easy
memory_match,0.84,179,34.0,7,0,7,1.0,medium,hard
pattern_recognition,0.67,113,39.6,8,2,6,0.98,hard,medium
daily_routine_recall,0.36,14,91.8,12,5,7,0.71,medium,easy
daily_routine_recall,0.26,10,96.2,15,6,9,0.55,easy,easy
memory_match,0.8,189,27.5,4,0,4,1.0,easy,hard
pattern_recognition,0.25,10,79.7,12,5,7,0.44,medium,easy
object_recognition,0.77,130,27.1,8,2,6,0.99,easy,medium
object_recognition,0.66,114,38.8,8,2,6,0.98,easy,medium
object_recognition,0.28,11,109.0,13,3,10,0.75,hard,easy
daily_routine_recall,0.74,117,39.1,8,2,6,0.99,easy,medium
memory_match,0.47,18,94.0,17,7,10,0.68,medium,easy
object_recognition,0.77,129,28.1,9,3,6,0.85,medium,medium
daily_routine_recall,0.78,118,40.5,10,2,8,0.86,easy,hard
pattern_recognition,0.95,200,11.8,5,1,4,1.0,hard,hard
memory_match,0.94,199,27.8,7,0,7,1.0,medium,hard
pattern_recognition,0.63,103,47.7,10,1,9,0.9,hard,medium
daily_routine_recall,0.98,200,19.5,7,1,6,1.0,easy,hard
pattern_recognition,0.62,97,53.9,8,2,6,0.84,easy,medium
pattern_recognition,0.39,15,60.2,16,6,10,0.75,hard,easy
memory_match,0.49,19,59.8,12,5,7,0.57,medium,easy
object_recognition,0.9,200,25.1,4,0,4,1.0,hard,hard
object_recognition,0.95,198,28.9,7,1,6,1.0,medium,hard
object_recognition,0.41,16,53.5,16,5,11,0.83,medium,easy
memory_match,0.87,200,13.4,5,0,5,1.0,hard,hard
pattern_recognition,0.8,126,33.8,9,2,7,0.88,easy,hard
memory_match,0.77,119,38.7,10,1,9,0.9,easy,medium
pattern_recognition,0.63,107,43.3,7,2,5,0.82,hard,medium
memory_match,0.6,108,41.5,12,3,9,0.83,medium,medium
object_recognition,0.67,101,51.9,8,3,5,0.91,easy,medium
memory_match,0.42,16,67.3,11,5,6,0.6,hard,easy
daily_routine_recall,0.22,10,80.4,15,6,9,0.46,hard,easy
daily_routine_recall,0.94,200,14.1,6,1,5,1.0,hard,hard
pattern_recognition,0.51,20,103.9,13,6,7,0.71,hard,easy
daily_routine_recall,0.51,20,48.6,10,4,6,0.77,hard,easy
daily_routine_recall,0.52,20,104.4,15,4,11,0.81,easy,easy
object_recognition,0.32,12,80.9,13,6,7,0.72,hard,easy
pattern_recognition,0.89,200,16.4,5,0,5,1.0,hard,hard
pattern_recognition,0.69,119,34.8,11,2,9,0.84,easy,medium
memory_match,0.68,114,39.5,10,1,9,0.83,hard,medium
pattern_recognition,0.25,10,54.6,11,4,7,0.79,hard,easy
daily_routine_recall,0.86,200,12.4,7,1,6,1.0,hard,hard
memory_match,0.74,130,26.5,9,1,8,0.92,easy,medium
object_recognition,0.84,200,22.6,7,0,7,1.0,hard,hard
object_recognition,0.99,200,23.9,7,0,7,1.0,hard,hard
daily_routine_recall,0.82,200,12.7,7,0,7,1.0,medium,hard
memory_match,0.73,104,51.9,9,2,7,0.87,easy,medium
object_recognition,0.74,128,28.9,10,2,8,0.87,easy,medium
memory_match,0.45,18,49.7,12,4,8,0.72,easy,easy
pattern_recognition,0.38,15,71.2,18,7,11,0.6,medium,easy
memory_match,0.77,125,32.9,10,1,9,0.99,medium,medium
pattern_recognition,0.73,127,28.6,6,1,5,0.85,medium,medium
memory_match,0.4,16,76.4,18,7,11,0.77,medium,easy
pattern_recognition,0.95,200,26.5,7,0,7,1.0,hard,hard
daily_routine_recall,0.91,200,15.4,5,1,4,1.0,hard,hard
object_recognition,0.81,200,12.0,9,2,7,1.0,hard,hard
object_recognition,0.61,116,33.1,9,2,7,0.99,medium,medium
daily_routine_recall,0.69,108,45.8,11,2,9,0.83,easy,medium
daily_routine_recall,0.25,10,85.3,15,7,8,0.75,medium,easy
daily_routine_recall,0.41,16,87.0,14,5,9,0.47,medium,easy
pattern_recognition,1.0,200,11.9,4,0,4,1.0,hard,hard
pattern_recognition,0.99,200,14.9,8,1,7,1.0,hard,hard
pattern_recognition,0.3,12,87.6,15,5,10,0.49,easy,easy
daily_routine_recall,0.48,19,55.0,13,3,10,0.63,hard,easy
daily_routine_recall,0.24,10,90.1,13,4,9,0.53,easy,easy
memory_match,0.69,120,34.0,8,1,7,0.87,hard,medium
pattern_recognition,0.66,107,45.5,8,2,6,0.97,medium,medium
pattern_recognition,0.73,112,43.6,8,1,7,0.86,hard,medium
memory_match,0.69,109,44.5,9,1,8,0.95,medium,medium
object_recognition,0.51,20,53.4,15,4,11,0.71,medium,hard
daily_routine_recall,0.86,196,25.6,5,0,5,1.0,hard,hard
daily_routine_recall,0.88,200,19.1,7,0,7,1.0,hard,hard
object_recognition,0.9,200,18.3,6,0,6,1.0,medium,hard
object_recognition,0.36,14,74.0,12,6,6,0.77,easy,easy
memory_match,0.38,15,80.3,14,6,8,0.48,medium,easy
pattern_recognition,0.62,104,46.4,10,1,9,0.84,medium,medium
memory_match,0.93,200,13.7,6,0,6,1.0,hard,hard
pattern_recognition,0.24,10,65.1,11,4,7,0.5,medium,hard
object_recognition,0.84,200,20.8,5,1,4,1.0,hard,hard
object_recognition,0.8,128,31.3,6,1,5,0.81,easy,hard
memory_match,0.8,111,48.3,8,2,6,0.93,hard,hard
object_recognition,0.67,106,46.2,10,2,8,0.93,medium,medium
daily_routine_recall,0.63,109,41.1,9,2,7,0.94,medium,medium
object_recognition,0.39,15,51.1,14,6,8,0.58,hard,easy
object_recognition,0.65,119,32.7,7,2,5,0.98,hard,medium
daily_routine_recall,0.87,200,19.3,4,0,4,1.0,easy,hard
object_recognition,0.78,109,50.0,7,2,5,0.96,hard,hard
memory_match,0.21,10,101.6,14,3,11,0.71,easy,easy
daily_routine_recall,0.97,200,13.5,4,0,4,1.0,easy,hard
memory_match,0.7,119,35.3,9,1,8,0.82,easy,medium
daily_routine_recall,0.47,18,61.2,10,4,6,0.77,medium,easy
pattern_recognition,0.56,22,102.4,17,7,10,0.48,easy,easy
daily_routine_recall,0.66,121,31.4,7,2,5,0.97,hard,medium
daily_routine_recall,0.65,106,45.1,8,2,6,0.99,hard,medium
object_recognition,0.3,12,96.5,11,4,7,0.71,easy,easy
pattern_recognition,0.66,101,51.5,10,2,8,0.84,medium,medium
object_recognition,0.9,184,34.0,6,1,5,1.0,easy,hard
daily_routine_recall,0.51,20,63.5,12,6,6,0.75,medium,easy
pattern_recognition,0.22,10,69.0,10,3,7,0.65,easy,easy
object_recognition,0.95,200,18.9,4,0,4,1.0,easy,hard
object_recognition,0.66,102,50.4,11,2,9,0.82,hard,medium
object_recognition,0.29,11,77.5,16,7,9,0.77,hard,easy
memory_match,0.52,20,64.0,10,3,7,0.75,medium,easy
pattern_recognition,0.69,106,47.5,8,3,5,0.96,medium,medium
pattern_recognition,0.3,12,98.9,13,5,8,0.66,medium,easy
daily_routine_recall,0.9,189,31.4,4,0,4,1.0,medium,hard
daily_routine_recall,0.7,124,30.7,8,2,6,0.96,easy,medium
memory_match,0.21,10,86.0,13,3,10,0.8,hard,easy
pattern_recognition,0.98,200,11.4,6,1,5,1.0,easy,hard
daily_routine_recall,0.82,177,33.8,4,0,4,1.0,medium,hard
daily_routine_recall,0.95,200,10.2,6,0,6,1.0,hard,hard
memory_match,0.99,200,22.2,4,0,4,1.0,hard,hard
pattern_recognition,0.46,18,70.6,9,3,6,0.45,easy,easy
daily_routine_recall,0.72,110,45.3,8,2,6,0.96,medium,medium
pattern_recognition,0.43,17,73.9,13,3,10,0.73,easy,easy
pattern_recognition,0.98,200,12.9,6,2,4,1.0,easy,hard
memory_match,0.68,122,31.9,9,2,7,0.84,medium,medium
memory_match,0.42,16,103.8,14,4,10,0.7,easy,easy
daily_routine_recall,0.64,108,43.7,8,1,7,0.86,hard,medium
object_recognition,0.98,196,31.0,7,0,7,1.0,hard,hard
daily_routine_recall,0.89,200,18.0,8,1,7,1.0,easy,hard
memory_match,0.57,22,57.3,16,7,9,0.47,easy,easy
pattern_recognition,0.46,18,78.4,13,4,9,0.47,hard,easy
pattern_recognition,0.35,14,52.3,14,5,9,0.42,easy,easy
memory_match,0.4,16,102.6,18,7,11,0.8,easy,easy
object_recognition,0.55,22,51.8,15,7,8,0.41,easy,easy
memory_match,0.37,14,66.6,14,4,10,0.47,medium,easy
memory_match,0.75,116,40.4,6,1,5,0.94,easy,medium
memory_match,0.96,200,10.5,7,1,6,1.0,easy,hard
pattern_recognition,0.96,198,28.8,8,1,7,1.0,easy,hard
memory_match,0.82,189,28.0,5,0,5,1.0,easy,hard
daily_routine_recall,0.21,10,85.4,17,7,10,0.63,medium,easy
pattern_recognition,0.87,200,16.9,5,0,5,1.0,hard,hard
memory_match,0.52,20,72.0,17,7,10,0.48,hard,easy
daily_routine_recall,0.86,179,34.4,9,2,7,1.0,easy,hard
memory_match,0.92,195,28.7,6,2,4,1.0,easy,hard
object_recognition,0.85,181,33.2,7,0,7,1.0,medium,hard
object_recognition,0.43,17,76.4,18,7,11,0.75,hard,easy
daily_routine_recall,0.76,123,34.4,6,1,5,0.91,medium,medium
pattern_recognition,0.48,19,54.2,14,5,9,0.66,medium,easy
daily_routine_recall,0.63,112,38.9,11,3,8,0.85,easy,medium
pattern_recognition,0.76,130,28.0,9,1,8,0.96,medium,medium
memory_match,0.67,127,25.2,7,2,5,0.81,easy,medium
object_recognition,0.68,121,32.1,11,2,9,0.83,medium,medium
daily_routine_recall,0.75,127,29.3,9,2,7,0.91,hard,medium
object_recognition,0.8,134,25.2,11,2,9,0.99,medium,hard
memory_match,0.81,200,20.5,7,1,6,1.0,medium,hard
memory_match,0.72,115,40.8,6,1,5,0.96,hard,medium
object_recognition,0.82,193,25.8,8,2,6,1.0,medium,hard
memory_match,0.48,19,82.7,16,6,10,0.46,easy,easy
memory_match,0.51,20,109.3,10,4,6,0.6,hard,easy
pattern_recognition,0.22,10,45.9,10,4,6,0.46,medium,easy
object_recognition,0.37,14,98.0,17,6,11,0.51,easy,easy
object_recognition,0.95,200,16.6,6,1,5,1.0,medium,hard
daily_routine_recall,0.72,130,25.4,10,1,9,0.88,hard,medium
object_recognition,0.94,200,26.5,7,0,7,1.0,medium,hard
object_recognition,0.5,20,99.6,18,7,11,0.61,easy,easy
object_recognition,0.97,200,17.5,8,2,6,1.0,easy,hard
memory_match,0.81,200,18.5,7,1,6,1.0,easy,hard
memory_match,0.89,184,33.3,7,0,7,1.0,medium,easy
object_recognition,0.98,200,10.3,7,2,5,1.0,hard,hard
daily_routine_recall,0.88,187,31.3,4,0,4,1.0,hard,hard
memory_match,0.92,200,23.7,7,0,7,1.0,hard,hard
object_recognition,0.73,103,53.0,9,1,8,0.99,easy,medium
object_recognition,0.64,120,32.0,10,1,9,1.0,hard,medium
memory_match,0.67,124,28.5,9,1,8,0.85,easy,medium
memory_match,0.71,104,50.3,6,1,5,0.92,medium,medium
object_recognition,0.71,116,38.8,8,1,7,0.85,medium,easy
daily_routine_recall,0.56,22,103.9,12,5,7,0.57,hard,easy
pattern_recognition,0.88,193,28.2,5,0,5,1.0,medium,hard
memory_match,0.99,200,14.6,7,0,7,1.0,hard,hard
object_recognition,0.82,200,15.0,7,0,7,1.0,medium,hard
memory_match,0.61,109,40.8,9,2,7,0.92,medium,medium
object_recognition,0.94,200,19.6,6,1,5,1.0,hard,hard
daily_routine_recall,0.29,11,92.4,12,5,7,0.71,medium,easy
pattern_recognition,0.79,127,31.9,9,3,6,0.82,medium,medium
memory_match,0.6,115,34.1,10,2,8,0.86,hard,medium
object_recognition,0.71,117,37.6,11,2,9,0.93,medium,medium
memory_match,0.54,21,71.6,14,4,10,0.66,hard,easy
daily_routine_recall,0.35,14,69.4,13,6,7,0.59,hard,easy
memory_match,0.57,22,64.4,12,4,8,0.74,medium,easy
memory_match,0.67,109,43.3,12,3,9,0.93,hard,hard
object_recognition,0.88,197,26.2,5,0,5,1.0,hard,hard
daily_routine_recall,0.95,200,12.3,6,0,6,1.0,easy,hard
memory_match,0.62,101,49.7,8,1,7,0.99,medium,medium
daily_routine_recall,0.38,15,82.1,9,3,6,0.52,hard,easy
memory_match,0.82,189,27.7,6,0,6,1.0,hard,hard
object_recognition,0.94,200,22.3,7,0,7,1.0,hard,hard
daily_routine_recall,0.69,119,34.7,11,2,9,0.9,medium,medium
memory_match,0.22,10,65.1,12,3,9,0.62,hard,easy
memory_match,0.98,200,20.3,4,0,4,1.0,medium,hard
pattern_recognition,0.94,200,25.2,6,1,5,1.0,hard,hard
memory_match,0.63,122,28.4,7,2,5,0.89,hard,medium
object_recognition,0.57,22,47.4,11,5,6,0.52,medium,easy
memory_match,0.79,108,50.9,7,2,5,0.82,hard,medium
daily_routine_recall,0.95,200,18.1,8,2,6,1.0,medium,hard
pattern_recognition,0.66,124,28.7,11,2,9,1.0,medium,medium
object_recognition,0.98,200,11.2,5,0,5,1.0,hard,hard
memory_match,0.98,200,14.1,7,0,7,1.0,hard,hard
pattern_recognition,0.81,105,54.8,9,2,7,0.86,hard,medium
object_recognition,0.99,200,11.6,7,0,7,1.0,medium,hard
object_recognition,0.96,194,30.7,8,2,6,1.0,hard,hard
pattern_recognition,0.78,129,29.5,9,1,8,0.86,medium,hard
pattern_recognition,0.83,200,21.7,4,0,4,1.0,hard,hard
object_recognition,0.61,104,45.6,9,2,7,0.98,medium,medium
memory_match,0.57,22,86.4,13,5,8,0.42,hard,easy
daily_routine_recall,0.98,200,18.8,4,0,4,1.0,medium,hard
pattern_recognition,0.48,19,91.1,17,7,10,0.74,medium,easy
pattern_recognition,0.37,14,65.1,14,4,10,0.75,easy,easy
daily_routine_recall,0.7,106,48.8,8,3,5,0.94,medium,medium
object_recognition,0.98,200,25.2,5,0,5,1.0,medium,hard
pattern_recognition,0.66,121,31.3,7,2,5,0.94,easy,medium
daily_routine_recall,0.95,200,17.6,4,0,4,1.0,medium,hard
memory_match,0.8,117,42.1,9,1,8,0.85,hard,hard
memory_match,0.75,130,26.2,11,3,8,0.97,easy,medium
memory_match,0.69,113,40.7,8,2,6,0.96,medium,medium
memory_match,0.85,191,28.1,6,0,6,1.0,medium,hard
pattern_recognition,0.97,197,30.0,7,0,7,1.0,easy,hard
memory_match,0.95,200,15.3,4,0,4,1.0,hard,hard
daily_routine_recall,0.4,16,97.4,13,6,7,0.57,medium,easy
memory_match,0.77,106,51.2,10,3,7,0.85,medium,medium
object_recognition,0.97,200,18.7,6,2,4,1.0,hard,hard
object_recognition,0.37,14,106.2,12,4,8,0.6,easy,easy
pattern_recognition,0.62,104,46.2,9,1,8,0.83,medium,medium
memory_match,0.83,200,14.4,9,2,7,1.0,medium,hard
memory_match,0.93,195,29.3,7,0,7,1.0,medium,hard
pattern_recognition,0.29,11,76.2,15,6,9,0.52,medium,easy
daily_routine_recall,0.56,22,56.0,13,7,6,0.4,medium,easy
memory_match,0.85,187,30.5,6,0,6,1.0,hard,hard
memory_match,0.89,200,20.4,5,1,4,1.0,hard,hard
object_recognition,0.87,200,17.1,7,0,7,1.0,medium,hard
daily_routine_recall,0.42,16,69.0,13,7,6,0.54,hard,easy
pattern_recognition,0.63,119,31.4,9,1,8,0.93,medium,medium
daily_routine_recall,0.56,22,92.4,13,4,9,0.51,medium,easy
pattern_recognition,0.34,13,60.0,18,7,11,0.46,medium,easy
pattern_recognition,0.86,182,32.8,7,0,7,1.0,medium,hard
object_recognition,0.7,112,42.5,9,3,6,0.95,easy,medium
object_recognition,0.88,182,33.9,7,2,5,1.0,medium,hard
daily_routine_recall,0.64,112,39.8,11,2,9,0.94,hard,medium
memory_match,0.83,186,29.7,5,0,5,1.0,easy,hard
memory_match,0.69,120,33.4,10,2,8,0.97,medium,medium
daily_routine_recall,0.92,193,29.8,6,2,4,1.0,medium,easy
pattern_recognition,0.63,106,44.6,10,1,9,0.85,hard,medium
pattern_recognition,0.78,133,26.0,10,2,8,0.92,easy,hard
daily_routine_recall,0.99,200,19.3,4,0,4,1.0,medium,hard
pattern_recognition,0.86,197,25.4,6,0,6,1.0,easy,hard
pattern_recognition,0.86,200,13.0,7,1,6,1.0,hard,hard
daily_routine_recall,0.61,108,41.5,9,2,7,0.98,medium,medium
pattern_recognition,0.32,12,61.4,12,5,7,0.77,medium,easy
daily_routine_recall,0.24,10,106.3,14,5,9,0.62,medium,easy
daily_routine_recall,0.79,130,28.8,9,2,7,0.99,easy,hard
pattern_recognition,0.25,10,72.3,9,3,6,0.57,easy,easy
pattern_recognition,0.68,127,26.6,9,2,7,1.0,easy,medium
pattern_recognition,0.74,112,44.5,8,1,7,0.86,easy,medium
daily_routine_recall,0.44,17,63.7,11,3,8,0.46,easy,easy
pattern_recognition,0.22,10,101.4,11,3,8,0.43,hard,hard
object_recognition,1.0,200,17.2,6,0,6,1.0,medium,hard
pattern_recognition,0.28,11,66.8,13,6,7,0.41,hard,easy
daily_routine_recall,0.83,191,27.4,5,0,5,1.0,medium,hard
pattern_recognition,0.34,13,65.6,17,7,10,0.71,medium,easy
daily_routine_recall,0.91,197,27.1,4,0,4,1.0,hard,hard
pattern_recognition,0.56,22,69.5,14,7,7,0.51,medium,medium
pattern_recognition,0.63,124,26.8,7,1,6,0.96,hard,medium
daily_routine_recall,1.0,193,33.2,8,1,7,1.0,hard,hard
memory_match,0.68,113,40.2,8,2,6,1.0,easy,medium
daily_routine_recall,0.76,105,52.9,9,3,6,0.82,hard,medium
object_recognition,0.8,124,35.5,8,2,6,1.0,hard,hard
daily_routine_recall,0.49,19,72.5,16,6,10,0.64,easy,easy
memory_match,0.32,12,52.2,15,7,8,0.81,medium,easy
daily_routine_recall,0.82,200,11.2,5,0,5,1.0,hard,hard
memory_match,0.75,131,25.7,11,2,9,0.87,easy,medium
object_recognition,0.75,130,26.2,9,1,8,0.96,medium,medium
pattern_recognition,0.47,18,58.3,12,6,6,0.85,hard,easy
daily_routine_recall,0.82,200,14.5,7,0,7,1.0,easy,hard
daily_routine_recall,0.5,20,50.6,12,5,7,0.81,medium,easy
object_recognition,0.61,115,34.6,10,2,8,0.87,easy,medium
memory_match,0.73,110,45.9,8,1,7,0.81,easy,medium
daily_routine_recall,0.73,115,40.6,9,2,7,0.81,hard,medium
daily_routine_recall,0.83,195,25.2,7,0,7,1.0,medium,hard
daily_routine_recall,0.81,108,51.2,7,1,6,0.96,hard,hard
pattern_recognition,0.83,180,32.6,7,0,7,1.0,medium,hard
pattern_recognition,0.9,183,34.2,7,0,7,1.0,hard,hard
object_recognition,0.24,10,78.9,15,6,9,0.77,easy,easy
pattern_recognition,0.56,22,90.4,10,4,6,0.41,easy,easy
pattern_recognition,0.71,114,40.4,10,1,9,0.81,hard,medium
object_recognition,0.64,121,30.4,8,1,7,0.9,easy,medium
object_recognition,0.7,121,33.1,7,1,6,0.99,medium,medium
pattern_recognition,0.8,123,36.4,7,1,6,0.97,easy,hard
daily_routine_recall,0.39,15,53.5,14,3,11,0.72,easy,easy
daily_routine_recall,0.84,193,26.8,5,1,4,1.0,hard,hard
memory_match,0.97,200,21.6,6,1,5,1.0,hard,hard
memory_match,0.69,125,28.8,11,2,9,0.89,easy,medium
daily_routine_recall,0.81,120,39.6,7,2,5,0.92,easy,hard
memory_match,0.64,123,28.7,7,1,6,0.99,medium,medium
memory_match,0.49,19,97.7,13,6,7,0.69,medium,medium
object_recognition,0.97,200,11.2,8,1,7,1.0,medium,hard
memory_match,0.49,19,99.2,13,5,8,0.8,medium,easy
object_recognition,0.89,200,23.2,9,2,7,1.0,medium,hard
pattern_recognition,0.25,10,60.2,17,7,10,0.72,easy,easy
daily_routine_recall,0.45,18,107.9,14,3,11,0.6,medium,easy
object_recognition,0.61,110,39.3,7,2,5,0.95,easy,medium
pattern_recognition,0.42,16,70.2,12,4,8,0.5,medium,easy
pattern_recognition,0.73,118,37.7,11,2,9,0.92,medium,medium
pattern_recognition,0.61,100,49.9,10,2,8,0.94,easy,medium
object_recognition,0.66,113,39.1,12,3,9,0.82,hard,medium
pattern_recognition,0.99,200,27.9,7,1,6,1.0,medium,hard
daily_routine_recall,0.42,16,68.3,17,7,10,0.62,hard,easy
object_recognition,0.8,117,42.5,11,2,9,0.84,medium,hard
object_recognition,0.6,117,32.2,9,2,7,0.89,easy,medium
pattern_recognition,1.0,200,18.8,7,0,7,1.0,medium,hard
memory_match,0.81,108,51.6,8,1,7,0.95,hard,hard
pattern_recognition,0.83,197,24.3,7,0,7,1.0,hard,hard
object_recognition,0.98,200,20.5,8,1,7,1.0,hard,hard
memory_match,0.63,96,54.6,6,1,5,0.81,medium,medium
object_recognition,0.47,18,48.0,12,3,9,0.51,medium,easy
daily_routine_recall,0.89,200,10.6,6,0,6,1.0,easy,hard
memory_match,0.23,10,93.6,13,7,6,0.64,hard,easy
memory_match,0.66,110,42.6,6,1,5,0.96,hard,medium
object_recognition,0.93,200,12.9,6,0,6,1.0,hard,hard
daily_routine_recall,0.8,107,52.4,8,2,6,0.88,medium,medium
memory_match,0.99,200,18.2,8,2,6,1.0,easy,hard
pattern_recognition,0.77,117,41.0,11,2,9,0.85,easy,medium
object_recognition,0.7,114,40.6,6,1,5,0.8,hard,medium
object_recognition,0.61,123,26.6,10,3,7,0.94,hard,medium
daily_routine_recall,0.23,10,87.3,17,7,10,0.4,medium,easy
memory_match,0.85,181,33.2,6,2,4,1.0,hard,hard
memory_match,0.81,200,13.4,5,1,4,1.0,medium,medium
memory_match,0.29,11,56.8,16,6,10,0.46,easy,easy
object_recognition,0.7,101,53.2,9,1,8,0.87,hard,medium
object_recognition,0.89,200,13.5,6,0,6,1.0,medium,hard
daily_routine_recall,0.88,200,17.7,5,0,5,1.0,hard,hard
object_recognition,0.45,18,89.9,13,7,6,0.67,medium,easy
memory_match,0.55,22,63.7,15,7,8,0.69,easy,easy
pattern_recognition,0.47,18,89.7,16,7,9,0.51,easy,easy
pattern_recognition,0.56,22,105.0,16,6,10,0.47,hard,easy
pattern_recognition,0.71,106,48.8,8,2,6,0.9,easy,medium
pattern_recognition,0.75,116,40.9,10,1,9,0.93,medium,easy
pattern_recognition,0.98,200,10.5,4,0,4,1.0,hard,hard
object_recognition,0.42,16,54.9,16,6,10,0.53,medium,easy
pattern_recognition,0.81,113,47.0,10,2,8,0.93,easy,hard
object_recognition,0.78,114,44.8,9,1,8,0.96,easy,hard
object_recognition,0.79,130,28.5,12,3,9,0.82,medium,medium
daily_routine_recall,0.74,119,37.4,10,2,8,0.91,easy,medium
object_recognition,0.87,200,17.2,4,0,4,1.0,easy,hard
memory_match,0.83,181,32.4,7,0,7,1.0,medium,hard
memory_match,0.96,200,17.3,7,0,7,1.0,medium,hard
object_recognition,0.8,121,38.4,6,1,5,0.88,easy,hard
daily_routine_recall,0.86,200,16.7,5,1,4,1.0,medium,hard
pattern_recognition,0.85,200,18.2,4,0,4,1.0,medium,hard
daily_routine_recall,0.22,10,62.5,13,5,8,0.8,medium,easy
daily_routine_recall,0.84,200,21.6,6,0,6,1.0,hard,hard
pattern_recognition,0.96,196,29.9,6,0,6,1.0,medium,hard
object_recognition,0.97,200,10.2,6,0,6,1.0,hard,hard
object_recognition,0.93,200,10.2,6,2,4,1.0,easy,hard
memory_match,0.68,113,40.6,8,2,6,0.9,hard,medium
pattern_recognition,0.95,194,30.6,5,1,4,1.0,easy,hard
object_recognition,0.69,108,45.6,6,1,5,0.83,medium,medium
memory_match,0.68,119,34.9,8,2,6,0.82,easy,medium
daily_routine_recall,0.29,11,106.8,13,6,7,0.44,hard,easy
memory_match,0.6,120,29.8,10,3,7,0.92,easy,medium
pattern_recognition,1.0,200,25.9,8,1,7,1.0,easy,hard
daily_routine_recall,0.66,102,50.9,8,1,7,0.89,medium,medium
daily_routine_recall,0.85,183,32.4,4,0,4,1.0,easy,hard
memory_match,0.31,12,97.6,13,5,8,0.61,hard,easy
object_recognition,0.43,17,84.3,15,5,10,0.59,medium,easy
memory_match,0.41,16,81.0,10,3,7,0.54,hard,easy
pattern_recognition,0.55,22,83.3,13,4,9,0.69,hard,easy
daily_routine_recall,0.95,188,34.0,5,0,5,1.0,easy,hard
object_recognition,0.68,115,38.5,8,2,6,0.83,hard,medium
memory_match,0.98,200,20.8,6,0,6,1.0,easy,hard
pattern_recognition,0.54,21,105.5,12,4,8,0.72,easy,easy
object_recognition,0.27,10,61.4,14,5,9,0.5,easy,easy
object_recognition,0.71,113,41.4,7,1,6,0.92,medium,medium
memory_match,0.63,114,37.0,12,3,9,0.96,medium,medium
object_recognition,0.84,196,25.2,7,0,7,1.0,medium,hard
pattern_recognition,0.69,109,44.5,7,1,6,0.9,hard,medium
pattern_recognition,0.61,101,48.7,9,1,8,0.9,medium,medium
object_recognition,0.92,184,34.1,7,0,7,1.0,hard,hard
memory_match,0.36,14,74.9,10,3,7,0.68,medium,easy
memory_match,0.77,113,44.4,11,2,9,0.95,easy,medium
pattern_recognition,0.39,15,49.4,14,7,7,0.63,medium,easy
memory_match,0.94,193,30.8,7,1,6,1.0,hard,hard
memory_match,0.97,200,23.1,4,0,4,1.0,hard,hard
daily_routine_recall,0.8,110,49.7,8,2,6,0.84,medium,medium
daily_routine_recall,0.88,186,31.6,5,1,4,1.0,hard,hard
daily_routine_recall,0.75,125,31.4,9,2,7,0.84,easy,medium
pattern_recognition,0.76,125,32.6,7,2,5,1.0,hard,medium
pattern_recognition,0.88,200,12.0,4,0,4,1.0,hard,hard
object_recognition,0.66,123,29.8,7,1,6,0.95,hard,medium
object_recognition,0.61,106,43.5,11,2,9,0.82,easy,medium
daily_routine_recall,0.82,194,25.2,5,0,5,1.0,medium,hard
pattern_recognition,0.96,194,30.8,6,0,6,1.0,hard,hard
memory_match,0.85,200,18.2,7,0,7,1.0,hard,hard
daily_routine_recall,0.48,19,52.4,12,6,6,0.51,hard,hard
daily_routine_recall,0.73,128,27.1,10,1,9,0.88,easy,medium
memory_match,0.26,10,61.6,16,5,11,0.42,hard,easy
daily_routine_recall,0.91,196,27.6,4,0,4,1.0,hard,hard
memory_match,0.29,11,95.2,13,6,7,0.77,hard,easy
memory_match,0.67,123,29.9,11,2,9,0.82,medium,medium
pattern_recognition,0.64,123,28.4,6,1,5,0.9,medium,medium
pattern_recognition,0.74,121,35.7,7,1,6,0.9,hard,medium
pattern_recognition,0.71,125,29.7,10,2,8,0.85,easy,medium
pattern_recognition,0.71,100,54.8,10,2,8,0.88,medium,medium
object_recognition,0.49,19,47.6,16,6,10,0.67,medium,easy
object_recognition,0.62,124,26.1,7,2,5,0.94,easy,medium
memory_match,0.92,200,18.9,6,0,6,1.0,medium,hard
object_recognition,0.85,196,25.7,7,0,7,1.0,medium,hard
object_recognition,0.81,180,32.0,6,0,6,1.0,medium,hard
object_recognition,0.68,113,41.0,12,3,9,0.87,hard,medium
pattern_recognition,0.36,14,91.8,14,4,10,0.42,hard,easy
object_recognition,0.9,200,24.6,6,2,4,1.0,easy,hard
memory_match,0.33,13,64.4,17,6,11,0.4,hard,easy
memory_match,0.23,10,53.2,15,7,8,0.63,hard,easy
daily_routine_recall,1.0,200,26.3,4,0,4,1.0,easy,hard
memory_match,0.7,129,25.9,10,2,8,0.89,easy,medium
memory_match,0.58,23,72.3,17,6,11,0.68,hard,easy
daily_routine_recall,0.71,105,49.5,11,3,8,0.8,medium,medium
memory_match,0.46,18,72.2,14,5,9,0.69,easy,easy
object_recognition,0.68,101,52.5,7,1,6,0.8,easy,medium
pattern_recognition,0.98,200,12.8,5,0,5,1.0,easy,hard
memory_match,0.8,129,30.1,12,3,9,0.89,hard,medium
memory_match,0.61,115,34.6,9,3,6,0.8,medium,medium
object_recognition,0.61,112,37.9,9,1,8,0.88,medium,medium
pattern_recognition,0.83,183,31.2,7,0,7,1.0,easy,hard
object_recognition,0.63,116,34.7,11,2,9,0.99,hard,medium
daily_routine_recall,0.87,183,32.8,8,1,7,1.0,easy,hard
object_recognition,0.34,13,79.5,16,7,9,0.65,medium,easy
daily_routine_recall,0.57,22,92.6,15,4,11,0.62,hard,easy
object_recognition,0.71,105,49.9,9,2,7,0.82,hard,medium
pattern_recognition,0.53,21,99.5,9,3,6,0.47,hard,easy
daily_routine_recall,0.92,200,24.8,6,0,6,1.0,hard,hard
memory_match,0.87,200,12.7,6,0,6,1.0,easy,hard
memory_match,0.83,192,26.7,5,0,5,1.0,hard,hard
object_recognition,0.5,20,49.1,10,3,7,0.74,hard,easy
pattern_recognition,0.81,131,28.4,10,1,9,0.97,easy,hard
pattern_recognition,0.96,189,33.3,7,0,7,1.0,hard,hard
daily_routine_recall,0.86,200,20.0,5,0,5,1.0,medium,hard
memory_match,0.72,120,35.2,7,1,6,0.91,medium,medium
memory_match,0.65,116,35.2,9,2,7,0.89,hard,medium
memory_match,0.2,10,81.2,13,7,6,0.67,easy,easy
daily_routine_recall,0.48,19,82.1,11,5,6,0.71,easy,easy
memory_match,0.73,119,36.8,6,1,5,0.91,easy,medium
pattern_recognition,0.87,193,28.0,7,0,7,1.0,easy,hard
pattern_recognition,0.85,190,29.0,6,1,5,1.0,easy,hard
object_recognition,0.72,130,25.3,9,2,7,0.99,easy,medium
daily_routine_recall,0.78,116,42.6,8,1,7,0.94,medium,hard
memory_match,0.41,16,85.6,16,6,10,0.47,easy,easy
pattern_recognition,1.0,200,12.7,6,2,4,1.0,medium,hard
object_recognition,0.61,117,32.5,8,2,6,0.91,easy,medium
object_recognition,0.72,118,37.1,10,1,9,0.92,hard,medium
memory_match,0.86,200,19.2,4,0,4,1.0,medium,hard
memory_match,0.98,200,12.3,6,1,5,1.0,medium,hard
memory_match,0.96,200,11.0,6,0,6,1.0,easy,hard
pattern_recognition,0.96,200,12.8,6,0,6,1.0,medium,hard
memory_match,0.9,200,19.5,5,0,5,1.0,hard,hard
pattern_recognition,0.87,200,13.1,7,0,7,1.0,medium,hard
pattern_recognition,0.76,122,35.9,11,3,8,0.9,hard,medium
object_recognition,0.35,14,82.5,16,7,9,0.5,easy,easy
daily_routine_recall,0.26,10,65.6,11,4,7,0.59,hard,medium
daily_routine_recall,0.75,117,39.7,10,2,8,0.99,hard,medium
object_recognition,0.9,191,30.5,5,0,5,1.0,medium,hard
daily_routine_recall,0.52,20,109.8,13,3,10,0.79,easy,easy
memory_match,0.29,11,59.3,15,5,10,0.77,medium,easy
memory_match,0.95,199,28.4,5,0,5,1.0,easy,hard
daily_routine_recall,0.3,12,77.8,11,5,6,0.79,medium,easy
daily_routine_recall,0.66,112,40.4,8,1,7,0.87,hard,medium
object_recognition,0.48,19,96.0,9,3,6,0.72,medium,easy
daily_routine_recall,0.48,19,96.7,11,5,6,0.6,medium,easy
daily_routine_recall,0.95,200,25.6,8,1,7,1.0,easy,hard
memory_match,0.65,108,43.4,8,2,6,0.82,hard,easy
pattern_recognition,0.92,189,31.8,7,0,7,1.0,medium,hard
object_recognition,0.86,200,12.2,9,2,7,1.0,medium,hard
memory_match,0.49,19,79.0,12,5,7,0.48,hard,easy
object_recognition,0.33,13,105.5,13,7,6,0.59,hard,easy
object_recognition,0.71,122,33.0,10,2,8,0.91,hard,medium
memory_match,0.7,120,34.8,10,2,8,1.0,easy,medium
pattern_recognition,0.56,22,101.0,14,4,10,0.61,medium,easy
memory_match,0.93,189,32.4,4,0,4,1.0,medium,hard
daily_routine_recall,0.47,18,83.0,13,4,9,0.51,easy,easy
daily_routine_recall,0.4,16,89.8,13,6,7,0.75,hard,easy
object_recognition,0.41,16,88.0,14,4,10,0.56,medium,easy
pattern_recognition,0.56,22,79.7,14,4,10,0.41,easy,easy
object_recognition,0.64,108,44.0,7,2,5,0.81,easy,medium
object_recognition,0.97,197,29.6,5,0,5,1.0,easy,hard
pattern_recognition,0.83,200,22.4,6,0,6,1.0,easy,hard
memory_match,0.74,125,31.3,9,1,8,0.88,easy,medium
pattern_recognition,0.98,200,25.9,8,1,7,1.0,hard,hard
pattern_recognition,0.28,11,77.3,10,4,6,0.64,hard,easy
daily_routine_recall,0.87,200,13.3,5,0,5,1.0,hard,hard
memory_match,0.97,200,10.8,4,0,4,1.0,medium,hard
memory_match,0.73,114,41.4,11,2,9,0.8,medium,medium
object_recognition,0.36,14,71.5,10,4,6,0.7,medium,easy
object_recognition,0.7,100,54.8,6,1,5,0.99,medium,medium
memory_match,0.51,20,103.8,15,6,9,0.78,hard,easy
object_recognition,0.71,123,31.2,11,3,8,0.83,hard,medium
object_recognition,0.71,117,37.4,11,3,8,0.92,easy,medium
memory_match,0.38,15,105.6,18,7,11,0.63,hard,easy
object_recognition,0.46,18,96.5,17,6,11,0.81,easy,easy
daily_routine_recall,0.56,22,49.2,13,5,8,0.41,medium,easy
memory_match,0.67,111,41.1,12,3,9,0.93,easy,medium
memory_match,0.91,200,19.8,7,0,7,1.0,hard,hard
daily_routine_recall,0.54,21,105.3,14,6,8,0.8,easy,easy
daily_routine_recall,0.68,106,47.1,9,2,7,0.95,easy,medium
pattern_recognition,0.84,200,11.4,8,1,7,1.0,easy,hard
memory_match,0.6,122,28.0,11,2,9,0.88,hard,medium
memory_match,0.21,10,99.7,16,6,10,0.51,easy,easy
memory_match,0.37,14,57.3,17,7,10,0.64,easy,easy
object_recognition,0.78,121,37.1,10,2,8,0.84,easy,hard
object_recognition,0.51,20,94.2,13,5,8,0.75,easy,easy
memory_match,0.63,112,38.6,9,2,7,0.87,medium,medium
object_recognition,0.84,188,29.1,8,1,7,1.0,easy,hard
memory_match,0.66,123,29.4,7,1,6,0.94,medium,medium
object_recognition,0.95,200,15.6,7,0,7,1.0,hard,hard
memory_match,0.87,200,17.3,6,0,6,1.0,medium,hard
pattern_recognition,0.58,23,103.1,17,6,11,0.77,easy,hard
memory_match,0.51,20,105.8,12,3,9,0.69,hard,easy
pattern_recognition,0.92,200,21.7,5,0,5,1.0,hard,hard
object_recognition,0.9,200,23.7,4,0,4,1.0,medium,hard
pattern_recognition,0.37,14,88.5,17,7,10,0.41,easy,easy
memory_match,0.72,128,27.7,6,1,5,0.9,easy,medium
daily_routine_recall,0.97,200,22.6,8,1,7,1.0,medium,hard
pattern_recognition,0.77,118,39.8,10,3,7,0.85,easy,medium
daily_routine_recall,0.68,107,46.4,8,2,6,0.91,medium,medium
pattern_recognition,0.24,10,97.3,11,3,8,0.56,easy,easy
memory_match,0.65,108,43.5,11,2,9,0.89,medium,medium
pattern_recognition,0.27,10,106.2,12,5,7,0.55,hard,easy
daily_routine_recall,0.96,200,27.4,7,1,6,1.0,easy,hard
object_recognition,0.91,200,13.4,4,0,4,1.0,hard,hard
daily_routine_recall,0.74,102,54.3,8,1,7,0.93,hard,medium
pattern_recognition,0.72,105,50.3,8,2,6,0.85,easy,medium
memory_match,0.43,17,102.2,13,3,10,0.58,medium,easy
pattern_recognition,0.35,14,81.5,10,3,7,0.44,hard,easy
pattern_recognition,0.77,107,50.1,7,1,6,0.94,easy,medium
daily_routine_recall,0.71,105,49.9,10,2,8,0.81,hard,medium
pattern_recognition,0.78,109,49.3,7,1,6,0.92,easy,medium
memory_match,0.5,20,57.5,16,7,9,0.43,hard,easy
object_recognition,0.85,193,27.4,5,0,5,1.0,easy,hard
daily_routine_recall,0.22,10,46.9,13,5,8,0.84,easy,easy
daily_routine_recall,0.47,18,85.0,14,6,8,0.7,easy,easy
pattern_recognition,0.87,200,11.8,6,0,6,1.0,medium,hard
pattern_recognition,0.29,11,92.3,14,3,11,0.4,easy,easy
memory_match,0.89,200,22.2,5,0,5,1.0,easy,hard
memory_match,0.27,10,99.7,10,3,7,0.41,medium,easy
pattern_recognition,0.62,117,33.9,9,1,8,0.83,medium,medium
object_recognition,0.45,18,94.0,14,4,10,0.8,hard,easy
pattern_recognition,0.44,17,95.1,17,7,10,0.5,easy,easy
daily_routine_recall,0.92,200,19.4,6,2,4,1.0,medium,hard
pattern_recognition,0.96,200,17.1,6,1,5,1.0,easy,hard
daily_routine_recall,0.61,116,33.2,10,3,7,0.94,easy,medium
daily_routine_recall,0.86,200,17.4,4,0,4,1.0,easy,hard
object_recognition,0.94,200,14.1,7,0,7,1.0,easy,hard
object_recognition,0.83,200,12.6,6,0,6,1.0,hard,hard
object_recognition,0.99,200,10.4,7,0,7,1.0,hard,hard
object_recognition,0.76,123,34.7,9,1,8,0.98,easy,medium
object_recognition,0.66,114,38.1,10,1,9,0.85,hard,medium
object_recognition,0.88,186,31.8,6,0,6,1.0,hard,hard
pattern_recognition,0.23,10,88.0,12,6,6,0.6,easy,easy
pattern_recognition,0.37,14,61.8,15,5,10,0.81,medium,easy
object_recognition,0.39,15,68.4,18,7,11,0.48,hard,easy
daily_routine_recall,0.86,198,24.8,6,0,6,1.0,medium,hard
memory_match,0.79,125,33.4,8,1,7,0.86,medium,hard
pattern_recognition,0.43,17,97.3,16,5,11,0.68,hard,easy
daily_routine_recall,0.6,119,30.6,9,1,8,0.9,medium,medium
object_recognition,0.61,114,35.5,8,1,7,0.91,medium,medium
object_recognition,0.42,16,58.6,16,5,11,0.5,easy,easy
daily_routine_recall,0.4,16,92.8,12,6,6,0.57,hard,easy
memory_match,0.89,200,12.2,5,0,5,1.0,medium,hard
memory_match,0.42,16,49.0,15,5,10,0.46,medium,easy
memory_match,0.32,12,98.5,15,7,8,0.51,medium,easy
daily_routine_recall,0.93,200,16.9,7,0,7,1.0,easy,hard
daily_routine_recall,0.86,197,25.3,8,2,6,1.0,hard,hard
pattern_recognition,0.86,200,19.1,7,0,7,1.0,hard,hard
daily_routine_recall,0.62,96,54.7,9,3,6,0.99,easy,medium
daily_routine_recall,0.68,103,50.3,9,2,7,0.92,medium,medium
memory_match,0.93,200,25.1,4,0,4,1.0,medium,hard
pattern_recognition,0.27,10,67.5,15,6,9,0.47,medium,easy
pattern_recognition,0.22,10,70.6,11,4,7,0.77,medium,easy
object_recognition,0.62,104,46.1,7,1,6,0.93,hard,medium
memory_match,0.45,18,98.7,13,4,9,0.63,medium,easy
object_recognition,0.75,114,42.6,8,3,5,0.94,easy,medium
memory_match,0.4,16,69.6,13,6,7,0.68,medium,easy
pattern_recognition,0.98,200,22.4,6,1,5,1.0,medium,hard
daily_routine_recall,0.53,21,55.1,12,3,9,0.57,medium,easy
object_recognition,0.87,193,27.9,6,1,5,1.0,hard,hard
memory_match,0.26,10,106.9,11,5,6,0.41,hard,easy
pattern_recognition,0.83,200,20.5,6,0,6,1.0,medium,hard
object_recognition,0.35,14,68.1,14,7,7,0.6,medium,easy
memory_match,0.65,105,46.8,8,2,6,0.81,hard,medium
memory_match,0.81,200,14.7,9,2,7,1.0,medium,hard
daily_routine_recall,0.49,19,56.1,14,4,10,0.56,easy,easy
pattern_recognition,0.97,200,10.6,6,0,6,1.0,easy,hard
memory_match,0.48,19,90.5,16,7,9,0.6,easy,easy
object_recognition,0.57,22,100.3,18,7,11,0.53,medium,easy
memory_match,0.26,10,104.9,16,6,10,0.53,medium,easy
memory_match,0.7,102,52.5,8,1,7,0.96,easy,medium
object_recognition,0.36,14,60.2,16,6,10,0.83,medium,easy
pattern_recognition,0.79,113,45.7,10,1,9,0.86,hard,hard
memory_match,0.28,11,105.9,14,7,7,0.6,medium,easy
pattern_recognition,0.6,110,39.5,8,2,6,0.82,medium,medium
object_recognition,0.9,200,14.1,6,0,6,1.0,easy,hard
daily_routine_recall,0.4,16,83.3,17,7,10,0.53,hard,easy
object_recognition,0.26,10,61.2,14,4,10,0.81,medium,easy
object_recognition,0.68,101,52.1,10,3,7,0.96,easy,medium
pattern_recognition,0.72,123,32.7,6,1,5,0.92,hard,medium
object_recognition,0.63,124,26.7,7,2,5,0.94,medium,medium
memory_match,0.96,200,21.4,4,0,4,1.0,medium,hard
object_recognition,0.93,200,20.6,5,0,5,1.0,medium,hard
daily_routine_recall,0.99,200,11.7,5,0,5,1.0,medium,hard
pattern_recognition,0.32,12,91.9,12,6,6,0.81,medium,easy
object_recognition,0.6,96,53.9,9,2,7,0.8,medium,medium
pattern_recognition,0.85,200,12.7,6,0,6,1.0,hard,hard
memory_match,0.52,20,72.7,13,5,8,0.5,easy,easy
daily_routine_recall,0.48,19,79.6,13,3,10,0.63,hard,easy
pattern_recognition,0.75,104,52.3,10,2,8,0.89,medium,medium
memory_match,0.33,13,81.1,15,4,11,0.79,medium,easy
daily_routine_recall,0.66,121,31.8,11,2,9,0.8,medium,medium
pattern_recognition,0.48,19,49.8,11,3,8,0.76,hard,easy
memory_match,0.83,200,23.0,8,1,7,1.0,hard,hard
object_recognition,0.63,97,54.0,8,3,5,0.92,medium,medium
pattern_recognition,0.25,10,74.7,13,5,8,0.78,medium,easy
pattern_recognition,0.86,186,31.0,7,0,7,1.0,medium,hard
object_recognition,0.46,18,46.2,16,5,11,0.75,medium,easy
pattern_recognition,0.69,115,38.7,11,2,9,0.85,hard,medium
daily_routine_recall,0.46,18,96.5,13,7,6,0.82,easy,easy
memory_match,0.68,125,28.2,10,2,8,0.92,easy,medium
object_recognition,0.57,22,61.1,9,3,6,0.49,easy,medium
memory_match,0.73,103,52.8,9,1,8,0.93,hard,medium
daily_routine_recall,0.48,19,68.1,16,7,9,0.52,easy,easy
pattern_recognition,0.9,190,30.6,4,0,4,1.0,medium,hard
memory_match,0.88,190,29.8,7,0,7,1.0,medium,hard
memory_match,0.3,12,47.3,14,6,8,0.45,hard,easy
object_recognition,0.54,21,47.7,16,6,10,0.42,easy,easy
pattern_recognition,0.24,10,87.8,15,7,8,0.41,easy,easy
memory_match,0.2,10,50.1,16,6,10,0.66,medium,easy
memory_match,0.21,10,76.7,17,6,11,0.79,easy,easy
pattern_recognition,0.55,22,66.3,14,5,9,0.51,hard,easy
memory_match,0.77,103,54.1,7,2,5,0.91,medium,medium
pattern_recognition,0.5,20,93.0,14,4,10,0.84,hard,easy
object_recognition,0.4,16,52.4,12,4,8,0.53,medium,easy
memory_match,0.79,111,47.9,7,1,6,0.87,medium,hard
object_recognition,0.68,109,44.1,9,2,7,1.0,hard,easy
object_recognition,0.54,21,82.4,9,3,6,0.7,easy,easy
daily_routine_recall,0.88,185,32.4,5,0,5,1.0,hard,hard
memory_match,0.8,133,26.5,6,1,5,0.95,easy,hard
object_recognition,0.96,193,31.5,9,2,7,1.0,easy,hard
pattern_recognition,0.51,20,89.2,12,6,6,0.77,medium,easy
object_recognition,0.82,193,25.6,7,0,7,1.0,hard,hard
pattern_recognition,0.93,185,34.3,6,0,6,1.0,hard,hard
object_recognition,0.78,105,53.5,9,3,6,0.91,easy,hard
object_recognition,0.87,200,13.9,5,1,4,1.0,medium,hard
pattern_recognition,0.91,198,26.6,8,2,6,1.0,hard,hard
memory_match,0.2,10,72.8,17,7,10,0.48,easy,easy
memory_match,0.31,12,78.6,16,5,11,0.49,medium,easy
pattern_recognition,0.43,17,50.8,12,3,9,0.57,hard,easy
daily_routine_recall,0.76,116,41.6,8,2,6,0.91,medium,medium
object_recognition,0.99,200,15.4,5,1,4,1.0,easy,hard
object_recognition,0.8,110,49.1,10,1,9,0.84,hard,hard
daily_routine_recall,0.58,23,97.1,13,4,9,0.45,hard,easy
object_recognition,0.76,112,45.4,12,3,9,0.95,hard,medium
pattern_recognition,0.69,114,39.2,8,2,6,0.98,hard,medium
pattern_recognition,0.35,14,99.9,17,6,11,0.41,hard,easy
pattern_recognition,0.87,183,32.7,6,0,6,1.0,hard,hard
object_recognition,0.7,125,29.5,9,1,8,0.84,hard,medium
memory_match,0.61,112,38.0,10,1,9,0.8,easy,medium
pattern_recognition,0.9,200,25.9,7,0,7,1.0,easy,hard
pattern_recognition,0.37,14,110.0,12,3,9,0.77,easy,easy
pattern_recognition,0.82,200,15.7,6,0,6,1.0,easy,hard
object_recognition,0.35,14,96.2,13,3,10,0.44,medium,easy
pattern_recognition,0.51,20,89.0,16,6,10,0.44,medium,easy
daily_routine_recall,0.97,200,12.0,7,0,7,1.0,medium,hard
pattern_recognition,0.67,119,33.1,8,2,6,0.91,medium,medium
daily_routine_recall,0.8,119,40.9,7,1,6,0.83,medium,hard
object_recognition,0.87,192,28.5,5,1,4,1.0,medium,hard
object_recognition,0.77,103,54.3,9,2,7,0.9,easy,medium
object_recognition,0.72,116,39.8,11,2,9,0.92,easy,medium
pattern_recognition,0.84,200,17.6,5,0,5,1.0,hard,hard
object_recognition,0.81,106,53.7,10,1,9,0.97,medium,hard
object_recognition,0.89,200,19.7,6,0,6,1.0,hard,hard
daily_routine_recall,0.93,200,18.8,7,0,7,1.0,easy,hard
pattern_recognition,0.37,14,107.0,16,5,11,0.7,easy,hard
daily_routine_recall,0.67,125,27.4,7,2,5,0.89,medium,medium
object_recognition,0.78,130,28.7,8,3,5,0.99,hard,medium
daily_routine_recall,0.88,200,15.4,7,0,7,1.0,hard,hard
memory_match,0.64,99,52.4,9,2,7,0.97,easy,medium
pattern_recognition,0.61,105,44.3,7,2,5,0.98,easy,medium
daily_routine_recall,0.95,189,33.2,6,0,6,1.0,hard,hard
daily_routine_recall,0.44,17,72.1,17,7,10,0.83,hard,easy
object_recognition,0.43,17,93.7,13,6,7,0.42,hard,easy
memory_match,0.94,200,17.0,6,0,6,1.0,medium,hard
memory_match,0.93,200,10.1,9,2,7,1.0,hard,hard
daily_routine_recall,0.74,103,53.1,10,3,7,0.98,hard,medium
pattern_recognition,0.31,12,81.6,13,7,6,0.46,medium,easy
pattern_recognition,0.29,11,81.3,13,5,8,0.45,easy,easy
object_recognition,0.87,200,10.6,4,0,4,1.0,medium,hard
memory_match,0.51,20,74.9,17,7,10,0.63,hard,easy
pattern_recognition,0.63,115,35.2,7,1,6,0.98,medium,medium
object_recognition,0.72,109,46.8,7,1,6,0.85,hard,medium
memory_match,0.83,193,26.3,4,0,4,1.0,easy,hard
daily_routine_recall,0.76,106,52.0,12,3,9,0.96,easy,medium
object_recognition,0.74,122,34.1,11,3,8,0.93,hard,easy
object_recognition,0.42,16,61.9,11,4,7,0.41,easy,easy
object_recognition,0.68,107,46.6,7,2,5,0.88,hard,medium
object_recognition,0.49,19,59.8,15,6,9,0.62,easy,easy
pattern_recognition,0.82,107,54.0,7,2,5,0.86,easy,hard
memory_match,0.85,200,23.3,7,0,7,1.0,medium,hard
pattern_recognition,0.57,22,67.0,17,6,11,0.55,easy,easy
pattern_recognition,0.72,110,45.3,7,2,5,0.91,medium,medium
memory_match,0.31,12,46.6,14,3,11,0.51,hard,easy
memory_match,0.45,18,93.6,15,5,10,0.74,medium,easy
daily_routine_recall,0.8,200,16.2,8,1,7,1.0,easy,hard
object_recognition,0.21,10,101.0,15,4,11,0.41,hard,medium
memory_match,0.93,200,20.9,7,0,7,1.0,hard,hard
memory_match,0.44,17,74.9,15,6,9,0.41,easy,easy
memory_match,0.82,192,26.2,7,0,7,1.0,medium,hard
daily_routine_recall,0.67,119,33.6,12,3,9,0.88,medium,medium
object_recognition,0.74,108,48.4,9,2,7,0.97,medium,medium
daily_routine_recall,0.52,20,76.2,18,7,11,0.62,medium,easy
object_recognition,0.9,200,23.5,5,0,5,1.0,medium,hard
daily_routine_recall,0.29,11,103.6,11,3,8,0.65,medium,hard
object_recognition,0.43,17,75.8,11,5,6,0.59,hard,easy
daily_routine_recall,0.33,13,77.4,10,3,7,0.41,hard,easy
object_recognition,0.65,112,39.3,9,2,7,0.81,hard,medium
memory_match,0.77,120,37.8,8,2,6,0.94,hard,medium
memory_match,0.7,118,36.6,9,1,8,0.83,hard,medium
pattern_recognition,0.62,125,25.4,11,2,9,0.93,hard,medium
memory_match,0.67,127,25.6,12,3,9,0.99,medium,medium
object_recognition,0.94,196,29.1,6,0,6,1.0,hard,hard
object_recognition,0.94,200,24.9,6,0,6,1.0,medium,hard
pattern_recognition,0.86,200,14.0,6,0,6,1.0,hard,hard
memory_match,0.74,110,46.9,10,2,8,1.0,easy,medium
daily_routine_recall,0.87,200,13.0,4,0,4,1.0,hard,hard
object_recognition,0.81,114,46.0,10,2,8,0.91,easy,hard
object_recognition,0.82,191,27.0,8,1,7,1.0,hard,hard
pattern_recognition,0.98,194,31.7,5,0,5,1.0,easy,hard
memory_match,0.94,195,29.8,7,0,7,1.0,medium,medium
object_recognition,0.34,13,69.9,13,5,8,0.6,medium,easy
object_recognition,0.57,22,50.4,14,7,7,0.59,hard,easy
object_recognition,0.8,200,19.1,6,0,6,1.0,easy,hard
pattern_recognition,0.9,200,18.0,6,0,6,1.0,hard,hard
daily_routine_recall,0.83,188,28.8,4,0,4,1.0,medium,hard
object_recognition,0.8,189,27.5,4,0,4,1.0,hard,hard
object_recognition,0.5,20,105.0,10,3,7,0.51,easy,easy
daily_routine_recall,0.54,21,57.0,11,5,6,0.71,easy,easy
pattern_recognition,0.46,18,88.5,11,3,8,0.77,hard,easy
pattern_recognition,0.61,110,39.1,7,1,6,0.87,medium,medium
memory_match,0.51,20,84.8,15,5,10,0.72,medium,easy
pattern_recognition,0.71,128,26.2,7,2,5,0.97,medium,medium
daily_routine_recall,0.34,13,73.0,11,4,7,0.57,hard,easy
pattern_recognition,0.8,110,49.9,6,1,5,0.94,easy,medium
daily_routine_recall,0.64,98,53.7,9,2,7,0.93,easy,medium
object_recognition,0.79,116,42.3,10,1,9,1.0,hard,hard
daily_routine_recall,0.97,200,19.0,6,0,6,1.0,easy,hard
memory_match,0.76,108,49.2,7,1,6,0.85,hard,medium
memory_match,0.94,189,32.7,6,0,6,1.0,medium,hard
pattern_recognition,0.74,119,37.5,6,1,5,0.99,medium,medium
object_recognition,0.61,103,46.3,8,2,6,0.91,easy,medium
pattern_recognition,0.23,10,96.4,18,7,11,0.76,hard,easy
memory_match,0.66,115,37.7,10,2,8,0.85,easy,medium
daily_routine_recall,0.36,14,60.1,16,6,10,0.53,hard,easy
object_recognition,0.73,120,35.6,8,1,7,0.83,medium,medium
daily_routine_recall,0.77,125,32.5,10,2,8,0.86,medium,medium
daily_routine_recall,0.88,193,28.5,6,2,4,1.0,medium,hard
object_recognition,0.47,18,103.8,15,4,11,0.82,easy,easy
memory_match,0.71,115,39.6,10,2,8,0.82,hard,medium
pattern_recognition,0.51,20,73.3,15,5,10,0.75,hard,easy
object_recognition,0.34,13,51.5,17,6,11,0.67,medium,easy
pattern_recognition,0.81,185,29.4,5,0,5,1.0,hard,hard
memory_match,0.34,13,98.2,17,6,11,0.76,hard,easy
object_recognition,0.25,10,108.1,12,3,9,0.85,hard,easy
memory_match,0.71,124,30.4,8,2,6,0.96,medium,medium
memory_match,0.81,181,31.4,5,0,5,1.0,easy,hard
object_recognition,0.97,192,32.3,5,0,5,1.0,easy,hard
pattern_recognition,0.25,10,65.1,16,6,10,0.62,easy,easy
object_recognition,0.96,200,21.8,7,2,5,1.0,medium,hard
pattern_recognition,0.95,200,22.6,7,0,7,1.0,hard,hard
memory_match,0.93,200,17.2,6,2,4,1.0,medium,hard
object_recognition,0.26,10,57.7,12,4,8,0.47,medium,easy
memory_match,0.66,110,42.7,7,2,5,0.96,easy,medium
pattern_recognition,0.96,200,15.9,7,0,7,1.0,easy,hard
object_recognition,0.84,199,23.8,6,0,6,1.0,medium,hard
pattern_recognition,0.69,112,41.8,8,1,7,0.92,medium,medium
object_recognition,0.87,190,29.5,8,1,7,1.0,medium,hard
daily_routine_recall,0.95,193,31.2,7,0,7,1.0,easy,hard
pattern_recognition,0.83,200,12.1,6,0,6,1.0,medium,hard
object_recognition,1.0,200,26.5,7,1,6,1.0,easy,hard
memory_match,0.9,200,21.4,7,0,7,1.0,easy,hard
pattern_recognition,0.99,200,25.6,7,0,7,1.0,hard,hard
object_recognition,0.3,12,91.5,11,5,6,0.7,medium,hard
pattern_recognition,0.38,15,109.6,13,4,9,0.83,hard,easy
daily_routine_recall,0.52,20,103.7,11,4,7,0.52,easy,easy
daily_routine_recall,0.83,197,24.5,6,0,6,1.0,medium,hard
memory_match,0.71,114,40.8,10,3,7,0.87,easy,medium
daily_routine_recall,0.88,200,19.0,6,1,5,1.0,hard,hard
object_recognition,0.7,111,43.7,8,3,5,0.83,hard,medium
daily_routine_recall,0.94,200,20.9,7,0,7,1.0,hard,hard
memory_match,0.39,15,107.3,11,3,8,0.74,hard,easy
pattern_recognition,0.66,115,37.4,6,1,5,0.97,easy,medium
pattern_recognition,0.8,177,33.4,5,0,5,1.0,easy,hard
daily_routine_recall,0.25,10,46.7,12,3,9,0.67,medium,easy
object_recognition,0.94,200,17.6,5,0,5,1.0,easy,hard
object_recognition,0.42,16,64.4,16,5,11,0.42,hard,easy
memory_match,0.81,187,28.5,7,0,7,1.0,medium,hard
pattern_recognition,0.49,19,91.7,13,7,6,0.65,hard,easy
daily_routine_recall,0.87,200,21.1,4,0,4,1.0,hard,hard
daily_routine_recall,0.86,200,23.9,5,1,4,1.0,hard,hard
pattern_recognition,0.47,18,79.7,16,5,11,0.44,medium,easy
object_recognition,0.25,10,98.7,13,5,8,0.6,medium,easy
pattern_recognition,0.76,107,51.0,9,1,8,0.95,easy,medium
memory_match,0.99,200,11.4,7,0,7,1.0,hard,hard
daily_routine_recall,0.33,13,45.2,10,4,6,0.67,hard,easy
daily_routine_recall,0.51,20,98.6,12,6,6,0.75,medium,easy
pattern_recognition,0.54,21,71.6,13,7,6,0.53,medium,easy
pattern_recognition,0.26,10,73.3,14,6,8,0.66,medium,easy
memory_match,0.92,195,28.7,6,0,6,1.0,easy,hard
daily_routine_recall,0.76,132,25.6,8,2,6,0.82,hard,medium
daily_routine_recall,0.99,200,12.3,4,0,4,1.0,hard,hard
daily_routine_recall,0.58,23,79.1,18,7,11,0.67,hard,easy
pattern_recognition,0.74,106,50.4,9,1,8,0.98,medium,medium
object_recognition,0.98,189,34.4,9,2,7,1.0,medium,hard
memory_match,0.86,200,14.6,7,0,7,1.0,hard,hard
pattern_recognition,0.7,113,41.6,8,2,6,0.83,easy,medium
daily_routine_recall,0.86,200,15.6,6,1,5,1.0,easy,hard
daily_routine_recall,0.5,20,85.7,12,5,7,0.51,hard,easy
object_recognition,0.79,113,46.0,10,2,8,0.94,hard,hard
daily_routine_recall,0.81,195,24.1,4,0,4,1.0,medium,hard
object_recognition,0.93,188,32.8,5,0,5,1.0,hard,hard
pattern_recognition,0.88,181,34.1,5,0,5,1.0,medium,hard
daily_routine_recall,0.79,117,41.1,9,2,7,0.99,medium,hard
memory_match,0.92,193,30.0,7,0,7,1.0,easy,hard
memory_match,0.97,200,13.4,7,0,7,1.0,easy,hard
daily_routine_recall,0.6,121,28.3,10,2,8,0.99,hard,medium
memory_match,0.93,192,31.0,7,0,7,1.0,medium,hard
pattern_recognition,0.71,112,42.4,11,2,9,0.86,medium,medium
memory_match,0.46,18,100.1,9,3,6,0.82,medium,easy
memory_match,0.76,110,47.9,7,1,6,0.98,hard,medium
daily_routine_recall,0.9,184,33.6,5,0,5,1.0,easy,hard
memory_match,0.75,117,39.1,9,2,7,0.94,hard,medium
pattern_recognition,0.56,22,98.8,12,3,9,0.57,easy,easy
pattern_recognition,0.81,122,38.0,8,2,6,0.95,hard,hard
object_recognition,0.78,112,46.4,8,2,6,0.94,medium,hard
memory_match,0.88,197,26.3,5,0,5,1.0,medium,hard
memory_match,0.76,130,28.0,10,3,7,0.95,medium,medium
daily_routine_recall,0.23,10,59.5,14,6,8,0.72,easy,easy
object_recognition,0.72,102,53.5,7,2,5,0.99,easy,medium
memory_match,0.85,191,28.3,5,0,5,1.0,medium,hard
memory_match,0.35,14,59.7,14,7,7,0.54,medium,easy
daily_routine_recall,0.82,134,26.2,8,1,7,0.84,medium,hard
daily_routine_recall,0.54,21,97.6,15,6,9,0.74,hard,easy
memory_match,0.63,122,29.0,8,1,7,0.83,easy,medium
memory_match,1.0,200,12.4,6,0,6,1.0,hard,hard
object_recognition,0.67,106,46.8,7,1,6,0.91,easy,hard
daily_routine_recall,0.66,99,53.2,8,2,6,0.85,easy,medium
daily_routine_recall,0.68,100,53.5,8,2,6,0.94,medium,medium
daily_routine_recall,0.65,111,40.3,10,3,7,0.97,easy,medium
object_recognition,0.26,10,92.5,9,3,6,0.69,easy,easy
object_recognition,0.68,103,50.6,9,2,7,0.96,easy,medium
pattern_recognition,0.53,21,76.3,14,5,9,0.5,easy,easy
pattern_recognition,0.64,122,30.0,8,2,6,0.95,medium,medium
memory_match,0.82,192,26.4,7,0,7,1.0,easy,hard
object_recognition,0.79,120,38.5,7,1,6,0.92,hard,hard
object_recognition,0.72,111,44.5,7,1,6,0.84,hard,medium
pattern_recognition,0.77,122,35.2,11,2,9,0.88,medium,medium
object_recognition,0.47,18,59.7,14,5,9,0.68,easy,easy
memory_match,0.42,16,68.0,11,4,7,0.67,easy,easy
memory_match,0.38,15,90.4,16,7,9,0.8,hard,easy
daily_routine_recall,0.85,194,26.7,8,1,7,1.0,medium,hard
object_recognition,0.77,126,31.1,12,3,9,0.98,medium,medium
memory_match,0.47,18,92.0,11,4,7,0.5,medium,easy
pattern_recognition,0.6,103,46.5,6,1,5,0.87,easy,medium
daily_routine_recall,0.51,20,53.5,14,7,7,0.55,hard,easy
object_recognition,0.69,118,35.5,7,2,5,0.93,easy,medium
memory_match,0.88,200,23.1,8,2,6,1.0,hard,hard
pattern_recognition,1.0,200,12.2,7,0,7,1.0,easy,hard
pattern_recognition,0.31,12,80.1,16,6,10,0.54,easy,easy
memory_match,0.34,13,61.6,18,7,11,0.83,medium,easy
object_recognition,0.93,200,13.9,8,1,7,1.0,easy,hard
memory_match,0.69,114,39.8,9,1,8,0.82,medium,medium
pattern_recognition,0.78,114,44.7,7,2,5,0.98,easy,hard
memory_match,0.79,118,40.7,10,1,9,0.81,hard,hard
daily_routine_recall,0.81,118,41.5,7,2,5,0.91,easy,hard
daily_routine_recall,0.8,115,44.5,8,2,6,0.88,hard,hard
memory_match,0.5,20,79.0,18,7,11,0.44,easy,hard
daily_routine_recall,0.63,105,45.3,8,2,6,0.9,easy,medium
memory_match,0.53,21,51.8,17,7,10,0.65,medium,easy
object_recognition,0.76,129,29.0,9,3,6,0.89,medium,medium
memory_match,0.24,10,88.7,13,4,9,0.77,hard,easy
pattern_recognition,0.64,120,31.2,8,2,6,0.81,medium,medium
daily_routine_recall,0.92,200,24.6,5,0,5,1.0,hard,hard
daily_routine_recall,0.95,200,16.2,7,1,6,1.0,easy,hard
object_recognition,0.24,10,105.6,12,5,7,0.44,easy,easy
memory_match,0.88,200,25.0,7,0,7,1.0,easy,hard
pattern_recognition,0.95,200,26.1,4,0,4,1.0,easy,hard
memory_match,0.82,182,31.4,5,0,5,1.0,easy,hard
daily_routine_recall,0.79,119,39.4,7,2,5,0.81,hard,hard
pattern_recognition,0.84,200,13.2,7,0,7,1.0,hard,hard
pattern_recognition,0.75,115,41.1,10,2,8,0.92,easy,medium
daily_routine_recall,0.69,114,39.2,11,2,9,0.83,hard,medium
object_recognition,0.84,200,20.8,5,1,4,1.0,hard,hard
object_recognition,0.8,109,50.8,7,1,6,0.81,easy,medium
memory_match,0.82,192,26.1,5,0,5,1.0,easy,hard
pattern_recognition,0.43,17,66.1,16,6,10,0.59,medium,easy
memory_match,0.24,10,105.0,14,3,11,0.5,hard,easy
object_recognition,0.85,200,10.8,7,0,7,1.0,medium,hard
memory_match,0.77,120,38.0,10,1,9,0.92,easy,medium
object_recognition,0.79,119,39.4,10,1,9,0.93,hard,hard
daily_routine_recall,0.32,12,65.8,10,3,7,0.71,easy,hard
pattern_recognition,0.81,177,33.2,6,0,6,1.0,hard,hard
object_recognition,0.87,200,16.5,7,0,7,1.0,hard,hard
daily_routine_recall,0.23,10,101.9,12,6,6,0.58,medium,easy
daily_routine_recall,0.47,18,81.2,13,6,7,0.54,hard,easy
memory_match,0.4,16,76.5,16,5,11,0.57,hard,easy
pattern_recognition,0.27,10,104.3,13,6,7,0.46,medium,easy
memory_match,0.35,14,71.8,12,3,9,0.73,hard,easy
pattern_recognition,0.37,14,105.9,15,6,9,0.61,hard,medium
daily_routine_recall,0.42,16,90.0,13,3,10,0.8,medium,easy
daily_routine_recall,0.34,13,64.5,14,6,8,0.66,hard,easy
daily_routine_recall,0.3,12,97.1,13,5,8,0.71,medium,easy
memory_match,0.27,10,83.8,15,5,10,0.52,medium,easy
daily_routine_recall,0.72,115,41.0,7,1,6,0.9,easy,medium
memory_match,0.84,199,23.6,6,0,6,1.0,hard,hard
daily_routine_recall,0.98,200,26.9,7,0,7,1.0,hard,hard
pattern_recognition,0.29,11,102.0,10,3,7,0.79,medium,easy
pattern_recognition,0.9,200,14.8,5,1,4,1.0,hard,hard
object_recognition,0.81,113,46.1,9,1,8,0.81,easy,hard
object_recognition,0.47,18,47.2,12,6,6,0.61,medium,easy
memory_match,0.24,10,90.9,12,6,6,0.4,medium,easy
pattern_recognition,0.88,193,28.2,8,1,7,1.0,easy,hard
pattern_recognition,0.66,109,43.9,10,2,8,0.96,hard,easy
pattern_recognition,0.91,197,27.4,9,2,7,1.0,medium,hard
memory_match,0.56,22,75.0,12,3,9,0.62,easy,easy
object_recognition,0.77,127,30.1,11,2,9,0.83,hard,medium
pattern_recognition,0.45,18,97.1,11,4,7,0.6,hard,easy
object_recognition,0.36,14,61.4,10,4,6,0.74,medium,easy
memory_match,0.23,10,101.0,14,7,7,0.5,hard,easy
memory_match,0.23,10,64.6,12,4,8,0.65,medium,easy
memory_match,0.34,13,107.8,11,4,7,0.6,easy,easy
daily_routine_recall,0.5,20,45.9,11,5,6,0.73,hard,easy
object_recognition,0.65,125,26.8,6,1,5,0.88,hard,medium
daily_routine_recall,0.7,115,39.1,9,2,7,0.89,medium,medium
memory_match,0.93,186,33.8,5,1,4,1.0,hard,hard
memory_match,0.38,15,58.7,14,5,9,0.66,easy,easy
daily_routine_recall,0.8,200,11.5,9,2,7,1.0,easy,hard
object_recognition,0.53,21,94.8,14,3,11,0.54,easy,easy
memory_match,0.69,110,44.0,7,1,6,0.93,easy,medium
daily_routine_recall,0.74,125,31.3,10,1,9,0.88,hard,medium
object_recognition,0.83,185,30.4,7,0,7,1.0,hard,hard
memory_match,0.49,19,73.6,16,6,10,0.49,medium,easy
pattern_recognition,0.68,110,44.0,10,1,9,0.97,easy,medium
daily_routine_recall,0.69,115,38.4,9,3,6,0.86,easy,medium
memory_match,0.86,194,27.0,7,0,7,1.0,easy,hard
object_recognition,0.7,122,32.7,8,2,6,0.96,hard,medium
object_recognition,0.82,200,12.9,5,0,5,1.0,easy,hard
daily_routine_recall,0.21,10,88.6,10,4,6,0.56,medium,easy
object_recognition,0.79,108,50.6,9,1,8,0.95,hard,hard
memory_match,0.36,14,60.6,15,7,8,0.74,easy,easy
pattern_recognition,0.22,10,107.3,17,6,11,0.78,medium,easy
object_recognition,0.49,19,66.4,13,3,10,0.43,easy,easy
daily_routine_recall,0.44,17,72.1,12,3,9,0.71,easy,easy
pattern_recognition,0.81,118,41.6,11,2,9,0.83,easy,hard
object_recognition,0.67,122,31.0,8,2,6,0.93,medium,medium
object_recognition,1.0,200,12.3,5,0,5,1.0,hard,hard
pattern_recognition,0.75,109,47.3,11,3,8,0.92,medium,medium
object_recognition,0.83,200,16.6,7,1,6,1.0,hard,hard
object_recognition,0.96,200,17.5,7,0,7,1.0,easy,hard
pattern_recognition,0.35,14,84.4,15,4,11,0.4,hard,easy
memory_match,0.37,14,61.6,16,7,9,0.57,easy,easy
object_recognition,0.25,10,91.2,14,4,10,0.78,easy,easy
daily_routine_recall,0.31,12,48.7,14,7,7,0.59,medium,easy
pattern_recognition,0.7,128,27.0,8,2,6,0.9,hard,medium
pattern_recognition,0.94,200,16.8,7,0,7,1.0,easy,hard
pattern_recognition,0.99,200,16.7,5,0,5,1.0,medium,medium
daily_routine_recall,0.86,195,26.4,5,1,4,1.0,easy,hard
memory_match,0.84,200,22.8,6,0,6,1.0,medium,hard
memory_match,0.72,110,45.1,10,1,9,0.92,easy,medium
pattern_recognition,0.33,13,88.4,17,7,10,0.54,easy,easy
object_recognition,0.57,22,67.6,11,3,8,0.72,easy,easy
pattern_recognition,0.98,193,32.5,5,0,5,1.0,hard,hard
daily_routine_recall,0.73,120,36.0,12,3,9,0.81,medium,medium
object_recognition,0.96,200,23.6,5,0,5,1.0,hard,easy
pattern_recognition,0.95,191,32.4,5,0,5,1.0,easy,easy
pattern_recognition,0.74,105,51.4,11,2,9,0.82,easy,medium
object_recognition,0.91,200,12.8,4,0,4,1.0,hard,hard
daily_routine_recall,0.37,14,47.9,14,6,8,0.74,hard,easy
pattern_recognition,0.23,10,54.6,17,6,11,0.69,medium,easy
pattern_recognition,0.28,11,48.5,13,6,7,0.42,hard,easy
memory_match,0.73,124,31.8,9,3,6,0.91,easy,medium
memory_match,0.76,131,26.3,6,1,5,0.97,hard,medium
object_recognition,0.32,12,71.7,13,4,9,0.45,medium,easy
daily_routine_recall,0.61,103,46.7,10,2,8,0.86,hard,medium
memory_match,0.56,22,109.2,17,7,10,0.61,easy,easy
daily_routine_recall,0.56,22,106.4,12,4,8,0.67,easy,easy
memory_match,0.37,14,68.2,10,3,7,0.79,easy,easy
daily_routine_recall,0.8,189,27.1,5,0,5,1.0,easy,hard
memory_match,0.67,114,38.3,8,1,7,0.85,easy,medium
memory_match,0.75,104,52.7,9,1,8,0.91,hard,medium
daily_routine_recall,0.67,122,30.3,10,3,7,0.98,easy,medium
daily_routine_recall,0.97,200,22.8,7,1,6,1.0,medium,hard
object_recognition,0.68,100,53.5,8,3,5,0.84,hard,medium
memory_match,0.79,122,36.8,8,1,7,0.93,medium,hard
memory_match,0.21,10,53.3,16,5,11,0.42,hard,medium
object_recognition,0.34,13,46.1,16,5,11,0.74,hard,easy
pattern_recognition,0.81,132,27.6,7,2,5,0.87,hard,hard
memory_match,0.55,22,105.6,11,4,7,0.6,hard,easy
pattern_recognition,0.25,10,62.7,15,5,10,0.72,hard,easy
daily_routine_recall,0.53,21,69.9,11,5,6,0.57,medium,easy
daily_routine_recall,0.6,103,46.7,10,1,9,0.81,hard,medium
object_recognition,0.51,20,109.3,12,4,8,0.68,easy,easy
memory_match,0.86,178,34.8,6,0,6,1.0,easy,hard
object_recognition,0.3,12,94.6,14,5,9,0.6,easy,easy
daily_routine_recall,0.54,21,108.1,10,4,6,0.59,hard,easy
object_recognition,0.52,20,83.4,18,7,11,0.8,medium,easy
pattern_recognition,0.79,125,33.9,7,2,5,0.94,easy,hard
daily_routine_recall,0.23,10,89.4,11,3,8,0.67,easy,easy
object_recognition,0.66,120,33.0,7,2,5,0.99,medium,medium
object_recognition,0.4,16,99.0,13,3,10,0.7,hard,easy
object_recognition,0.6,110,39.3,9,1,8,0.96,easy,medium
object_recognition,0.83,177,34.1,7,0,7,1.0,medium,hard
pattern_recognition,0.71,102,52.9,12,3,9,0.82,medium,medium
daily_routine_recall,0.24,10,64.5,11,5,6,0.62,medium,easy
object_recognition,0.97,192,32.4,6,0,6,1.0,medium,hard
memory_match,0.35,14,98.7,10,4,6,0.58,hard,easy
memory_match,0.57,22,51.5,15,6,9,0.54,easy,easy
pattern_recognition,0.8,108,51.1,9,1,8,0.86,hard,medium
pattern_recognition,0.69,120,33.4,12,3,9,0.83,medium,medium
daily_routine_recall,0.75,125,31.4,9,3,6,0.97,medium,medium
object_recognition,0.26,10,98.5,16,6,10,0.5,easy,easy
memory_match,0.69,99,54.6,11,2,9,0.97,medium,medium
daily_routine_recall,0.73,119,36.7,9,2,7,0.91,easy,medium
object_recognition,0.98,200,26.9,5,0,5,1.0,easy,hard
memory_match,0.77,118,39.5,8,3,5,0.88,medium,easy
object_recognition,0.96,200,23.7,4,0,4,1.0,easy,hard
memory_match,0.71,126,28.3,11,2,9,0.86,hard,medium
daily_routine_recall,0.79,113,45.3,7,1,6,0.98,medium,hard
pattern_recognition,0.83,200,18.5,6,0,6,1.0,easy,hard
daily_routine_recall,0.2,10,105.5,15,5,10,0.73,hard,easy
memory_match,0.74,120,36.3,10,1,9,0.97,medium,medium
object_recognition,0.94,200,10.4,5,0,5,1.0,medium,hard
daily_routine_recall,0.47,18,68.9,11,5,6,0.49,easy,easy
object_recognition,0.62,122,28.6,11,2,9,0.88,medium,medium
daily_routine_recall,0.79,106,52.2,10,2,8,0.95,medium,hard
pattern_recognition,0.67,114,38.6,7,1,6,0.9,hard,medium
object_recognition,0.89,200,20.6,6,0,6,1.0,easy,hard
pattern_recognition,0.82,181,31.6,6,0,6,1.0,easy,hard
pattern_recognition,0.94,194,30.3,6,0,6,1.0,medium,hard
daily_routine_recall,0.4,16,59.5,16,7,9,0.46,easy,easy
pattern_recognition,0.79,121,37.4,7,1,6,0.82,medium,hard
object_recognition,0.81,200,12.8,4,0,4,1.0,medium,hard
object_recognition,0.9,200,12.5,6,1,5,1.0,easy,hard
memory_match,0.4,16,92.1,14,5,9,0.75,easy,easy
pattern_recognition,0.83,193,26.2,9,2,7,1.0,medium,hard
pattern_recognition,0.67,113,39.9,8,2,6,0.98,hard,medium
pattern_recognition,0.94,200,26.0,7,0,7,1.0,easy,hard
memory_match,0.67,102,50.9,11,2,9,0.99,medium,medium
memory_match,0.67,113,39.4,11,3,8,0.85,hard,medium
object_recognition,0.63,105,46.0,10,1,9,0.88,medium,medium
object_recognition,0.78,105,53.5,12,3,9,0.98,hard,medium
pattern_recognition,0.74,103,53.1,10,1,9,0.97,medium,medium
pattern_recognition,0.79,109,49.9,9,2,7,0.84,hard,medium
object_recognition,0.8,125,34.2,6,1,5,0.85,hard,hard
memory_match,0.22,10,48.2,14,7,7,0.74,easy,easy
memory_match,0.71,119,35.3,8,2,6,0.86,hard,medium
memory_match,0.62,121,29.4,11,2,9,0.97,hard,medium
memory_match,0.75,109,48.0,8,3,5,1.0,hard,medium
pattern_recognition,0.78,121,38.0,8,2,6,0.82,easy,hard
memory_match,0.68,116,37.1,8,1,7,0.85,easy,medium
daily_routine_recall,0.68,114,40.0,12,3,9,0.98,medium,medium
object_recognition,0.73,102,53.5,12,3,9,0.96,easy,medium
daily_routine_recall,0.88,200,23.5,6,1,5,1.0,medium,hard
object_recognition,0.5,20,95.8,15,4,11,0.66,hard,medium
memory_match,0.52,20,89.7,18,7,11,0.55,easy,easy
daily_routine_recall,0.83,200,15.8,7,2,5,1.0,hard,hard
daily_routine_recall,0.88,200,14.3,6,0,6,1.0,easy,hard
pattern_recognition,0.72,124,31.5,7,1,6,0.84,hard,medium
object_recognition,0.95,200,17.1,6,1,5,1.0,easy,hard
object_recognition,0.22,10,92.4,13,6,7,0.53,hard,easy
daily_routine_recall,0.42,16,95.2,13,4,9,0.52,hard,easy
memory_match,0.33,13,75.2,14,6,8,0.84,hard,easy
object_recognition,0.72,117,39.0,9,3,6,0.87,hard,medium
pattern_recognition,0.26,10,86.3,15,6,9,0.85,medium,easy
memory_match,0.34,13,83.9,14,6,8,0.45,medium,easy
pattern_recognition,0.94,200,20.2,4,0,4,1.0,easy,hard
memory_match,0.74,128,29.0,11,2,9,0.86,hard,hard
pattern_recognition,0.82,181,31.6,5,0,5,1.0,medium,hard
daily_routine_recall,0.21,10,108.3,17,7,10,0.77,easy,easy
pattern_recognition,0.41,16,62.2,12,5,7,0.62,medium,easy
pattern_recognition,0.69,108,46.0,10,3,7,0.94,hard,medium
memory_match,0.44,17,86.9,18,7,11,0.61,medium,easy
memory_match,0.95,200,24.8,7,0,7,1.0,hard,hard
memory_match,0.96,200,14.1,5,0,5,1.0,medium,hard
pattern_recognition,0.61,98,51.6,10,2,8,0.97,medium,medium
memory_match,0.76,126,31.5,6,1,5,0.97,easy,medium
pattern_recognition,0.33,13,50.5,10,4,6,0.63,medium,easy
memory_match,0.23,10,98.1,13,5,8,0.69,medium,easy
memory_match,0.89,197,26.6,7,1,6,1.0,easy,hard
daily_routine_recall,0.6,124,25.7,7,1,6,0.85,hard,medium
pattern_recognition,0.28,11,109.1,15,4,11,0.46,medium,easy
memory_match,0.72,105,50.7,11,2,9,0.91,easy,medium
object_recognition,0.94,198,28.2,7,0,7,1.0,hard,hard
pattern_recognition,0.95,199,28.5,5,0,5,1.0,hard,hard
memory_match,0.93,193,30.5,5,0,5,1.0,easy,easy
pattern_recognition,0.76,115,42.6,9,2,7,0.9,easy,medium
pattern_recognition,0.63,114,36.9,10,1,9,1.0,easy,medium
memory_match,0.82,188,28.1,7,0,7,1.0,hard,hard
daily_routine_recall,0.75,103,54.0,9,1,8,0.83,medium,medium
memory_match,0.85,200,22.9,4,0,4,1.0,medium,hard
daily_routine_recall,0.95,200,24.3,7,0,7,1.0,medium,hard
object_recognition,0.74,118,38.1,11,2,9,0.96,hard,medium
daily_routine_recall,0.25,10,60.7,15,4,11,0.76,easy,easy
daily_routine_recall,0.49,19,104.8,14,4,10,0.75,medium,easy
daily_routine_recall,0.24,10,56.2,10,4,6,0.8,easy,easy
object_recognition,0.75,102,54.5,9,1,8,0.81,medium,medium
daily_routine_recall,0.99,192,33.1,9,2,7,1.0,medium,hard
object_recognition,0.54,21,102.2,13,4,9,0.65,medium,easy
daily_routine_recall,0.25,10,79.6,14,6,8,0.76,hard,easy
memory_match,0.77,105,52.3,10,1,9,0.92,hard,medium
daily_routine_recall,1.0,200,25.0,5,1,4,1.0,hard,hard
daily_routine_recall,0.44,17,85.9,14,6,8,0.61,medium,easy
daily_routine_recall,0.38,15,47.2,14,6,8,0.76,medium,easy
memory_match,0.89,199,25.9,6,1,5,1.0,easy,hard
pattern_recognition,0.47,18,45.4,17,6,11,0.72,medium,hard
memory_match,0.62,118,32.3,7,1,6,0.88,hard,medium
daily_routine_recall,0.93,200,11.4,6,0,6,1.0,easy,hard
daily_routine_recall,0.5,20,60.7,15,7,8,0.62,hard,easy
memory_match,0.72,106,49.5,9,2,7,0.99,hard,medium
memory_match,0.94,200,20.4,7,1,6,1.0,hard,hard
object_recognition,0.82,114,46.9,9,1,8,0.97,medium,hard
memory_match,0.76,106,51.5,8,2,6,1.0,medium,medium
daily_routine_recall,0.53,21,109.9,13,6,7,0.73,medium,easy
pattern_recognition,0.75,122,34.5,10,1,9,0.97,hard,medium
pattern_recognition,0.2,10,46.4,12,4,8,0.73,hard,easy
memory_match,0.78,113,45.6,9,2,7,0.84,medium,hard
object_recognition,0.96,200,20.4,5,0,5,1.0,easy,hard
memory_match,0.98,200,16.9,4,0,4,1.0,medium,medium
memory_match,0.97,190,33.1,8,1,7,1.0,medium,hard
daily_routine_recall,0.62,116,34.8,7,1,6,0.94,medium,medium
daily_routine_recall,0.8,200,12.9,7,1,6,1.0,medium,hard
daily_routine_recall,0.79,113,45.4,9,3,6,0.81,hard,medium
memory_match,0.83,200,13.4,6,0,6,1.0,medium,hard
pattern_recognition,0.41,16,74.4,12,6,6,0.6,easy,easy
daily_routine_recall,0.85,194,27.0,5,1,4,1.0,hard,hard
pattern_recognition,0.44,17,55.3,13,6,7,0.6,easy,easy
daily_routine_recall,0.55,22,75.4,12,3,9,0.46,hard,easy
memory_match,0.2,10,79.6,17,7,10,0.67,medium,easy
daily_routine_recall,0.66,122,30.3,10,2,8,0.81,easy,medium
object_recognition,0.94,193,30.9,6,1,5,1.0,medium,hard
pattern_recognition,0.82,135,25.1,9,3,6,0.99,hard,medium
daily_routine_recall,0.86,195,26.4,4,0,4,1.0,easy,hard
object_recognition,0.76,130,27.5,6,1,5,0.89,hard,medium
pattern_recognition,0.79,120,38.5,10,3,7,0.99,hard,medium
daily_routine_recall,0.96,200,15.6,5,1,4,1.0,medium,hard
memory_match,0.74,129,27.2,9,3,6,0.98,medium,medium
daily_routine_recall,0.33,13,90.9,17,7,10,0.53,hard,easy
pattern_recognition,0.39,15,88.4,12,4,8,0.71,hard,easy
object_recognition,0.3,12,107.3,12,3,9,0.64,easy,easy
object_recognition,0.53,21,80.3,15,6,9,0.78,medium,easy
daily_routine_recall,0.91,200,15.2,4,0,4,1.0,easy,hard
daily_routine_recall,0.89,191,29.8,5,0,5,1.0,medium,hard
pattern_recognition,0.24,10,70.7,11,5,6,0.5,hard,easy
pattern_recognition,0.62,106,44.2,8,2,6,0.95,medium,medium
pattern_recognition,0.39,15,71.2,12,6,6,0.5,medium,easy
object_recognition,0.8,195,24.4,6,0,6,1.0,easy,hard
memory_match,0.73,111,44.4,9,3,6,0.93,easy,medium
memory_match,0.35,14,81.5,14,3,11,0.61,easy,easy
pattern_recognition,0.36,14,54.7,11,5,6,0.58,medium,easy
object_recognition,0.79,128,30.7,7,2,5,0.93,medium,hard
memory_match,0.61,107,42.6,8,2,6,0.84,medium,medium
object_recognition,0.78,132,26.6,10,1,9,0.92,hard,hard
memory_match,0.72,122,33.2,10,1,9,0.86,medium,medium
memory_match,0.76,107,50.9,8,1,7,0.97,hard,medium
object_recognition,0.76,113,44.8,10,2,8,0.81,easy,medium
pattern_recognition,0.62,113,37.9,8,2,6,0.95,hard,medium
object_recognition,0.67,115,37.8,9,1,8,0.95,hard,medium
memory_match,0.55,22,91.0,10,3,7,0.43,hard,easy
pattern_recognition,0.38,15,97.1,14,5,9,0.56,easy,easy
daily_routine_recall,0.37,14,83.7,12,5,7,0.82,easy,easy
daily_routine_recall,0.85,178,34.7,7,0,7,1.0,easy,hard
object_recognition,0.78,115,43.9,7,1,6,0.82,medium,hard
daily_routine_recall,0.24,10,67.6,13,6,7,0.76,medium,easy
pattern_recognition,0.92,200,12.5,7,0,7,1.0,medium,hard
daily_routine_recall,0.45,18,56.4,11,3,8,0.69,hard,easy
object_recognition,0.61,124,25.4,6,1,5,0.88,hard,medium
pattern_recognition,0.8,132,27.2,8,3,5,0.86,easy,medium
pattern_recognition,0.71,106,48.5,9,3,6,0.88,easy,medium
pattern_recognition,0.93,200,23.7,4,0,4,1.0,easy,hard
daily_routine_recall,0.43,17,69.5,16,7,9,0.65,easy,easy
memory_match,0.87,200,19.1,6,1,5,1.0,easy,hard
memory_match,0.74,106,50.1,9,1,8,0.81,hard,medium
memory_match,0.43,17,76.5,16,6,10,0.8,medium,easy
memory_match,0.91,200,20.3,6,0,6,1.0,easy,hard
daily_routine_recall,0.98,200,26.0,5,1,4,1.0,easy,hard
pattern_recognition,0.36,14,83.6,15,4,11,0.82,easy,easy
daily_routine_recall,0.73,121,34.3,11,2,9,0.83,medium,medium
daily_routine_recall,0.66,107,45.4,6,1,5,0.84,hard,medium
object_recognition,0.74,102,54.3,12,3,9,0.99,easy,medium
daily_routine_recall,0.98,199,29.4,7,1,6,1.0,hard,hard
object_recognition,0.71,100,54.7,8,3,5,0.9,easy,medium
memory_match,0.63,125,25.1,7,2,5,0.87,easy,medium
pattern_recognition,0.64,113,39.0,8,1,7,0.88,medium,hard
object_recognition,0.38,15,75.3,9,3,6,0.52,medium,easy
pattern_recognition,0.92,184,34.4,5,0,5,1.0,medium,hard
daily_routine_recall,0.81,200,10.8,5,0,5,1.0,hard,hard
object_recognition,0.54,21,66.7,13,6,7,0.82,hard,easy
daily_routine_recall,0.62,105,45.2,10,1,9,0.82,medium,medium
daily_routine_recall,0.21,10,51.8,11,3,8,0.84,medium,easy
daily_routine_recall,0.45,18,95.6,17,7,10,0.4,hard,easy
object_recognition,0.75,122,34.7,10,2,8,0.91,hard,medium
memory_match,0.96,187,34.5,5,0,5,1.0,medium,hard
pattern_recognition,0.7,107,47.2,7,2,5,0.81,hard,medium
pattern_recognition,0.68,110,43.3,7,1,6,0.82,medium,medium
daily_routine_recall,0.8,113,46.2,6,1,5,0.96,easy,hard
daily_routine_recall,0.43,17,106.4,12,5,7,0.85,hard,easy
daily_routine_recall,0.65,114,37.5,9,1,8,0.92,easy,medium
memory_match,0.77,122,35.2,6,1,5,0.89,easy,medium
daily_routine_recall,0.88,180,34.7,6,0,6,1.0,hard,hard
pattern_recognition,1.0,200,27.5,6,0,6,1.0,easy,hard
pattern_recognition,0.82,200,19.6,9,2,7,1.0,medium,hard
daily_routine_recall,0.32,12,63.8,13,6,7,0.8,easy,easy
daily_routine_recall,0.87,200,20.6,5,0,5,1.0,easy,hard
object_recognition,0.43,17,89.2,17,7,10,0.59,medium,easy
daily_routine_recall,0.64,126,25.2,8,3,5,0.99,hard,medium
object_recognition,0.79,133,25.2,10,2,8,0.85,hard,hard
pattern_recognition,0.42,16,90.5,17,7,10,0.68,hard,easy
object_recognition,0.57,22,102.4,12,6,6,0.55,hard,easy
memory_match,0.82,200,14.7,6,0,6,1.0,medium,hard
object_recognition,0.28,11,108.3,15,7,8,0.83,hard,easy
object_recognition,0.53,21,49.4,11,3,8,0.76,easy,easy
daily_routine_recall,0.81,200,14.9,4,0,4,1.0,hard,hard
object_recognition,0.65,110,41.4,11,3,8,0.88,medium,medium
object_recognition,0.38,15,96.4,15,4,11,0.59,medium,easy
memory_match,0.3,12,66.2,12,3,9,0.47,medium,easy
daily_routine_recall,0.97,200,18.9,7,0,7,1.0,easy,hard
pattern_recognition,0.99,196,31.2,9,2,7,1.0,hard,hard
daily_routine_recall,0.66,100,52.4,10,2,8,0.94,easy,medium
memory_match,0.91,187,32.5,5,0,5,1.0,medium,hard
memory_match,0.23,10,61.9,10,4,6,0.41,easy,easy
memory_match,0.96,192,32.0,4,0,4,1.0,medium,hard
daily_routine_recall,0.75,103,53.2,10,2,8,0.83,hard,medium
memory_match,0.88,200,24.6,5,1,4,1.0,easy,hard
memory_match,0.4,16,60.0,13,7,6,0.64,hard,easy
object_recognition,0.36,14,62.5,15,6,9,0.48,easy,easy
pattern_recognition,0.92,198,27.1,7,0,7,1.0,medium,hard
memory_match,0.93,190,32.0,6,0,6,1.0,medium,hard
memory_match,0.35,14,56.6,12,5,7,0.66,easy,easy
memory_match,0.5,20,68.8,13,3,10,0.6,hard,easy
memory_match,0.26,10,75.3,16,5,11,0.77,medium,easy
object_recognition,0.37,14,83.6,15,4,11,0.69,medium,easy
daily_routine_recall,0.82,134,26.5,9,3,6,0.8,medium,medium
pattern_recognition,0.67,117,36.0,7,1,6,0.86,hard,medium
object_recognition,0.85,200,13.2,4,0,4,1.0,hard,hard
pattern_recognition,0.29,11,52.9,13,4,9,0.63,hard,easy
pattern_recognition,1.0,200,27.4,5,0,5,1.0,easy,hard
pattern_recognition,0.77,119,39.0,8,2,6,0.86,medium,medium
memory_match,0.63,119,31.8,8,2,6,0.97,hard,medium
daily_routine_recall,0.81,107,52.8,9,2,7,0.86,medium,medium
memory_match,0.65,120,31.5,9,1,8,0.95,medium,medium
pattern_recognition,0.7,123,31.4,7,1,6,0.94,easy,medium
object_recognition,0.91,200,20.0,5,0,5,1.0,easy,hard
object_recognition,0.66,125,27.6,9,3,6,0.84,easy,medium
object_recognition,0.61,102,47.2,7,1,6,0.81,hard,medium
pattern_recognition,0.85,188,29.8,8,1,7,1.0,medium,hard
pattern_recognition,0.94,200,12.3,7,0,7,1.0,medium,hard
memory_match,1.0,200,26.4,7,0,7,1.0,easy,hard
daily_routine_recall,0.9,196,27.9,7,0,7,1.0,medium,hard
pattern_recognition,0.84,194,26.4,6,0,6,1.0,medium,hard
object_recognition,0.84,200,21.7,5,0,5,1.0,easy,hard
object_recognition,0.97,200,18.0,6,2,4,1.0,hard,hard
daily_routine_recall,0.86,200,19.0,8,2,6,1.0,easy,hard
daily_routine_recall,0.89,181,34.7,7,0,7,1.0,hard,hard
memory_match,0.54,21,67.2,13,5,8,0.58,easy,easy
pattern_recognition,0.21,10,83.5,18,7,11,0.49,easy,easy
object_recognition,0.64,107,44.6,10,1,9,0.88,hard,medium
pattern_recognition,0.27,10,79.9,16,7,9,0.44,hard,easy
pattern_recognition,0.62,113,37.8,9,3,6,0.82,hard,medium
object_recognition,0.43,17,89.2,15,6,9,0.46,easy,easy
memory_match,0.86,194,26.6,5,0,5,1.0,easy,hard
daily_routine_recall,0.93,200,24.5,7,1,6,1.0,hard,hard
pattern_recognition,0.42,16,95.6,17,7,10,0.7,medium,easy
object_recognition,0.96,200,26.7,6,1,5,1.0,easy,hard
pattern_recognition,0.61,107,42.4,6,1,5,0.91,easy,medium
daily_routine_recall,0.39,15,65.2,13,7,6,0.57,easy,easy
object_recognition,0.24,10,82.2,14,4,10,0.47,hard,easy
memory_match,0.82,200,19.5,6,1,5,1.0,hard,hard
memory_match,0.28,11,62.1,15,5,10,0.72,easy,easy
object_recognition,0.98,200,26.0,5,0,5,1.0,hard,hard
daily_routine_recall,0.93,200,22.4,5,0,5,1.0,easy,hard
object_recognition,0.37,14,80.9,12,6,6,0.52,easy,easy
object_recognition,0.7,115,39.1,7,1,6,0.88,hard,medium
pattern_recognition,0.72,113,43.0,11,3,8,0.83,easy,medium
object_recognition,0.83,200,12.5,8,1,7,1.0,easy,hard
daily_routine_recall,0.55,22,87.2,12,3,9,0.66,easy,easy
memory_match,0.97,200,28.0,4,0,4,1.0,hard,hard
pattern_recognition,0.81,128,31.1,6,1,5,0.9,medium,hard
daily_routine_recall,0.43,17,50.1,12,5,7,0.41,easy,easy
memory_match,0.81,197,23.4,6,1,5,1.0,hard,hard
daily_routine_recall,0.83,183,31.1,4,0,4,1.0,medium,hard
memory_match,0.76,120,37.1,11,2,9,0.81,hard,medium
daily_routine_recall,0.29,11,89.5,11,4,7,0.51,hard,medium
daily_routine_recall,0.79,116,42.5,10,1,9,0.89,easy,hard
memory_match,0.31,12,60.2,11,5,6,0.4,easy,easy
daily_routine_recall,0.4,16,96.6,13,5,8,0.67,hard,easy
memory_match,0.93,200,26.4,7,0,7,1.0,hard,hard
memory_match,0.24,10,101.0,14,7,7,0.62,medium,easy
memory_match,0.65,108,43.1,7,2,5,0.81,hard,medium
daily_routine_recall,0.33,13,94.0,17,7,10,0.51,hard,easy
object_recognition,0.48,19,93.6,18,7,11,0.63,hard,easy
object_recognition,0.8,115,44.2,9,1,8,0.94,medium,hard
pattern_recognition,0.29,11,109.2,12,6,6,0.71,easy,easy
object_recognition,0.82,200,16.3,7,0,7,1.0,hard,hard
object_recognition,0.81,130,29.1,9,2,7,0.95,easy,hard
pattern_recognition,0.81,200,15.1,7,1,6,1.0,medium,hard
pattern_recognition,0.64,103,48.9,8,2,6,0.89,easy,medium
daily_routine_recall,0.24,10,104.5,13,5,8,0.43,medium,easy
memory_match,0.4,16,50.4,12,6,6,0.68,easy,easy
memory_match,0.64,126,25.6,8,1,7,0.95,easy,medium
memory_match,0.82,200,15.5,7,0,7,1.0,easy,hard
memory_match,0.28,11,66.3,10,4,6,0.52,easy,easy
pattern_recognition,0.38,15,60.1,15,7,8,0.44,medium,easy
pattern_recognition,0.2,10,46.9,13,7,6,0.48,medium,easy
object_recognition,0.54,21,61.2,12,6,6,0.45,hard,easy
memory_match,0.96,194,30.7,5,1,4,1.0,medium,hard
daily_routine_recall,0.74,106,50.1,7,1,6,0.93,easy,medium
daily_routine_recall,0.71,119,35.9,11,2,9,0.88,hard,medium
pattern_recognition,0.73,108,47.9,10,2,8,0.85,hard,medium
memory_match,0.67,123,29.8,8,3,5,0.92,easy,medium
object_recognition,0.27,10,69.4,15,5,10,0.59,medium,easy
pattern_recognition,0.27,10,105.1,14,7,7,0.45,hard,easy
pattern_recognition,0.74,132,25.0,6,1,5,0.96,easy,medium
pattern_recognition,0.21,10,109.0,12,5,7,0.56,easy,easy
object_recognition,0.31,12,56.3,18,7,11,0.83,easy,easy
memory_match,0.69,100,53.6,10,3,7,0.88,medium,medium
daily_routine_recall,0.34,13,60.9,9,3,6,0.71,easy,easy
object_recognition,0.22,10,98.1,15,5,10,0.55,medium,easy
object_recognition,0.38,15,83.8,14,7,7,0.45,medium,easy
object_recognition,0.88,200,22.7,8,2,6,1.0,easy,hard
memory_match,0.77,104,53.8,9,2,7,0.88,hard,medium
memory_match,0.74,125,31.4,9,1,8,0.99,hard,medium
daily_routine_recall,0.27,10,94.7,13,4,9,0.57,hard,easy
daily_routine_recall,0.82,200,18.8,5,0,5,1.0,hard,hard
object_recognition,0.93,200,20.6,7,0,7,1.0,hard,hard
memory_match,0.8,123,37.0,9,1,8,0.9,hard,hard
daily_routine_recall,0.65,100,51.8,10,3,7,0.89,hard,medium
daily_routine_recall,0.66,99,53.3,9,3,6,0.91,easy,medium
pattern_recognition,0.39,15,97.2,12,6,6,0.64,easy,easy
daily_routine_recall,0.33,13,58.5,16,5,11,0.61,easy,easy
daily_routine_recall,0.84,200,18.4,6,2,4,1.0,medium,hard
daily_routine_recall,0.77,128,29.2,12,3,9,0.95,medium,medium
memory_match,0.72,106,49.9,9,2,7,0.98,easy,medium
daily_routine_recall,0.34,13,49.9,14,6,8,0.6,medium,easy
memory_match,0.44,17,88.3,11,4,7,0.53,medium,easy
daily_routine_recall,0.9,188,31.7,5,1,4,1.0,medium,hard
pattern_recognition,0.24,10,50.5,10,4,6,0.54,medium,easy
memory_match,0.99,199,29.6,5,0,5,1.0,medium,hard
memory_match,0.36,14,91.5,14,6,8,0.45,medium,easy
daily_routine_recall,0.71,103,51.2,9,3,6,0.87,medium,medium
pattern_recognition,0.84,184,31.5,4,0,4,1.0,easy,hard
pattern_recognition,0.97,200,24.9,4,0,4,1.0,easy,hard
object_recognition,0.73,110,45.1,9,1,8,0.86,hard,medium
pattern_recognition,0.88,191,29.1,6,0,6,1.0,easy,hard
daily_routine_recall,0.88,199,25.3,6,0,6,1.0,easy,hard
daily_routine_recall,0.94,200,26.1,5,1,4,1.0,hard,hard
pattern_recognition,0.56,22,72.9,17,6,11,0.6,medium,easy
object_recognition,0.9,200,25.8,5,1,4,1.0,easy,hard
pattern_recognition,0.98,198,29.8,6,0,6,1.0,medium,hard
object_recognition,0.93,198,27.9,5,0,5,1.0,easy,hard
daily_routine_recall,0.22,10,79.5,12,6,6,0.7,easy,easy
daily_routine_recall,0.6,102,47.7,6,1,5,0.97,medium,medium
daily_routine_recall,0.75,114,42.3,10,1,9,0.89,medium,medium
pattern_recognition,0.52,20,85.0,12,6,6,0.59,medium,easy
pattern_recognition,0.47,18,108.3,13,4,9,0.64,hard,easy
pattern_recognition,0.89,182,34.4,4,0,4,1.0,medium,hard
daily_routine_recall,0.64,125,26.8,8,1,7,0.99,easy,medium
memory_match,0.98,190,33.6,4,0,4,1.0,hard,hard
memory_match,0.51,20,66.0,18,7,11,0.47,easy,easy
object_recognition,0.93,200,11.3,6,0,6,1.0,hard,hard
memory_match,0.64,111,40.3,6,1,5,0.82,hard,medium
object_recognition,0.68,102,52.0,9,1,8,0.8,medium,medium
daily_routine_recall,0.8,119,40.6,8,1,7,0.98,easy,hard
daily_routine_recall,0.81,130,29.7,9,1,8,0.87,easy,hard
memory_match,0.22,10,108.3,12,4,8,0.83,hard,easy
object_recognition,0.34,13,45.7,15,4,11,0.84,medium,easy
memory_match,0.99,200,14.0,6,0,6,1.0,medium,hard
pattern_recognition,0.65,101,50.4,10,2,8,0.99,medium,medium
pattern_recognition,0.44,17,100.1,16,6,10,0.66,hard,easy
object_recognition,0.97,189,33.8,5,0,5,1.0,hard,hard
daily_routine_recall,0.65,114,38.0,7,1,6,0.84,medium,medium
memory_match,0.66,118,34.1,6,1,5,0.86,medium,medium
pattern_recognition,0.66,105,47.6,7,1,6,0.93,hard,medium
pattern_recognition,0.78,121,37.8,11,2,9,0.98,easy,easy
object_recognition,0.83,184,30.9,7,0,7,1.0,medium,hard
object_recognition,0.4,16,105.3,13,5,8,0.66,hard,easy
memory_match,0.22,10,83.1,14,6,8,0.77,medium,easy
memory_match,0.86,188,29.9,7,0,7,1.0,easy,hard
object_recognition,0.76,103,54.2,8,1,7,0.88,medium,medium
pattern_recognition,0.71,121,33.1,7,2,5,0.84,hard,medium
daily_routine_recall,0.91,184,33.8,5,0,5,1.0,hard,hard
memory_match,0.85,193,27.3,6,0,6,1.0,easy,hard
object_recognition,0.85,200,14.2,6,0,6,1.0,medium,hard
object_recognition,0.67,103,49.7,7,1,6,0.99,medium,medium
pattern_recognition,0.94,200,20.0,5,0,5,1.0,hard,hard
memory_match,0.57,22,101.1,15,5,10,0.46,easy,easy
daily_routine_recall,0.95,200,15.4,6,2,4,1.0,hard,hard
daily_routine_recall,0.38,15,58.3,13,4,9,0.49,medium,easy
daily_routine_recall,0.49,19,91.3,10,4,6,0.57,easy,easy
daily_routine_recall,0.98,189,34.2,4,0,4,1.0,easy,hard
object_recognition,0.61,114,35.3,6,1,5,0.92,medium,medium
pattern_recognition,0.4,16,66.5,13,6,7,0.83,easy,easy
pattern_recognition,0.84,194,26.4,5,0,5,1.0,medium,hard
daily_routine_recall,0.8,120,40.0,9,1,8,0.83,easy,hard
memory_match,0.72,109,46.1,7,1,6,0.91,medium,medium
pattern_recognition,0.61,117,32.9,10,2,8,0.99,easy,medium
daily_routine_recall,0.2,10,102.6,17,7,10,0.53,hard,easy
daily_routine_recall,0.35,14,51.0,17,6,11,0.63,easy,easy
pattern_recognition,0.83,200,19.3,7,0,7,1.0,easy,hard
pattern_recognition,0.66,126,26.4,7,1,6,0.82,easy,medium
memory_match,0.38,15,79.5,15,6,9,0.72,medium,easy
object_recognition,0.67,105,47.8,6,1,5,0.86,hard,medium
object_recognition,0.22,10,70.7,13,4,9,0.66,medium,easy
memory_match,0.72,111,44.8,12,3,9,0.97,medium,medium
memory_match,0.65,105,47.0,9,2,7,0.91,easy,medium
memory_match,0.57,22,57.1,9,3,6,0.79,medium,medium
pattern_recognition,0.55,22,66.8,11,3,8,0.58,hard,easy
daily_routine_recall,0.82,123,37.9,9,1,8,0.96,medium,hard
memory_match,0.82,200,17.9,6,2,4,1.0,hard,hard
memory_match,0.33,13,57.1,13,7,6,0.44,medium,easy
daily_routine_recall,0.86,200,22.5,6,0,6,1.0,easy,hard
memory_match,0.93,192,31.0,4,0,4,1.0,hard,easy
object_recognition,0.82,200,15.4,8,1,7,1.0,easy,hard
object_recognition,0.8,134,26.0,10,2,8,0.84,easy,hard
object_recognition,0.56,22,94.5,16,6,10,0.84,medium,easy
memory_match,0.96,191,32.4,6,0,6,1.0,hard,hard
memory_match,0.31,12,82.1,13,4,9,0.54,medium,easy
pattern_recognition,0.52,20,84.2,11,4,7,0.73,hard,hard
daily_routine_recall,0.65,114,38.0,7,2,5,0.94,hard,medium
pattern_recognition,0.81,106,53.9,8,1,7,0.8,hard,medium
pattern_recognition,0.33,13,70.9,15,7,8,0.6,medium,easy
object_recognition,0.93,200,13.0,6,0,6,1.0,medium,hard
daily_routine_recall,0.76,119,38.2,7,1,6,0.84,hard,medium
pattern_recognition,0.66,125,27.8,9,1,8,0.81,easy,medium
object_recognition,0.36,14,57.7,10,4,6,0.53,medium,easy
memory_match,0.65,106,45.5,7,1,6,0.99,easy,medium
memory_match,0.97,200,14.2,4,0,4,1.0,medium,hard
pattern_recognition,0.63,113,37.6,10,3,7,0.91,medium,medium
pattern_recognition,0.75,119,37.6,10,3,7,0.87,easy,medium
pattern_recognition,0.34,13,74.1,17,6,11,0.76,medium,easy
daily_routine_recall,0.94,200,10.6,4,0,4,1.0,medium,hard
object_recognition,0.65,111,41.0,7,1,6,0.81,medium,medium
memory_match,0.74,104,52.3,7,1,6,0.82,medium,medium
daily_routine_recall,0.4,16,58.9,13,3,10,0.51,hard,easy
object_recognition,0.85,192,27.6,4,0,4,1.0,easy,hard
pattern_recognition,0.55,22,78.3,16,7,9,0.61,hard,easy
daily_routine_recall,0.84,195,25.9,7,0,7,1.0,easy,hard
memory_match,0.36,14,53.2,13,3,10,0.73,medium,easy
daily_routine_recall,0.94,200,17.0,5,0,5,1.0,medium,hard
memory_match,0.37,14,87.8,16,5,11,0.62,hard,easy
pattern_recognition,0.86,200,18.2,8,2,6,1.0,easy,hard
pattern_recognition,0.46,18,87.4,10,4,6,0.48,medium,easy
daily_routine_recall,0.54,21,106.0,13,7,6,0.58,medium,easy
pattern_recognition,0.34,13,99.1,9,3,6,0.71,easy,easy
memory_match,0.72,117,38.1,7,2,5,0.89,hard,medium
memory_match,0.71,103,52.0,8,1,7,0.97,easy,medium
pattern_recognition,0.82,200,13.3,4,0,4,1.0,hard,hard
daily_routine_recall,0.58,23,101.7,12,4,8,0.62,hard,easy
object_recognition,0.69,102,51.2,10,1,9,0.93,hard,medium
daily_routine_recall,0.48,19,45.2,17,7,10,0.64,easy,easy
object_recognition,0.5,20,81.1,10,3,7,0.66,easy,easy
pattern_recognition,0.98,189,34.2,4,0,4,1.0,easy,hard
object_recognition,0.87,200,23.2,5,0,5,1.0,easy,hard
daily_routine_recall,0.89,200,21.1,7,0,7,1.0,medium,hard
daily_routine_recall,0.79,113,46.0,8,2,6,0.81,medium,medium
daily_routine_recall,0.87,200,15.8,5,1,4,1.0,hard,hard
daily_routine_recall,0.48,19,80.8,10,3,7,0.57,medium,easy
object_recognition,0.76,120,37.3,9,1,8,0.87,hard,medium
pattern_recognition,0.38,15,62.3,10,3,7,0.69,medium,easy
object_recognition,0.98,200,14.6,5,1,4,1.0,medium,hard
object_recognition,0.93,194,29.7,4,0,4,1.0,easy,hard
object_recognition,0.8,121,38.8,8,1,7,0.94,easy,hard
memory_match,0.7,120,34.4,10,1,9,0.97,hard,medium
memory_match,0.94,191,31.7,5,1,4,1.0,easy,hard
object_recognition,0.25,10,58.3,10,3,7,0.45,hard,easy
object_recognition,0.81,126,33.7,7,2,5,0.88,hard,hard
pattern_recognition,0.71,121,33.9,11,2,9,0.88,easy,medium
daily_routine_recall,0.76,105,52.4,11,2,9,0.96,hard,medium
memory_match,0.89,191,30.0,6,0,6,1.0,medium,hard
object_recognition,0.73,104,51.8,7,1,6,0.97,easy,medium
object_recognition,0.6,121,28.4,10,3,7,0.81,hard,medium
pattern_recognition,0.61,103,47.0,6,1,5,0.84,medium,medium
memory_match,0.7,128,26.6,8,1,7,0.92,easy,medium
object_recognition,0.3,12,66.7,13,3,10,0.49,easy,easy
memory_match,0.53,21,82.2,12,4,8,0.76,easy,easy
memory_match,0.61,95,54.5,10,3,7,0.96,easy,medium
object_recognition,1.0,200,23.3,5,0,5,1.0,easy,hard
object_recognition,0.39,15,106.4,14,7,7,0.52,medium,easy
object_recognition,0.89,195,27.8,7,0,7,1.0,medium,hard
daily_routine_recall,0.77,108,49.4,10,3,7,0.85,hard,medium
daily_routine_recall,0.93,200,14.1,5,0,5,1.0,hard,hard
daily_routine_recall,0.91,198,26.7,9,2,7,1.0,hard,hard
daily_routine_recall,0.87,199,24.8,6,0,6,1.0,hard,hard
object_recognition,0.64,122,29.8,6,1,5,0.91,easy,medium
pattern_recognition,0.89,184,33.2,7,0,7,1.0,easy,hard
object_recognition,0.61,96,53.4,9,3,6,0.93,easy,medium
pattern_recognition,0.47,18,52.9,14,6,8,0.43,medium,easy
memory_match,0.86,178,34.8,4,0,4,1.0,medium,hard
memory_match,0.69,119,34.1,11,2,9,0.97,hard,medium
memory_match,0.69,117,36.4,7,1,6,0.89,hard,medium
memory_match,0.97,200,11.3,6,1,5,1.0,medium,hard
pattern_recognition,0.98,200,27.9,4,0,4,1.0,medium,easy
daily_routine_recall,0.79,131,28.0,6,1,5,0.94,medium,hard
daily_routine_recall,0.95,191,32.4,4,0,4,1.0,medium,hard
daily_routine_recall,0.84,189,29.0,7,0,7,1.0,hard,hard
pattern_recognition,0.88,200,24.6,5,1,4,1.0,easy,hard
pattern_recognition,0.41,16,71.3,10,3,7,0.5,medium,easy
memory_match,0.85,181,33.5,7,0,7,1.0,easy,hard
object_recognition,0.81,177,33.3,6,0,6,1.0,medium,hard
daily_routine_recall,0.93,200,24.8,5,0,5,1.0,hard,hard
object_recognition,0.57,22,88.7,18,7,11,0.49,easy,easy
pattern_recognition,0.95,200,17.4,5,0,5,1.0,easy,hard
pattern_recognition,0.54,21,55.4,16,5,11,0.51,medium,easy
memory_match,0.88,184,33.0,5,1,4,1.0,easy,hard
object_recognition,0.62,105,45.5,11,2,9,0.81,hard,medium
memory_match,0.99,200,14.7,4,0,4,1.0,easy,hard
object_recognition,0.8,129,31.0,11,2,9,0.88,hard,hard
daily_routine_recall,0.46,18,59.8,11,3,8,0.65,hard,easy
pattern_recognition,0.98,200,18.2,7,0,7,1.0,easy,hard
pattern_recognition,0.91,190,30.7,6,2,4,1.0,medium,hard
daily_routine_recall,0.21,10,47.2,9,3,6,0.53,hard,easy
object_recognition,0.79,115,43.1,8,2,6,0.92,hard,hard
daily_routine_recall,0.81,180,31.8,4,0,4,1.0,medium,hard
object_recognition,0.82,200,13.6,7,0,7,1.0,easy,hard
pattern_recognition,0.72,113,42.3,9,2,7,0.92,medium,medium
memory_match,0.75,116,40.4,9,2,7,0.88,easy,medium
pattern_recognition,0.84,200,18.9,6,0,6,1.0,easy,hard
memory_match,0.71,109,45.5,11,2,9,0.8,medium,medium
memory_match,0.72,113,42.7,12,3,9,0.94,hard,medium
object_recognition,0.35,14,65.7,11,5,6,0.48,medium,easy
daily_routine_recall,0.8,200,15.3,7,0,7,1.0,medium,hard
memory_match,0.7,121,33.5,12,3,9,0.83,hard,medium
object_recognition,0.21,10,50.8,10,3,7,0.84,medium,easy
memory_match,0.72,119,36.2,8,3,5,0.98,easy,hard
pattern_recognition,0.9,197,27.4,6,0,6,1.0,hard,hard
pattern_recognition,0.71,106,48.7,10,1,9,0.89,easy,medium
memory_match,0.71,104,50.9,7,2,5,0.95,easy,medium
memory_match,0.26,10,86.0,16,5,11,0.76,medium,easy
daily_routine_recall,0.87,200,19.7,7,1,6,1.0,easy,hard
memory_match,0.94,198,28.5,6,0,6,1.0,medium,hard
daily_routine_recall,0.49,19,62.3,14,3,11,0.59,hard,easy
daily_routine_recall,0.26,10,96.0,13,7,6,0.49,hard,easy
object_recognition,0.84,199,23.9,6,1,5,1.0,medium,hard
memory_match,0.98,200,12.6,4,0,4,1.0,easy,hard
daily_routine_recall,0.28,11,59.3,16,6,10,0.83,easy,easy
daily_routine_recall,0.58,23,97.5,9,3,6,0.54,hard,easy
object_recognition,0.99,199,29.7,5,1,4,1.0,easy,hard
memory_match,0.69,124,29.1,8,2,6,0.93,medium,medium
memory_match,0.77,116,41.5,8,2,6,0.87,medium,medium
memory_match,0.7,104,50.8,8,1,7,0.82,hard,medium
memory_match,0.86,200,16.2,5,0,5,1.0,easy,hard
daily_routine_recall,0.83,178,33.9,6,0,6,1.0,hard,hard
pattern_recognition,0.27,10,75.2,13,7,6,0.62,easy,easy
object_recognition,0.81,175,34.4,6,1,5,1.0,easy,hard
daily_routine_recall,0.97,200,22.2,7,0,7,1.0,hard,hard
pattern_recognition,0.84,198,24.2,6,1,5,1.0,hard,hard
memory_match,0.85,200,16.0,4,0,4,1.0,medium,hard
daily_routine_recall,0.88,200,24.2,6,1,5,1.0,easy,hard
pattern_recognition,0.8,128,31.5,7,1,6,0.86,easy,hard
pattern_recognition,0.66,121,31.7,11,2,9,0.99,medium,medium
daily_routine_recall,0.77,131,26.6,8,3,5,0.93,easy,medium
daily_routine_recall,0.95,192,31.9,6,1,5,1.0,medium,hard
pattern_recognition,0.85,190,28.6,7,2,5,1.0,easy,hard
pattern_recognition,0.8,134,25.3,11,3,8,0.96,hard,medium
daily_routine_recall,0.63,114,36.9,8,1,7,0.91,easy,medium
daily_routine_recall,0.85,182,32.7,6,0,6,1.0,easy,hard
daily_routine_recall,0.64,109,42.7,9,1,8,0.82,easy,medium
memory_match,0.84,179,33.8,8,1,7,1.0,hard,hard
object_recognition,0.65,97,54.2,7,1,6,0.9,easy,medium
daily_routine_recall,0.62,125,26.0,7,2,5,0.9,hard,medium
memory_match,0.91,198,26.8,6,0,6,1.0,medium,hard
daily_routine_recall,0.57,22,99.0,11,5,6,0.41,easy,easy
daily_routine_recall,1.0,191,34.5,6,0,6,1.0,medium,hard
pattern_recognition,0.69,125,28.9,11,2,9,0.83,medium,medium
pattern_recognition,0.78,106,52.7,9,2,7,1.0,easy,hard
object_recognition,0.82,200,17.1,5,1,4,1.0,hard,hard
object_recognition,0.31,12,78.1,14,6,8,0.77,medium,easy
daily_routine_recall,0.77,105,52.4,10,3,7,0.94,hard,medium
object_recognition,0.45,18,96.9,12,4,8,0.68,medium,easy
pattern_recognition,0.37,14,95.9,13,7,6,0.69,hard,easy
daily_routine_recall,0.72,124,31.9,8,1,7,0.87,hard,medium
pattern_recognition,0.46,18,106.8,14,6,8,0.61,hard,easy
pattern_recognition,0.45,18,51.7,14,7,7,0.81,hard,easy
daily_routine_recall,0.45,18,45.9,13,4,9,0.71,easy,easy
pattern_recognition,0.77,107,50.2,9,1,8,0.91,medium,medium
object_recognition,0.94,200,24.9,7,0,7,1.0,easy,hard
pattern_recognition,0.68,124,29.8,7,1,6,0.92,medium,medium
pattern_recognition,0.78,118,40.5,7,1,6,0.9,easy,hard
pattern_recognition,0.94,200,11.2,7,1,6,1.0,easy,hard
daily_routine_recall,0.63,108,42.4,10,3,7,0.9,easy,medium
memory_match,0.95,200,18.4,4,0,4,1.0,medium,hard
pattern_recognition,0.89,200,14.3,4,0,4,1.0,medium,hard
object_recognition,0.48,19,85.7,17,7,10,0.43,hard,easy
memory_match,0.48,19,46.6,10,3,7,0.84,medium,easy
pattern_recognition,0.74,126,30.5,7,2,5,0.86,medium,medium
object_recognition,0.8,111,48.4,7,1,6,0.82,hard,medium
daily_routine_recall,0.84,200,16.0,9,2,7,1.0,medium,hard
memory_match,0.99,200,18.6,7,0,7,1.0,easy,hard
pattern_recognition,0.82,113,47.6,12,3,9,0.94,medium,medium
memory_match,0.81,178,32.9,5,1,4,1.0,hard,hard
memory_match,0.45,18,67.8,11,5,6,0.75,hard,easy
pattern_recognition,0.57,22,83.0,10,3,7,0.83,easy,easy
memory_match,0.8,112,47.9,10,2,8,0.98,medium,hard
object_recognition,0.67,105,47.3,9,2,7,0.84,easy,medium
object_recognition,0.73,121,35.0,7,1,6,0.88,easy,medium
object_recognition,0.24,10,99.4,10,4,6,0.71,easy,easy
memory_match,0.52,20,53.6,13,3,10,0.66,medium,easy
memory_match,0.61,119,31.0,10,1,9,0.97,hard,medium
memory_match,0.69,101,52.5,8,2,6,0.86,easy,medium
object_recognition,0.8,119,40.1,7,1,6,0.9,hard,hard
object_recognition,0.5,20,104.6,13,7,6,0.76,medium,easy
daily_routine_recall,1.0,193,33.3,5,1,4,1.0,hard,hard
object_recognition,0.77,125,33.0,8,1,7,0.8,hard,medium
daily_routine_recall,0.81,130,29.5,12,3,9,0.84,hard,medium
pattern_recognition,0.92,200,23.5,5,0,5,1.0,medium,hard
memory_match,0.45,18,46.0,14,5,9,0.44,easy,easy
daily_routine_recall,0.88,189,30.4,6,1,5,1.0,easy,hard
object_recognition,0.32,12,72.3,12,3,9,0.79,medium,easy
memory_match,0.64,126,25.5,8,2,6,0.83,easy,medium
memory_match,0.93,200,11.8,6,0,6,1.0,hard,hard
object_recognition,0.99,200,12.8,4,0,4,1.0,medium,hard
memory_match,0.6,105,44.6,10,1,9,0.91,hard,medium
daily_routine_recall,0.28,11,46.3,18,7,11,0.7,medium,easy
daily_routine_recall,0.26,10,99.7,11,4,7,0.8,hard,easy
daily_routine_recall,0.37,14,80.7,15,7,8,0.53,hard,easy
object_recognition,0.27,10,74.0,14,3,11,0.64,easy,easy
memory_match,0.86,184,31.6,7,0,7,1.0,easy,hard
object_recognition,0.63,107,44.0,9,2,7,0.88,medium,medium
object_recognition,0.93,200,21.1,7,0,7,1.0,hard,hard
object_recognition,0.57,22,59.0,13,4,9,0.6,easy,easy
memory_match,0.95,200,17.0,4,0,4,1.0,easy,hard
memory_match,0.81,183,30.2,6,0,6,1.0,medium,hard
memory_match,0.99,200,27.4,8,1,7,1.0,medium,hard
object_recognition,0.47,18,108.0,12,3,9,0.58,medium,easy
daily_routine_recall,0.87,187,30.7,5,0,5,1.0,hard,hard
memory_match,0.5,20,64.3,14,7,7,0.51,medium,easy
daily_routine_recall,0.96,200,12.8,8,1,7,1.0,medium,hard
pattern_recognition,0.36,14,51.9,14,3,11,0.55,hard,easy
object_recognition,0.68,127,26.9,9,3,6,0.83,easy,medium
pattern_recognition,0.83,200,21.3,7,0,7,1.0,medium,hard
object_recognition,0.93,197,28.2,4,0,4,1.0,easy,hard
memory_match,0.28,11,77.1,14,3,11,0.59,medium,medium
pattern_recognition,0.7,116,39.0,10,2,8,0.98,medium,medium
daily_routine_recall,0.48,19,81.5,15,7,8,0.63,easy,easy
daily_routine_recall,0.4,16,83.4,15,5,10,0.84,easy,easy
object_recognition,0.7,102,52.8,8,1,7,0.88,hard,medium
daily_routine_recall,0.64,104,47.7,10,3,7,0.97,hard,medium
memory_match,0.75,112,45.0,10,2,8,0.82,medium,medium
object_recognition,0.76,130,27.1,9,2,7,0.99,easy,medium
object_recognition,0.8,200,18.7,7,0,7,1.0,easy,hard
object_recognition,0.77,132,25.9,9,2,7,1.0,medium,hard
memory_match,0.65,122,29.2,11,2,9,0.82,hard,medium
daily_routine_recall,0.3,12,51.1,16,5,11,0.56,easy,easy
daily_routine_recall,0.7,107,47.6,10,2,8,0.86,medium,medium
object_recognition,0.74,119,37.6,7,1,6,0.89,hard,hard
pattern_recognition,0.76,130,27.7,10,2,8,0.95,hard,medium
object_recognition,0.76,116,42.0,7,2,5,0.91,easy,medium
object_recognition,0.82,128,32.1,7,1,6,0.89,easy,hard
pattern_recognition,0.97,190,33.2,6,0,6,1.0,medium,hard
memory_match,0.81,133,26.4,10,3,7,0.88,easy,medium
memory_match,0.63,123,27.4,6,1,5,0.97,hard,medium
pattern_recognition,0.72,118,37.3,10,3,7,0.93,hard,medium
daily_routine_recall,0.79,116,43.0,7,2,5,0.8,easy,hard
daily_routine_recall,0.62,123,28.0,9,2,7,0.86,medium,medium
daily_routine_recall,0.87,190,29.1,7,0,7,1.0,hard,hard
pattern_recognition,0.66,112,40.3,9,1,8,0.98,medium,medium
daily_routine_recall,0.52,20,73.2,14,5,9,0.42,medium,easy
pattern_recognition,0.77,120,37.8,9,3,6,0.98,medium,medium
object_recognition,0.36,14,79.7,14,6,8,0.53,hard,easy
memory_match,0.86,188,30.0,7,0,7,1.0,medium,hard
object_recognition,0.23,10,73.1,12,5,7,0.77,medium,easy
pattern_recognition,0.95,200,15.2,8,2,6,1.0,easy,hard
memory_match,0.87,200,21.4,7,0,7,1.0,hard,hard
memory_match,0.88,200,14.3,4,0,4,1.0,medium,hard
object_recognition,0.46,18,77.9,12,5,7,0.66,hard,easy
memory_match,0.98,200,25.9,4,0,4,1.0,hard,hard
object_recognition,0.91,195,28.4,6,0,6,1.0,hard,hard
pattern_recognition,0.79,110,48.3,8,1,7,0.81,medium,medium
pattern_recognition,0.65,115,36.2,8,1,7,0.85,easy,medium
pattern_recognition,0.4,16,90.2,11,4,7,0.42,medium,easy
memory_match,0.89,200,13.1,5,0,5,1.0,easy,hard
pattern_recognition,0.9,199,26.3,7,0,7,1.0,hard,hard
pattern_recognition,0.74,105,51.6,7,2,5,0.88,easy,medium
memory_match,0.74,118,38.1,9,2,7,0.94,hard,medium
pattern_recognition,0.81,113,46.4,10,1,9,0.83,easy,hard
memory_match,0.8,192,25.7,6,0,6,1.0,easy,hard
object_recognition,0.79,130,28.7,9,3,6,0.83,hard,medium
memory_match,0.63,122,28.4,8,1,7,0.99,medium,medium
memory_match,0.92,183,34.7,5,0,5,1.0,hard,hard
memory_match,0.8,129,30.7,10,3,7,0.99,medium,medium
memory_match,0.82,134,26.3,7,1,6,0.88,medium,hard
memory_match,0.79,113,45.9,9,2,7,0.81,medium,medium
object_recognition,0.5,20,61.9,13,4,9,0.6,medium,easy
daily_routine_recall,0.21,10,47.6,11,3,8,0.67,hard,easy
daily_routine_recall,0.9,184,33.6,6,0,6,1.0,medium,hard
pattern_recognition,0.58,23,95.0,16,6,10,0.75,medium,easy
daily_routine_recall,0.97,200,27.7,7,1,6,1.0,hard,hard
object_recognition,0.78,123,35.1,8,1,7,0.93,easy,hard
object_recognition,0.67,126,26.1,12,3,9,0.83,medium,medium
daily_routine_recall,0.52,20,99.4,11,5,6,0.69,hard,easy
pattern_recognition,0.68,119,34.1,9,1,8,0.93,hard,medium
daily_routine_recall,0.71,114,40.8,12,3,9,1.0,hard,medium
pattern_recognition,0.85,195,26.1,5,0,5,1.0,hard,hard
object_recognition,0.61,101,48.7,11,2,9,0.89,hard,medium
pattern_recognition,0.82,200,12.0,6,0,6,1.0,easy,hard
object_recognition,0.91,192,30.0,6,0,6,1.0,medium,hard
pattern_recognition,0.7,128,26.7,11,2,9,0.92,hard,medium
memory_match,0.81,129,30.9,12,3,9,0.9,medium,medium
object_recognition,0.93,200,14.6,4,0,4,1.0,medium,hard
daily_routine_recall,0.22,10,80.5,14,7,7,0.8,hard,easy
daily_routine_recall,0.6,99,50.8,9,3,6,0.83,hard,medium
object_recognition,0.36,14,68.2,11,5,6,0.76,hard,easy
object_recognition,0.79,126,32.5,9,3,6,0.87,easy,medium
memory_match,0.35,14,103.1,16,5,11,0.46,hard,easy
daily_routine_recall,0.39,15,86.5,14,5,9,0.57,easy,easy
memory_match,0.27,10,52.4,14,4,10,0.85,hard,easy
object_recognition,0.87,200,11.5,6,1,5,1.0,hard,hard
pattern_recognition,0.57,22,67.1,17,7,10,0.66,hard,easy
memory_match,0.84,182,32.2,7,2,5,1.0,medium,hard
daily_routine_recall,0.41,16,78.5,12,5,7,0.43,hard,easy
memory_match,0.78,129,29.2,11,2,9,0.82,easy,hard
pattern_recognition,0.72,130,25.4,9,2,7,1.0,easy,medium
pattern_recognition,0.98,200,27.9,4,0,4,1.0,hard,hard
pattern_recognition,0.87,185,31.8,8,1,7,1.0,hard,hard
memory_match,0.65,108,43.5,6,1,5,0.95,hard,medium
memory_match,0.37,14,67.5,14,4,10,0.42,hard,easy
memory_match,0.9,200,10.8,5,0,5,1.0,easy,hard
pattern_recognition,0.56,22,46.7,11,3,8,0.55,easy,medium
object_recognition,0.52,20,56.7,13,4,9,0.58,medium,easy
memory_match,0.83,200,22.4,4,0,4,1.0,medium,hard
object_recognition,0.81,134,25.4,10,2,8,0.98,easy,hard
pattern_recognition,0.84,200,22.4,4,0,4,1.0,easy,hard
object_recognition,0.92,200,21.6,5,1,4,1.0,medium,medium
memory_match,0.72,101,54.5,6,1,5,0.93,hard,medium
pattern_recognition,0.92,200,15.7,5,0,5,1.0,hard,hard
object_recognition,0.67,118,34.9,8,2,6,0.87,easy,medium
daily_routine_recall,0.9,200,25.0,7,0,7,1.0,medium,hard
object_recognition,0.72,103,52.4,8,3,5,0.97,hard,medium
daily_routine_recall,0.85,200,20.2,7,0,7,1.0,medium,hard
daily_routine_recall,0.82,200,20.0,7,0,7,1.0,hard,hard
object_recognition,0.22,10,75.4,14,3,11,0.48,easy,easy
daily_routine_recall,0.68,108,45.4,6,1,5,0.88,hard,medium
pattern_recognition,0.64,98,53.2,10,2,8,0.89,easy,medium
memory_match,0.63,121,30.0,8,1,7,0.84,medium,medium
pattern_recognition,0.38,15,47.8,12,5,7,0.85,easy,easy
pattern_recognition,0.98,200,11.1,4,0,4,1.0,medium,hard
object_recognition,0.92,200,12.2,5,1,4,1.0,easy,hard
pattern_recognition,0.99,195,31.9,6,0,6,1.0,hard,hard
pattern_recognition,0.78,105,53.1,12,3,9,0.84,easy,medium
pattern_recognition,0.82,200,17.6,5,1,4,1.0,hard,hard
object_recognition,0.85,189,29.2,8,1,7,1.0,hard,hard
daily_routine_recall,0.64,98,53.9,8,2,6,0.97,easy,medium
daily_routine_recall,0.46,18,90.4,15,6,9,0.8,medium,easy
daily_routine_recall,0.66,116,36.4,11,2,9,0.98,hard,medium
object_recognition,0.68,117,36.1,12,3,9,0.87,hard,medium
memory_match,0.22,10,99.2,15,5,10,0.45,medium,easy
daily_routine_recall,0.53,21,95.6,17,7,10,0.67,hard,easy
daily_routine_recall,0.84,200,16.8,6,0,6,1.0,easy,hard
daily_routine_recall,0.65,104,47.6,7,1,6,0.88,medium,medium
object_recognition,0.98,190,33.8,7,1,6,1.0,medium,hard
pattern_recognition,0.92,191,30.6,7,0,7,1.0,easy,hard
daily_routine_recall,0.56,22,52.5,16,6,10,0.78,easy,easy
daily_routine_recall,0.75,111,45.5,9,1,8,0.97,hard,medium
object_recognition,0.96,200,18.3,5,0,5,1.0,easy,hard
object_recognition,0.69,123,30.1,9,1,8,0.93,easy,medium
object_recognition,0.35,14,77.4,15,6,9,0.45,easy,easy
daily_routine_recall,0.96,200,14.3,5,0,5,1.0,medium,hard
daily_routine_recall,0.72,107,48.4,7,1,6,0.81,easy,medium
memory_match,0.94,200,17.7,5,0,5,1.0,medium,hard
pattern_recognition,0.83,200,18.6,7,1,6,1.0,easy,hard
pattern_recognition,0.5,20,107.3,16,5,11,0.76,hard,easy
daily_routine_recall,0.93,200,14.8,4,0,4,1.0,hard,hard
daily_routine_recall,0.86,200,13.1,9,2,7,1.0,hard,hard
memory_match,0.58,23,45.8,14,3,11,0.56,easy,medium
daily_routine_recall,0.75,120,36.6,8,1,7,0.85,medium,medium
pattern_recognition,0.61,112,37.3,8,1,7,0.91,easy,medium
object_recognition,0.74,102,54.6,7,2,5,0.98,medium,medium
daily_routine_recall,0.84,200,18.6,7,0,7,1.0,medium,hard
memory_match,0.33,13,69.2,13,3,10,0.52,easy,easy
object_recognition,0.75,127,29.6,8,1,7,0.99,medium,medium
memory_match,0.81,131,28.8,7,1,6,0.83,hard,medium
memory_match,0.67,104,49.0,8,2,6,0.82,hard,medium
object_recognition,0.89,200,18.4,5,0,5,1.0,medium,hard
memory_match,0.36,14,52.4,18,7,11,0.65,hard,easy
memory_match,0.24,10,109.4,11,5,6,0.49,hard,easy
memory_match,0.72,114,41.1,11,2,9,0.92,hard,medium
pattern_recognition,0.94,200,10.6,4,0,4,1.0,easy,hard
daily_routine_recall,0.61,108,42.0,8,1,7,0.87,medium,medium
pattern_recognition,0.7,100,54.4,9,1,8,0.97,hard,medium
daily_routine_recall,0.97,200,21.8,5,0,5,1.0,medium,hard
object_recognition,0.82,111,49.9,7,2,5,0.9,easy,hard
memory_match,0.79,107,51.9,8,3,5,0.88,hard,easy
daily_routine_recall,0.25,10,70.1,17,6,11,0.8,medium,easy
pattern_recognition,0.9,200,23.4,4,0,4,1.0,hard,hard
object_recognition,0.87,197,25.7,6,0,6,1.0,hard,hard
daily_routine_recall,0.91,200,15.6,9,2,7,1.0,hard,hard
pattern_recognition,0.69,107,46.9,10,3,7,0.99,easy,medium
memory_match,0.83,200,11.8,5,0,5,1.0,hard,hard
memory_match,0.92,200,13.3,7,0,7,1.0,easy,hard
memory_match,0.66,113,39.6,8,2,6,1.0,medium,medium
pattern_recognition,0.69,101,52.2,7,1,6,0.8,easy,medium
daily_routine_recall,0.4,16,66.8,15,6,9,0.54,easy,easy
memory_match,0.66,116,36.8,7,1,6,0.98,easy,medium
object_recognition,0.67,100,52.9,11,2,9,0.96,easy,medium
pattern_recognition,0.36,14,90.6,12,5,7,0.73,medium,easy
object_recognition,0.41,16,102.6,12,3,9,0.51,easy,easy
memory_match,0.35,14,89.4,17,7,10,0.54,easy,easy
memory_match,0.28,11,83.6,11,5,6,0.73,easy,easy
object_recognition,0.95,200,14.9,5,0,5,1.0,hard,hard
daily_routine_recall,0.45,18,58.6,12,3,9,0.78,medium,easy
memory_match,0.66,110,42.3,10,1,9,0.86,hard,medium
memory_match,0.29,11,105.0,14,3,11,0.46,medium,medium
object_recognition,0.69,123,30.8,7,2,5,0.82,easy,medium
daily_routine_recall,0.79,128,31.0,11,3,8,0.99,easy,medium
daily_routine_recall,0.94,200,10.9,5,1,4,1.0,easy,hard
object_recognition,0.31,12,49.8,11,4,7,0.6,medium,easy
daily_routine_recall,0.82,177,33.7,6,2,4,1.0,hard,hard
memory_match,0.41,16,49.8,12,6,6,0.8,easy,easy
memory_match,0.84,200,18.3,4,0,4,1.0,easy,hard
object_recognition,0.2,10,72.5,15,6,9,0.47,easy,easy
pattern_recognition,0.82,200,15.1,6,1,5,1.0,hard,hard
object_recognition,0.66,111,41.4,10,1,9,0.81,easy,medium
pattern_recognition,0.85,200,23.6,5,1,4,1.0,hard,hard
memory_match,0.32,12,95.8,13,3,10,0.7,easy,easy
daily_routine_recall,0.86,200,22.7,5,0,5,1.0,medium,hard
daily_routine_recall,0.8,107,52.6,10,2,8,0.85,hard,easy
daily_routine_recall,0.81,121,38.7,8,1,7,0.83,easy,easy
object_recognition,0.9,200,24.0,4,0,4,1.0,easy,hard
pattern_recognition,0.45,18,104.3,16,6,10,0.71,easy,easy
memory_match,0.34,13,60.7,14,3,11,0.8,medium,easy
object_recognition,0.8,119,40.3,11,2,9,0.88,medium,hard
object_recognition,0.81,200,20.8,7,0,7,1.0,easy,hard
memory_match,0.73,109,46.5,10,3,7,0.96,medium,medium
daily_routine_recall,0.75,124,32.3,9,2,7,0.82,easy,medium
daily_routine_recall,0.88,191,29.4,4,0,4,1.0,hard,hard
object_recognition,0.93,191,31.1,6,0,6,1.0,medium,hard
pattern_recognition,0.39,15,58.6,13,4,9,0.65,easy,easy
pattern_recognition,0.91,200,15.1,6,0,6,1.0,easy,hard
memory_match,0.67,114,38.7,9,2,7,0.91,hard,medium
memory_match,0.52,20,56.1,15,5,10,0.8,easy,easy
daily_routine_recall,0.91,200,24.6,7,0,7,1.0,medium,hard
daily_routine_recall,0.65,115,37.0,9,2,7,0.91,easy,medium
pattern_recognition,0.81,184,29.9,6,0,6,1.0,hard,hard
memory_match,0.71,107,47.4,10,2,8,0.89,hard,medium
pattern_recognition,0.48,19,80.6,13,5,8,0.7,easy,easy
memory_match,0.56,22,95.0,13,5,8,0.85,easy,easy
memory_match,0.66,126,26.9,8,1,7,0.97,hard,medium
daily_routine_recall,0.93,188,32.6,7,0,7,1.0,easy,hard
object_recognition,0.52,20,50.4,11,4,7,0.44,medium,easy
daily_routine_recall,0.79,124,34.1,8,2,6,0.87,hard,hard
daily_routine_recall,0.93,186,33.7,7,0,7,1.0,hard,hard
daily_routine_recall,0.75,104,52.1,6,1,5,0.89,easy,medium
object_recognition,0.79,121,37.4,9,2,7,0.94,hard,hard
daily_routine_recall,0.6,119,30.7,7,2,5,0.83,hard,medium
daily_routine_recall,0.89,200,18.9,6,0,6,1.0,medium,hard
pattern_recognition,0.44,17,80.1,16,5,11,0.73,easy,easy
memory_match,0.83,200,10.8,6,0,6,1.0,easy,hard
pattern_recognition,0.65,113,38.2,8,1,7,0.87,medium,medium
memory_match,0.42,16,57.5,14,4,10,0.71,hard,easy
pattern_recognition,0.9,200,19.1,7,0,7,1.0,easy,hard
memory_match,0.85,197,25.4,6,0,6,1.0,easy,hard
pattern_recognition,0.84,200,17.0,5,0,5,1.0,hard,hard
daily_routine_recall,0.23,10,70.5,14,3,11,0.79,hard,easy
pattern_recognition,0.38,15,105.3,13,4,9,0.76,medium,easy
pattern_recognition,0.83,196,24.9,7,0,7,1.0,hard,hard
pattern_recognition,0.34,13,50.0,15,4,11,0.62,hard,easy
object_recognition,0.63,97,53.1,12,3,9,0.93,easy,medium
object_recognition,0.61,111,39.0,6,1,5,0.83,medium,medium
object_recognition,0.78,127,31.8,10,2,8,0.89,medium,hard
daily_routine_recall,0.41,16,74.0,10,4,6,0.81,easy,easy
daily_routine_recall,0.8,200,15.4,5,1,4,1.0,easy,hard
memory_match,0.79,130,28.3,10,1,9,0.91,easy,hard
object_recognition,0.21,10,78.4,12,3,9,0.69,easy,easy
pattern_recognition,0.7,104,50.7,6,1,5,1.0,hard,medium
pattern_recognition,0.8,134,25.9,11,2,9,0.93,easy,hard
daily_routine_recall,0.69,119,34.5,9,3,6,0.94,easy,medium
pattern_recognition,0.82,114,46.3,9,2,7,0.94,easy,hard
daily_routine_recall,0.29,11,47.3,11,4,7,0.45,medium,easy
daily_routine_recall,0.47,18,100.3,13,3,10,0.49,hard,easy
object_recognition,0.9,198,27.0,4,0,4,1.0,easy,hard
memory_match,0.89,182,34.2,5,0,5,1.0,hard,hard
pattern_recognition,0.91,200,21.2,5,0,5,1.0,easy,hard
daily_routine_recall,0.7,107,47.5,8,1,7,0.92,easy,medium
daily_routine_recall,0.96,200,14.2,7,0,7,1.0,easy,hard
pattern_recognition,0.96,195,30.1,7,2,5,1.0,hard,hard
object_recognition,0.32,12,63.8,12,6,6,0.48,medium,easy
memory_match,0.95,200,22.8,5,0,5,1.0,hard,hard
daily_routine_recall,0.82,200,13.9,5,1,4,1.0,easy,hard
object_recognition,0.41,16,108.6,17,6,11,0.55,medium,easy
daily_routine_recall,0.96,196,29.6,8,1,7,1.0,hard,hard
daily_routine_recall,0.98,200,15.1,7,0,7,1.0,hard,hard
daily_routine_recall,0.2,10,46.1,15,5,10,0.62,medium,hard
object_recognition,0.88,190,29.9,7,1,6,1.0,easy,hard
object_recognition,0.72,127,28.6,11,3,8,0.97,hard,medium
object_recognition,0.81,197,23.2,7,0,7,1.0,hard,hard
object_recognition,0.86,200,14.8,7,0,7,1.0,hard,hard
object_recognition,0.97,190,33.5,8,2,6,1.0,easy,hard
memory_match,0.38,15,108.0,17,6,11,0.56,hard,easy
pattern_recognition,0.97,192,32.3,7,0,7,1.0,medium,hard
object_recognition,0.91,200,19.7,9,2,7,1.0,medium,hard
daily_routine_recall,0.7,118,36.3,11,2,9,0.98,hard,medium
memory_match,0.88,190,29.6,8,2,6,1.0,medium,hard
object_recognition,0.26,10,57.3,12,6,6,0.52,hard,easy
pattern_recognition,0.96,200,16.8,5,0,5,1.0,easy,hard
memory_match,0.73,121,34.5,8,2,6,0.93,medium,medium
object_recognition,0.68,100,53.1,10,2,8,0.93,medium,medium
daily_routine_recall,0.52,20,82.3,10,4,6,0.53,medium,easy
memory_match,0.64,108,43.5,8,1,7,0.88,medium,medium
daily_routine_recall,0.35,14,107.0,16,5,11,0.5,easy,easy
daily_routine_recall,0.77,114,43.7,9,1,8,0.87,hard,medium
pattern_recognition,0.57,22,105.8,15,7,8,0.58,medium,easy
pattern_recognition,0.72,128,27.6,11,2,9,0.98,medium,medium
memory_match,0.76,103,54.9,9,1,8,0.98,hard,medium
object_recognition,0.52,20,60.7,16,6,10,0.43,hard,easy
pattern_recognition,0.99,200,18.7,8,1,7,1.0,medium,hard
daily_routine_recall,0.71,123,31.8,6,1,5,0.83,medium,medium
pattern_recognition,0.41,16,67.7,11,4,7,0.43,medium,easy
daily_routine_recall,1.0,200,27.5,6,0,6,1.0,hard,hard
daily_routine_recall,0.86,200,17.2,5,1,4,1.0,hard,hard
memory_match,0.29,11,94.2,12,3,9,0.75,easy,easy
object_recognition,0.48,19,48.3,12,5,7,0.84,medium,easy
daily_routine_recall,0.21,10,80.5,12,6,6,0.52,medium,easy
memory_match,0.67,108,44.2,6,1,5,0.89,hard,medium
memory_match,0.32,12,94.8,13,3,10,0.43,medium,easy
memory_match,0.94,200,19.8,6,0,6,1.0,easy,hard
daily_routine_recall,0.63,96,54.7,7,1,6,0.85,easy,medium
pattern_recognition,0.44,17,45.8,14,7,7,0.81,easy,easy
pattern_recognition,0.34,13,94.7,12,3,9,0.82,easy,easy
memory_match,0.69,119,34.6,11,3,8,0.83,hard,medium
object_recognition,0.82,182,31.1,5,0,5,1.0,hard,hard
pattern_recognition,0.48,19,58.9,11,5,6,0.47,medium,easy
object_recognition,0.89,191,29.8,4,0,4,1.0,hard,hard
object_recognition,0.61,105,44.7,12,3,9,0.99,hard,medium
daily_routine_recall,0.65,106,45.8,7,2,5,0.94,medium,medium
pattern_recognition,0.92,187,32.6,5,1,4,1.0,medium,hard
pattern_recognition,0.85,200,21.7,5,1,4,1.0,medium,hard
pattern_recognition,0.9,200,18.0,5,0,5,1.0,easy,hard
daily_routine_recall,0.98,200,20.7,7,0,7,1.0,easy,hard
daily_routine_recall,0.96,200,22.2,6,0,6,1.0,hard,hard
pattern_recognition,0.63,100,50.3,9,1,8,0.85,medium,medium
memory_match,0.95,200,17.1,6,0,6,1.0,medium,hard
object_recognition,0.34,13,53.1,14,4,10,0.65,easy,medium
memory_match,0.6,121,28.1,9,1,8,0.88,medium,medium
pattern_recognition,0.83,200,18.7,5,1,4,1.0,easy,hard
daily_routine_recall,0.65,105,46.3,9,3,6,0.83,hard,medium
memory_match,0.82,191,26.6,7,2,5,1.0,hard,hard
pattern_recognition,0.43,17,108.6,13,7,6,0.79,medium,easy
daily_routine_recall,0.88,200,19.1,6,0,6,1.0,hard,hard
daily_routine_recall,0.94,200,10.6,6,1,5,1.0,easy,hard
object_recognition,0.92,198,27.3,7,1,6,1.0,easy,hard
daily_routine_recall,0.87,200,21.7,5,0,5,1.0,easy,hard
daily_routine_recall,0.2,10,58.1,10,4,6,0.66,hard,easy
memory_match,0.26,10,103.1,10,4,6,0.49,hard,easy
pattern_recognition,0.29,11,104.8,15,6,9,0.75,hard,easy
pattern_recognition,0.34,13,104.1,13,3,10,0.69,easy,easy
object_recognition,0.54,21,85.9,13,3,10,0.42,hard,easy
memory_match,0.96,200,25.3,5,0,5,1.0,medium,hard
object_recognition,0.64,100,51.5,9,1,8,0.99,medium,medium
pattern_recognition,0.27,10,84.4,10,3,7,0.68,medium,easy
daily_routine_recall,0.94,198,28.1,5,1,4,1.0,easy,hard
daily_routine_recall,0.33,13,80.0,13,5,8,0.62,medium,easy
object_recognition,0.27,10,80.9,17,6,11,0.58,easy,easy
memory_match,0.78,121,37.2,10,1,9,0.89,medium,hard
daily_routine_recall,0.98,200,15.9,6,0,6,1.0,easy,hard
memory_match,0.81,115,44.9,9,3,6,0.85,hard,medium
memory_match,0.41,16,96.1,9,3,6,0.69,hard,medium
daily_routine_recall,0.81,189,27.3,5,0,5,1.0,easy,hard
memory_match,0.34,13,75.1,12,4,8,0.4,easy,easy
object_recognition,1.0,200,19.1,7,1,6,1.0,easy,hard
daily_routine_recall,0.96,200,15.7,6,0,6,1.0,easy,hard
daily_routine_recall,0.4,16,78.4,12,6,6,0.61,hard,easy
pattern_recognition,0.28,11,58.5,16,6,10,0.69,hard,easy
object_recognition,0.91,200,24.9,4,0,4,1.0,easy,hard
memory_match,0.73,116,39.7,7,2,5,0.93,medium,medium
pattern_recognition,0.93,200,16.1,7,0,7,1.0,hard,hard
memory_match,0.26,10,70.6,11,3,8,0.82,medium,easy
daily_routine_recall,0.89,192,29.4,4,0,4,1.0,medium,hard
object_recognition,0.54,21,104.8,16,6,10,0.64,medium,easy
memory_match,0.28,11,96.9,14,3,11,0.67,medium,easy
pattern_recognition,0.25,10,57.0,16,5,11,0.6,medium,easy
memory_match,0.53,21,82.1,15,7,8,0.49,medium,easy
object_recognition,0.83,197,24.4,4,0,4,1.0,hard,hard
memory_match,0.22,10,77.5,11,4,7,0.81,hard,easy
daily_routine_recall,0.88,198,25.8,7,1,6,1.0,hard,hard
object_recognition,0.86,200,15.2,4,0,4,1.0,hard,hard
daily_routine_recall,0.6,106,43.3,6,1,5,0.8,easy,medium
daily_routine_recall,0.74,119,37.8,6,1,5,0.97,hard,medium
object_recognition,0.76,127,31.0,7,1,6,0.82,easy,easy
daily_routine_recall,0.62,124,26.3,8,2,6,0.94,hard,medium
daily_routine_recall,0.75,115,41.6,7,2,5,0.85,medium,medium
memory_match,0.33,13,101.7,12,3,9,0.65,hard,easy
memory_match,0.94,185,35.0,5,0,5,1.0,medium,hard
pattern_recognition,0.66,100,52.8,9,2,7,0.89,hard,medium
memory_match,0.67,109,43.3,11,3,8,0.9,easy,medium
daily_routine_recall,0.34,13,102.3,15,7,8,0.71,hard,easy
object_recognition,0.88,200,10.7,5,0,5,1.0,hard,hard
pattern_recognition,0.64,114,37.1,11,3,8,0.89,hard,medium
memory_match,0.54,21,63.7,13,7,6,0.82,easy,easy
pattern_recognition,0.96,195,30.5,7,0,7,1.0,easy,hard
pattern_recognition,0.35,14,47.4,11,3,8,0.73,medium,easy
memory_match,0.66,116,36.9,12,3,9,0.87,easy,medium
memory_match,0.38,15,64.0,10,4,6,0.71,medium,easy
daily_routine_recall,0.78,117,41.3,7,1,6,0.89,easy,hard
daily_routine_recall,0.56,22,70.5,14,3,11,0.69,medium,easy
pattern_recognition,0.91,200,19.4,9,2,7,1.0,hard,hard
object_recognition,0.92,187,32.9,7,0,7,1.0,hard,hard
daily_routine_recall,0.84,197,24.8,5,0,5,1.0,easy,hard
daily_routine_recall,0.95,196,29.7,9,2,7,1.0,medium,medium
object_recognition,0.31,12,85.0,9,3,6,0.71,medium,easy
object_recognition,0.91,200,12.1,6,0,6,1.0,medium,hard
object_recognition,0.92,200,13.0,7,0,7,1.0,easy,hard
pattern_recognition,0.9,200,17.5,4,0,4,1.0,hard,hard
memory_match,0.56,22,74.8,12,4,8,0.45,easy,easy
object_recognition,0.56,22,52.1,13,5,8,0.82,easy,easy
pattern_recognition,0.65,126,26.0,10,2,8,0.8,hard,medium
object_recognition,0.98,200,10.5,8,1,7,1.0,medium,hard
daily_routine_recall,0.55,22,89.6,11,5,6,0.8,easy,easy
pattern_recognition,0.91,189,31.4,7,0,7,1.0,easy,hard
pattern_recognition,0.94,200,19.8,5,0,5,1.0,easy,hard
object_recognition,0.27,10,68.3,12,5,7,0.63,medium,easy
memory_match,0.34,13,61.7,11,4,7,0.59,medium,easy
memory_match,0.69,107,46.4,12,3,9,0.83,easy,medium
object_recognition,0.52,20,72.7,9,3,6,0.59,hard,easy
memory_match,0.92,199,26.6,6,2,4,1.0,hard,hard
pattern_recognition,0.97,200,26.6,6,0,6,1.0,easy,hard
memory_match,0.8,114,45.8,7,1,6,0.91,easy,hard
daily_routine_recall,0.61,120,29.1,8,1,7,0.93,easy,medium
memory_match,0.76,119,38.6,7,1,6,0.82,medium,medium
daily_routine_recall,0.29,11,103.4,11,3,8,0.81,hard,easy
pattern_recognition,0.93,200,10.8,7,2,5,1.0,medium,hard
memory_match,0.24,10,85.8,11,3,8,0.69,medium,easy
daily_routine_recall,0.37,14,61.3,12,4,8,0.83,hard,easy
daily_routine_recall,0.5,20,74.8,13,6,7,0.76,easy,easy
object_recognition,0.83,200,15.3,6,0,6,1.0,hard,hard
pattern_recognition,0.75,124,32.3,7,2,5,0.86,hard,medium
pattern_recognition,0.91,200,21.3,5,0,5,1.0,easy,hard
object_recognition,0.94,187,34.0,5,0,5,1.0,easy,hard
object_recognition,0.29,11,52.4,14,4,10,0.67,hard,easy
memory_match,0.94,200,19.3,5,0,5,1.0,hard,hard
object_recognition,0.88,184,32.8,7,0,7,1.0,hard,hard
object_recognition,0.81,180,31.7,6,1,5,1.0,medium,hard
object_recognition,0.63,101,49.4,11,3,8,0.95,hard,medium
object_recognition,0.27,10,56.0,13,6,7,0.62,medium,easy
daily_routine_recall,0.29,11,89.8,13,5,8,0.56,easy,easy
pattern_recognition,0.71,107,47.6,10,1,9,0.89,medium,medium
daily_routine_recall,0.43,17,67.0,11,3,8,0.42,hard,easy
daily_routine_recall,0.21,10,63.1,13,6,7,0.65,easy,easy
pattern_recognition,0.39,15,71.6,12,3,9,0.46,medium,easy
daily_routine_recall,0.63,117,34.0,10,3,7,0.99,easy,medium
object_recognition,0.88,200,21.0,5,1,4,1.0,medium,hard
object_recognition,0.72,128,27.3,11,2,9,0.97,medium,medium
object_recognition,0.87,200,18.1,7,0,7,1.0,easy,hard
pattern_recognition,0.83,184,30.8,5,0,5,1.0,easy,hard
pattern_recognition,0.83,200,10.2,4,0,4,1.0,hard,hard
daily_routine_recall,0.98,198,29.9,4,0,4,1.0,medium,hard
object_recognition,0.84,189,28.8,4,0,4,1.0,medium,hard
object_recognition,0.69,125,29.0,10,1,9,0.81,easy,medium
object_recognition,0.9,189,31.4,4,0,4,1.0,medium,hard
pattern_recognition,0.76,120,37.8,9,1,8,0.81,easy,medium
pattern_recognition,0.62,116,34.8,9,1,8,0.93,hard,medium
object_recognition,0.71,125,29.3,7,1,6,0.85,easy,easy
object_recognition,0.85,180,33.9,4,0,4,1.0,hard,hard
pattern_recognition,0.77,129,28.1,10,3,7,0.81,hard,medium
pattern_recognition,0.7,126,28.2,11,2,9,0.99,easy,medium
pattern_recognition,0.29,11,72.6,17,7,10,0.53,hard,easy
object_recognition,1.0,200,11.0,6,2,4,1.0,medium,hard
memory_match,0.21,10,66.2,11,4,7,0.41,hard,easy
memory_match,0.35,14,47.0,13,3,10,0.48,easy,easy
memory_match,0.3,12,102.0,15,5,10,0.67,medium,easy
daily_routine_recall,0.83,200,16.5,5,0,5,1.0,easy,hard
pattern_recognition,0.21,10,105.8,18,7,11,0.42,medium,easy
daily_routine_recall,0.64,122,29.2,9,1,8,0.83,hard,medium
pattern_recognition,0.78,111,47.8,8,2,6,1.0,medium,hard
pattern_recognition,0.55,22,91.6,11,4,7,0.49,easy,easy
object_recognition,0.84,200,21.1,5,1,4,1.0,easy,hard
object_recognition,0.71,118,36.4,8,2,6,0.92,hard,medium
pattern_recognition,0.88,200,10.9,5,0,5,1.0,easy,hard
object_recognition,0.53,21,75.4,17,6,11,0.48,easy,easy
object_recognition,0.64,107,44.7,8,3,5,0.99,medium,medium
memory_match,0.95,200,24.2,6,0,6,1.0,hard,hard
daily_routine_recall,0.86,190,28.6,6,0,6,1.0,medium,hard
object_recognition,0.62,110,40.4,11,3,8,0.99,easy,medium
daily_routine_recall,0.2,10,82.2,11,5,6,0.74,medium,easy
memory_match,0.54,21,45.3,13,6,7,0.41,easy,easy
object_recognition,0.57,22,59.4,12,4,8,0.63,easy,easy
pattern_recognition,0.68,127,26.3,7,1,6,0.86,hard,medium
memory_match,0.89,200,20.3,4,0,4,1.0,medium,hard
object_recognition,0.96,186,34.8,8,2,6,1.0,easy,hard
object_recognition,0.62,113,37.1,7,2,5,0.93,easy,medium
pattern_recognition,0.75,112,44.6,10,1,9,0.85,hard,medium
memory_match,0.81,133,27.0,10,2,8,0.95,medium,hard
memory_match,0.41,16,69.8,15,4,11,0.54,hard,easy
daily_routine_recall,0.61,120,29.5,10,2,8,0.97,medium,medium
daily_routine_recall,0.87,197,26.0,8,2,6,1.0,hard,hard
memory_match,0.85,191,28.2,7,2,5,1.0,medium,hard
memory_match,0.91,200,25.6,5,1,4,1.0,hard,medium
pattern_recognition,0.76,132,25.7,8,1,7,0.89,medium,medium
daily_routine_recall,0.61,114,35.9,7,1,6,0.99,hard,medium
object_recognition,0.89,200,24.0,5,0,5,1.0,medium,hard
daily_routine_recall,0.64,124,27.8,9,1,8,0.84,hard,medium
object_recognition,0.62,107,43.6,12,3,9,0.84,medium,medium
object_recognition,0.3,12,50.0,15,5,10,0.43,hard,easy
daily_routine_recall,0.41,16,61.1,13,7,6,0.84,hard,easy
memory_match,0.31,12,54.3,14,4,10,0.72,easy,easy
memory_match,0.92,185,33.8,6,1,5,1.0,easy,hard
memory_match,0.46,18,70.5,14,6,8,0.84,easy,easy
daily_routine_recall,0.39,15,70.4,14,6,8,0.78,hard,easy
object_recognition,0.74,130,26.3,7,2,5,0.83,hard,medium
memory_match,0.45,18,72.9,12,4,8,0.73,hard,easy
pattern_recognition,0.94,200,24.0,7,0,7,1.0,easy,hard
pattern_recognition,1.0,198,30.6,8,1,7,1.0,easy,hard
memory_match,0.99,200,16.2,7,0,7,1.0,medium,hard
memory_match,0.52,20,89.2,14,5,9,0.63,hard,easy
pattern_recognition,0.4,16,102.8,13,3,10,0.49,medium,easy
object_recognition,0.83,193,26.3,4,0,4,1.0,hard,hard
daily_routine_recall,0.81,200,15.1,5,0,5,1.0,hard,hard
memory_match,0.32,12,54.7,14,3,11,0.83,medium,easy
memory_match,0.36,14,67.6,12,5,7,0.41,easy,easy
pattern_recognition,0.25,10,100.2,9,3,6,0.56,hard,easy
memory_match,0.54,21,108.4,16,5,11,0.65,easy,easy
pattern_recognition,0.67,110,42.5,9,2,7,0.81,easy,medium
daily_routine_recall,0.7,106,48.3,10,2,8,0.92,hard,medium
daily_routine_recall,0.73,119,36.6,7,2,5,0.93,easy,medium
daily_routine_recall,0.29,11,72.2,14,4,10,0.54,hard,easy
daily_routine_recall,0.3,12,59.1,13,7,6,0.66,medium,easy
memory_match,0.76,107,50.8,8,3,5,0.83,medium,medium
memory_match,0.79,106,52.3,10,2,8,0.83,hard,medium
object_recognition,0.94,200,17.8,8,2,6,1.0,easy,hard
daily_routine_recall,0.78,123,35.4,10,1,9,1.0,hard,hard
memory_match,0.75,105,52.0,7,2,5,0.81,hard,medium
daily_routine_recall,0.74,109,47.9,8,2,6,0.85,medium,medium
object_recognition,0.81,105,54.9,10,1,9,0.85,medium,medium
object_recognition,0.85,200,20.0,7,0,7,1.0,medium,hard
pattern_recognition,0.82,200,22.4,7,0,7,1.0,easy,hard
daily_routine_recall,0.61,106,43.1,6,1,5,0.96,medium,medium
daily_routine_recall,0.79,123,35.8,10,1,9,0.99,medium,hard
object_recognition,0.25,10,103.7,14,6,8,0.77,medium,easy
object_recognition,0.26,10,47.5,14,3,11,0.53,medium,easy
daily_routine_recall,0.94,200,23.9,5,0,5,1.0,medium,hard
daily_routine_recall,0.74,105,51.4,9,3,6,0.92,easy,medium
pattern_recognition,0.86,200,15.0,5,0,5,1.0,easy,hard
pattern_recognition,0.34,13,56.0,15,5,10,0.54,easy,easy
pattern_recognition,0.73,119,36.7,7,2,5,0.85,medium,medium
object_recognition,0.22,10,109.8,13,3,10,0.44,medium,easy
daily_routine_recall,0.21,10,91.8,12,3,9,0.7,easy,easy
object_recognition,0.73,118,37.4,10,1,9,0.81,medium,medium
pattern_recognition,0.98,196,30.6,7,0,7,1.0,medium,hard
memory_match,0.8,116,43.9,8,2,6,0.82,easy,hard
daily_routine_recall,0.4,16,102.5,18,7,11,0.53,easy,easy
object_recognition,0.77,108,49.2,8,2,6,0.93,easy,medium
daily_routine_recall,0.51,20,108.7,14,5,9,0.72,hard,easy
daily_routine_recall,0.83,185,30.4,8,1,7,1.0,hard,hard
memory_match,0.52,20,61.8,12,3,9,0.51,hard,easy
daily_routine_recall,0.8,119,40.1,9,2,7,0.94,hard,hard
pattern_recognition,0.88,200,10.0,4,0,4,1.0,medium,hard
memory_match,0.73,122,33.8,7,1,6,0.88,easy,medium
pattern_recognition,0.74,104,52.4,6,1,5,0.9,easy,medium
daily_routine_recall,0.74,122,34.7,6,1,5,0.85,hard,medium
daily_routine_recall,0.73,104,51.5,11,3,8,0.86,hard,medium
pattern_recognition,1.0,200,19.3,7,1,6,1.0,medium,hard
pattern_recognition,0.8,188,27.7,7,2,5,1.0,hard,hard
pattern_recognition,0.86,200,23.9,6,2,4,1.0,medium,hard
memory_match,0.93,185,34.3,7,0,7,1.0,medium,hard
object_recognition,0.95,200,19.2,6,0,6,1.0,easy,hard
object_recognition,0.95,198,28.8,6,1,5,1.0,medium,hard
daily_routine_recall,0.82,122,39.0,10,2,8,0.91,easy,hard
pattern_recognition,0.82,200,12.0,5,1,4,1.0,medium,hard
memory_match,0.54,21,73.2,17,6,11,0.43,medium,easy
memory_match,0.73,120,35.5,11,3,8,0.85,medium,medium
object_recognition,0.53,21,69.4,12,5,7,0.57,hard,easy
daily_routine_recall,0.79,122,36.8,6,1,5,0.92,medium,hard
pattern_recognition,0.49,19,71.9,14,7,7,0.57,hard,easy
memory_match,0.81,185,29.1,7,2,5,1.0,medium,hard
pattern_recognition,0.99,200,11.8,5,0,5,1.0,hard,hard
object_recognition,0.83,199,23.1,8,1,7,1.0,medium,hard
memory_match,0.61,104,45.2,8,1,7,0.92,medium,medium
daily_routine_recall,0.25,10,99.9,13,3,10,0.59,easy,easy
object_recognition,0.71,116,38.8,11,3,8,0.88,easy,medium
pattern_recognition,0.88,195,27.5,7,0,7,1.0,medium,hard
pattern_recognition,0.7,103,51.4,12,3,9,0.84,hard,medium
memory_match,0.71,103,52.0,10,1,9,0.86,medium,medium
object_recognition,0.43,17,69.3,14,4,10,0.69,medium,easy
daily_routine_recall,0.56,22,94.7,14,3,11,0.62,easy,easy
daily_routine_recall,0.69,126,27.3,10,3,7,0.81,hard,medium
daily_routine_recall,0.72,105,50.4,11,2,9,0.94,hard,medium
object_recognition,0.78,126,32.8,8,1,7,0.99,hard,hard
daily_routine_recall,0.48,19,105.1,16,7,9,0.43,hard,easy
daily_routine_recall,0.9,188,31.8,7,0,7,1.0,hard,hard
memory_match,0.99,197,30.7,8,1,7,1.0,hard,hard
object_recognition,0.33,13,98.3,10,3,7,0.67,easy,easy
memory_match,0.39,15,91.7,12,5,7,0.81,hard,easy
pattern_recognition,0.74,123,33.1,8,1,7,0.81,easy,medium
daily_routine_recall,0.78,128,30.1,9,2,7,0.97,easy,hard
memory_match,0.73,115,40.7,11,3,8,0.88,medium,medium
object_recognition,0.62,102,48.1,8,1,7,0.84,hard,medium
memory_match,0.62,116,34.9,8,2,6,0.99,easy,medium
daily_routine_recall,0.33,13,92.1,16,6,10,0.4,easy,easy
memory_match,0.88,193,28.4,6,0,6,1.0,easy,hard
pattern_recognition,0.58,23,64.6,14,7,7,0.58,medium,easy
pattern_recognition,0.32,12,51.3,16,7,9,0.55,easy,easy
daily_routine_recall,0.82,200,17.4,6,1,5,1.0,medium,hard
memory_match,0.7,106,49.0,11,2,9,0.85,hard,medium
object_recognition,0.34,13,83.5,10,4,6,0.5,hard,easy
memory_match,0.24,10,102.2,13,6,7,0.61,easy,easy
memory_match,0.89,199,25.6,5,0,5,1.0,medium,hard
daily_routine_recall,0.55,22,91.8,14,4,10,0.48,hard,easy
pattern_recognition,0.5,20,99.3,15,6,9,0.83,hard,easy
daily_routine_recall,0.9,200,23.8,9,2,7,1.0,medium,hard
object_recognition,0.57,22,93.8,13,7,6,0.54,easy,easy
daily_routine_recall,0.26,10,71.6,15,4,11,0.69,medium,easy
daily_routine_recall,0.35,14,84.9,17,6,11,0.59,medium,easy
object_recognition,0.65,117,34.8,11,3,8,0.9,easy,medium
object_recognition,0.58,23,48.6,14,7,7,0.44,easy,easy
object_recognition,0.83,200,19.6,4,0,4,1.0,easy,hard
pattern_recognition,0.98,200,28.1,7,0,7,1.0,easy,hard
daily_routine_recall,0.91,191,30.4,6,0,6,1.0,hard,hard
daily_routine_recall,0.79,130,28.1,6,1,5,0.98,medium,hard
pattern_recognition,0.72,112,43.2,9,3,6,1.0,hard,medium
memory_match,0.48,19,107.0,15,4,11,0.5,medium,easy
pattern_recognition,0.26,10,64.7,13,7,6,0.47,medium,easy
object_recognition,0.72,122,33.1,9,3,6,0.84,hard,medium
object_recognition,0.43,17,51.3,14,6,8,0.52,hard,easy
object_recognition,0.81,200,19.1,4,0,4,1.0,hard,hard
pattern_recognition,1.0,200,26.3,6,0,6,1.0,easy,hard
memory_match,0.81,200,14.5,4,0,4,1.0,easy,hard
memory_match,0.31,12,48.8,13,5,8,0.5,medium,easy
object_recognition,0.91,200,25.0,8,2,6,1.0,hard,hard
memory_match,0.7,103,51.7,7,2,5,0.85,easy,medium
pattern_recognition,0.81,195,24.3,4,0,4,1.0,medium,hard
memory_match,0.73,110,45.9,7,2,5,0.92,medium,medium
daily_routine_recall,0.51,20,72.5,14,6,8,0.62,easy,easy
daily_routine_recall,0.42,16,77.0,14,3,11,0.65,medium,easy
memory_match,0.3,12,54.5,14,3,11,0.62,medium,easy
pattern_recognition,0.82,200,19.9,4,0,4,1.0,medium,hard
daily_routine_recall,0.25,10,97.8,11,5,6,0.81,medium,easy
object_recognition,0.83,200,21.9,6,0,6,1.0,easy,hard
pattern_recognition,0.81,106,53.4,10,1,9,0.85,easy,medium
memory_match,0.8,106,53.2,9,2,7,0.92,easy,hard
object_recognition,0.43,17,56.1,12,3,9,0.6,medium,easy
memory_match,0.4,16,47.0,12,5,7,0.78,hard,easy
daily_routine_recall,0.74,109,47.5,8,2,6,0.93,hard,medium
pattern_recognition,0.54,21,91.7,14,6,8,0.54,medium,easy
pattern_recognition,1.0,200,28.7,7,0,7,1.0,easy,hard
memory_match,0.39,15,107.2,15,4,11,0.77,hard,easy
object_recognition,0.91,182,34.6,8,1,7,1.0,hard,hard
pattern_recognition,0.85,200,16.1,7,0,7,1.0,hard,hard
daily_routine_recall,0.95,200,19.2,5,0,5,1.0,easy,hard
object_recognition,0.32,12,95.8,13,5,8,0.7,hard,easy
daily_routine_recall,0.94,200,22.0,4,0,4,1.0,hard,hard
daily_routine_recall,0.86,200,15.2,6,0,6,1.0,hard,hard
pattern_recognition,0.73,108,47.2,9,1,8,0.92,hard,medium
daily_routine_recall,0.39,15,57.7,14,5,9,0.69,medium,easy
object_recognition,0.86,181,33.2,7,0,7,1.0,hard,hard
object_recognition,0.85,200,17.4,5,0,5,1.0,easy,hard
pattern_recognition,0.68,122,32.0,10,2,8,0.95,medium,medium
object_recognition,0.96,200,10.8,5,0,5,1.0,hard,hard
memory_match,0.9,200,19.4,7,0,7,1.0,medium,hard
pattern_recognition,0.66,108,44.2,12,3,9,0.84,hard,medium
pattern_recognition,0.5,20,58.0,11,4,7,0.63,hard,easy
pattern_recognition,0.8,111,48.7,8,3,5,0.9,hard,medium
object_recognition,0.97,200,12.8,5,1,4,1.0,easy,hard
memory_match,0.51,20,61.1,13,5,8,0.74,hard,easy
pattern_recognition,0.39,15,55.0,14,7,7,0.8,hard,easy
daily_routine_recall,0.4,16,77.9,13,7,6,0.56,medium,easy
daily_routine_recall,0.77,123,34.7,8,2,6,0.95,hard,medium
object_recognition,0.91,189,31.4,7,1,6,1.0,easy,hard
object_recognition,0.23,10,108.1,16,5,11,0.45,hard,easy
object_recognition,0.88,181,34.1,6,0,6,1.0,easy,hard
pattern_recognition,0.37,14,49.8,12,5,7,0.62,hard,easy
memory_match,0.42,16,68.6,14,3,11,0.8,medium,easy
daily_routine_recall,0.81,117,42.5,10,1,9,0.89,easy,hard
pattern_recognition,0.82,195,25.0,7,0,7,1.0,hard,hard
pattern_recognition,0.26,10,48.0,14,3,11,0.64,easy,easy
pattern_recognition,0.94,193,30.7,8,1,7,1.0,easy,hard
daily_routine_recall,0.4,16,99.1,11,3,8,0.73,medium,easy
daily_routine_recall,0.62,105,45.5,11,2,9,0.87,hard,hard
daily_routine_recall,0.73,130,25.4,9,1,8,0.9,medium,medium
daily_routine_recall,0.96,200,15.2,7,0,7,1.0,medium,hard
object_recognition,0.94,187,33.8,7,0,7,1.0,hard,hard
object_recognition,0.73,130,25.9,9,1,8,0.98,easy,medium
memory_match,0.86,183,32.5,6,1,5,1.0,medium,hard
object_recognition,0.47,18,53.5,16,6,10,0.49,hard,easy
daily_routine_recall,0.67,105,47.2,10,1,9,0.81,hard,medium
object_recognition,0.68,126,27.4,7,2,5,0.88,easy,medium
memory_match,0.8,134,25.5,7,2,5,0.97,medium,hard
memory_match,0.88,185,32.3,4,0,4,1.0,easy,hard
memory_match,0.78,125,33.5,11,2,9,0.85,medium,hard
pattern_recognition,0.69,117,36.4,9,2,7,0.94,hard,medium
object_recognition,0.81,196,23.9,6,0,6,1.0,easy,hard
memory_match,0.54,21,46.0,12,5,7,0.63,hard,easy
memory_match,0.74,129,27.7,7,2,5,0.85,hard,medium
pattern_recognition,0.71,105,49.4,9,2,7,0.95,medium,medium
object_recognition,0.85,200,17.1,5,0,5,1.0,hard,hard
daily_routine_recall,0.3,12,60.0,16,7,9,0.78,hard,easy
object_recognition,0.74,121,35.4,8,2,6,0.87,easy,medium
pattern_recognition,0.81,109,50.9,8,1,7,0.89,easy,hard
object_recognition,0.87,194,27.1,6,2,4,1.0,easy,hard
memory_match,0.79,131,27.4,12,3,9,0.99,easy,medium
memory_match,0.93,187,33.5,7,0,7,1.0,medium,hard
pattern_recognition,0.22,10,49.6,15,7,8,0.77,medium,easy
pattern_recognition,0.93,200,14.1,8,1,7,1.0,medium,hard
object_recognition,0.98,200,22.7,5,0,5,1.0,easy,hard
memory_match,0.3,12,49.1,16,5,11,0.68,easy,easy
memory_match,0.67,123,29.9,7,1,6,0.88,medium,medium
object_recognition,0.87,200,14.9,5,0,5,1.0,easy,hard
daily_routine_recall,0.9,195,28.2,5,0,5,1.0,hard,hard
object_recognition,0.81,131,29.0,7,2,5,0.99,easy,hard
object_recognition,0.44,17,96.0,16,6,10,0.72,easy,easy
daily_routine_recall,0.72,122,33.2,10,3,7,0.84,medium,medium
pattern_recognition,0.54,21,104.3,14,6,8,0.7,easy,easy
pattern_recognition,0.51,20,89.6,17,6,11,0.68,hard,easy
daily_routine_recall,0.73,101,54.1,7,1,6,0.99,hard,medium
pattern_recognition,0.64,107,44.5,8,1,7,0.86,hard,medium
memory_match,0.53,21,57.8,13,6,7,0.5,easy,easy
pattern_recognition,0.93,193,30.3,5,0,5,1.0,hard,hard
daily_routine_recall,0.86,183,32.2,8,2,6,1.0,easy,hard
memory_match,0.98,200,12.6,4,0,4,1.0,hard,hard
memory_match,0.34,13,65.6,13,4,9,0.5,medium,easy
pattern_recognition,0.41,16,80.0,14,3,11,0.4,medium,easy
object_recognition,0.61,105,44.9,8,2,6,0.99,medium,medium
pattern_recognition,0.94,188,33.2,5,1,4,1.0,medium,hard
memory_match,1.0,200,22.8,6,0,6,1.0,easy,hard
pattern_recognition,0.67,125,27.8,10,2,8,0.88,easy,medium
memory_match,0.45,18,94.2,17,6,11,0.76,hard,easy
object_recognition,0.67,102,50.6,12,3,9,0.84,hard,medium
daily_routine_recall,0.41,16,99.3,12,3,9,0.78,medium,easy
memory_match,0.71,105,50.0,8,1,7,0.98,medium,hard
daily_routine_recall,0.74,120,36.4,10,1,9,0.84,medium,medium
pattern_recognition,0.46,18,56.8,14,3,11,0.51,hard,easy
object_recognition,0.86,195,26.2,5,0,5,1.0,hard,hard
daily_routine_recall,0.28,11,47.0,10,3,7,0.65,medium,easy
memory_match,0.21,10,109.4,16,7,9,0.7,medium,easy
pattern_recognition,0.54,21,47.1,11,5,6,0.65,hard,easy
object_recognition,0.72,102,53.7,10,2,8,0.8,medium,medium
daily_routine_recall,0.81,200,11.1,7,1,6,1.0,medium,hard
daily_routine_recall,0.91,200,15.9,4,0,4,1.0,medium,hard
pattern_recognition,0.72,121,34.1,7,2,5,0.99,medium,medium
object_recognition,0.92,196,28.3,7,0,7,1.0,medium,hard
memory_match,0.96,200,16.4,4,0,4,1.0,medium,hard
daily_routine_recall,0.81,176,33.9,6,0,6,1.0,medium,hard
daily_routine_recall,0.31,12,101.0,10,4,6,0.5,medium,easy
daily_routine_recall,0.33,13,47.3,9,3,6,0.78,medium,easy
object_recognition,0.74,121,35.6,9,1,8,0.89,medium,medium
pattern_recognition,0.21,10,47.3,15,4,11,0.56,hard,easy
daily_routine_recall,0.8,199,22.3,6,0,6,1.0,easy,hard
daily_routine_recall,0.74,120,37.0,7,1,6,0.91,easy,medium
pattern_recognition,0.86,200,15.5,5,0,5,1.0,easy,hard
daily_routine_recall,0.58,23,55.9,12,4,8,0.47,hard,easy
daily_routine_recall,0.86,200,20.3,7,1,6,1.0,easy,hard
daily_routine_recall,0.68,127,26.8,10,1,9,0.99,easy,medium
daily_routine_recall,0.72,110,46.0,12,3,9,0.97,hard,medium
pattern_recognition,0.98,200,12.8,7,0,7,1.0,medium,hard
memory_match,0.97,200,26.7,5,1,4,1.0,medium,hard
memory_match,0.21,10,47.4,14,5,9,0.85,easy,easy
daily_routine_recall,0.73,107,48.6,8,1,7,0.92,medium,medium
daily_routine_recall,0.94,200,17.4,7,0,7,1.0,hard,hard
daily_routine_recall,0.61,96,53.9,8,2,6,0.83,easy,medium
object_recognition,0.42,16,68.2,15,7,8,0.6,hard,easy
object_recognition,0.57,22,70.4,17,7,10,0.76,medium,easy
memory_match,0.44,17,90.4,14,3,11,0.84,medium,easy
memory_match,0.44,17,75.0,14,6,8,0.54,medium,easy
daily_routine_recall,0.27,10,62.4,13,5,8,0.61,easy,easy
object_recognition,0.23,10,48.4,16,6,10,0.47,easy,easy
memory_match,0.35,14,51.7,13,4,9,0.44,easy,easy
daily_routine_recall,0.77,116,42.0,7,2,5,0.91,medium,medium
pattern_recognition,0.93,186,33.9,4,0,4,1.0,hard,hard
daily_routine_recall,0.7,107,47.2,12,3,9,0.88,hard,medium
pattern_recognition,0.83,200,10.4,7,1,6,1.0,easy,hard
pattern_recognition,0.68,125,29.0,9,3,6,0.85,easy,medium
memory_match,0.3,12,60.6,15,4,11,0.65,easy,easy
daily_routine_recall,0.23,10,106.7,14,4,10,0.58,medium,easy
object_recognition,0.51,20,100.5,9,3,6,0.75,easy,easy
pattern_recognition,0.45,18,59.0,14,6,8,0.65,easy,easy
memory_match,0.91,200,16.3,5,0,5,1.0,easy,hard
object_recognition,0.29,11,77.9,15,4,11,0.4,medium,easy
memory_match,0.96,195,30.5,8,2,6,1.0,medium,hard
pattern_recognition,0.7,127,27.9,7,1,6,0.95,hard,medium
object_recognition,0.84,200,15.5,6,0,6,1.0,easy,hard
pattern_recognition,0.77,110,47.8,9,1,8,0.93,hard,medium
daily_routine_recall,0.45,18,97.2,11,5,6,0.55,medium,easy
object_recognition,1.0,200,14.9,7,0,7,1.0,medium,hard
pattern_recognition,0.4,16,68.6,14,5,9,0.74,hard,easy
object_recognition,0.63,119,31.6,6,1,5,0.88,easy,medium
daily_routine_recall,0.77,123,34.7,9,2,7,0.89,medium,medium
daily_routine_recall,0.71,100,54.6,7,1,6,0.85,easy,medium
object_recognition,0.89,200,15.0,4,0,4,1.0,easy,hard
pattern_recognition,0.98,197,30.4,4,0,4,1.0,hard,hard
memory_match,0.87,200,21.9,5,0,5,1.0,medium,hard
object_recognition,0.62,101,49.9,8,1,7,0.95,easy,medium
object_recognition,0.33,13,102.8,18,7,11,0.75,medium,easy
daily_routine_recall,0.71,114,40.3,7,2,5,0.92,easy,medium
daily_routine_recall,0.26,10,90.4,14,7,7,0.41,medium,easy
pattern_recognition,0.74,128,28.5,7,2,5,0.85,easy,medium
pattern_recognition,0.96,200,16.7,8,1,7,1.0,easy,hard
memory_match,0.87,193,27.9,6,0,6,1.0,hard,hard
daily_routine_recall,1.0,200,10.2,5,0,5,1.0,easy,hard
object_recognition,0.6,103,46.6,11,2,9,0.84,easy,medium
object_recognition,0.46,18,83.8,12,3,9,0.6,medium,easy
daily_routine_recall,0.91,200,22.3,6,0,6,1.0,easy,hard
memory_match,0.47,18,87.6,11,5,6,0.61,hard,easy
pattern_recognition,0.98,197,30.5,6,0,6,1.0,medium,hard
object_recognition,0.44,17,81.8,13,7,6,0.81,easy,easy
memory_match,0.27,10,96.7,16,6,10,0.73,easy,easy
pattern_recognition,0.58,23,87.3,10,4,6,0.49,hard,easy
daily_routine_recall,0.32,12,45.5,11,4,7,0.55,hard,easy
pattern_recognition,0.24,10,50.9,13,4,9,0.72,easy,easy
pattern_recognition,0.95,200,15.5,6,0,6,1.0,medium,hard
memory_match,0.49,19,59.2,13,6,7,0.49,medium,easy
object_recognition,0.47,18,66.6,16,5,11,0.42,easy,easy
daily_routine_recall,0.71,125,29.5,7,2,5,0.88,hard,medium
object_recognition,0.93,200,14.0,6,2,4,1.0,easy,hard
pattern_recognition,1.0,200,21.2,6,0,6,1.0,easy,hard
memory_match,0.77,112,45.2,8,1,7,0.98,easy,medium
daily_routine_recall,0.88,199,25.4,6,0,6,1.0,medium,hard
object_recognition,0.83,200,15.8,5,0,5,1.0,hard,hard
object_recognition,0.88,200,21.2,9,2,7,1.0,hard,hard
object_recognition,0.93,188,33.0,5,0,5,1.0,medium,hard
pattern_recognition,0.79,112,46.9,7,1,6,0.81,hard,medium
memory_match,0.58,23,63.1,10,4,6,0.67,easy,easy
daily_routine_recall,0.21,10,50.3,17,6,11,0.58,medium,easy
object_recognition,0.73,117,38.2,8,3,5,0.94,medium,medium
memory_match,0.8,130,29.4,7,1,6,0.96,medium,hard
memory_match,0.75,118,38.5,11,2,9,0.8,easy,medium
pattern_recognition,0.91,200,20.4,8,1,7,1.0,medium,hard
pattern_recognition,0.72,102,53.4,10,1,9,0.86,hard,medium
pattern_recognition,0.44,17,77.6,13,7,6,0.43,easy,easy
daily_routine_recall,0.7,111,43.3,9,2,7,1.0,medium,medium
object_recognition,0.28,11,51.7,15,7,8,0.55,medium,easy
object_recognition,0.21,10,68.4,18,7,11,0.71,easy,easy
memory_match,0.63,108,42.7,11,3,8,0.9,medium,medium
object_recognition,0.87,179,34.9,7,0,7,1.0,medium,hard
memory_match,0.72,105,50.5,11,3,8,0.82,hard,medium
object_recognition,0.63,125,25.1,6,1,5,0.92,easy,medium
daily_routine_recall,0.71,102,53.0,7,1,6,0.97,easy,medium
pattern_recognition,0.51,20,56.9,13,4,9,0.62,easy,easy
daily_routine_recall,0.23,10,51.6,17,7,10,0.65,easy,easy
daily_routine_recall,0.75,103,53.2,11,2,9,0.81,easy,medium
object_recognition,0.83,200,19.8,5,0,5,1.0,medium,hard
daily_routine_recall,0.88,188,31.0,5,0,5,1.0,easy,hard
object_recognition,0.64,105,46.9,9,3,6,0.96,medium,medium
memory_match,0.94,200,15.9,5,0,5,1.0,hard,hard
memory_match,0.8,108,51.9,6,1,5,0.99,easy,hard
object_recognition,0.86,200,16.2,7,0,7,1.0,hard,hard
pattern_recognition,0.41,16,109.6,18,7,11,0.72,easy,easy
object_recognition,0.77,118,39.8,12,3,9,0.87,medium,medium
memory_match,0.46,18,79.4,14,4,10,0.81,medium,easy
pattern_recognition,0.85,200,18.9,7,0,7,1.0,medium,hard
pattern_recognition,0.91,200,23.2,6,1,5,1.0,medium,hard
pattern_recognition,0.41,16,50.7,15,6,9,0.67,easy,easy
memory_match,0.93,189,32.5,6,1,5,1.0,medium,hard
memory_match,0.8,108,51.9,6,1,5,0.82,easy,medium
pattern_recognition,0.7,106,48.6,7,1,6,0.95,hard,medium
object_recognition,0.99,200,24.2,5,0,5,1.0,medium,hard
daily_routine_recall,0.62,104,47.0,10,1,9,0.97,medium,medium
daily_routine_recall,0.83,179,33.3,9,2,7,1.0,hard,hard
pattern_recognition,0.85,188,29.9,4,0,4,1.0,hard,hard
daily_routine_recall,0.43,17,99.6,13,6,7,0.56,hard,easy
memory_match,0.78,109,49.4,10,3,7,0.93,medium,medium
daily_routine_recall,0.82,199,22.7,7,0,7,1.0,medium,hard
memory_match,0.76,119,38.7,10,3,7,0.89,hard,medium
daily_routine_recall,0.22,10,68.5,9,3,6,0.57,easy,easy
pattern_recognition,0.76,121,36.1,9,2,7,0.99,easy,medium
memory_match,0.82,200,10.8,5,0,5,1.0,hard,hard
object_recognition,0.8,129,31.0,6,1,5,0.93,hard,hard
daily_routine_recall,0.41,16,86.2,17,7,10,0.62,medium,easy
object_recognition,0.38,15,86.6,12,4,8,0.41,hard,easy
memory_match,0.64,112,39.7,12,3,9,0.9,medium,medium
pattern_recognition,0.68,125,28.1,11,3,8,0.81,medium,medium
daily_routine_recall,0.53,21,45.8,15,5,10,0.53,medium,easy
object_recognition,0.76,128,29.4,7,1,6,1.0,medium,medium
object_recognition,0.23,10,71.0,11,4,7,0.62,medium,easy
pattern_recognition,0.37,14,108.3,10,3,7,0.69,medium,easy
object_recognition,0.25,10,77.9,11,3,8,0.63,easy,easy
memory_match,0.91,200,10.5,7,1,6,1.0,easy,hard
memory_match,0.93,190,31.9,4,0,4,1.0,hard,hard
memory_match,0.75,129,27.6,11,2,9,0.99,easy,medium
pattern_recognition,0.7,122,32.6,7,1,6,0.99,medium,medium
daily_routine_recall,0.99,200,27.5,7,0,7,1.0,hard,hard
pattern_recognition,0.77,124,33.5,10,1,9,0.98,medium,medium
memory_match,0.96,200,24.2,7,2,5,1.0,easy,easy
pattern_recognition,0.78,114,44.3,11,3,8,0.9,medium,medium
daily_routine_recall,0.83,200,20.0,8,2,6,1.0,hard,hard
daily_routine_recall,0.57,22,92.8,13,7,6,0.49,easy,easy
daily_routine_recall,0.84,177,34.7,6,0,6,1.0,easy,hard
memory_match,0.91,200,17.2,6,0,6,1.0,medium,hard
daily_routine_recall,0.77,106,51.4,7,1,6,0.98,easy,medium
pattern_recognition,0.67,122,30.6,12,3,9,0.99,hard,medium
daily_routine_recall,0.64,122,29.3,11,2,9,0.83,hard,medium
object_recognition,0.36,14,49.9,10,4,6,0.7,medium,easy
daily_routine_recall,0.7,109,45.4,10,2,8,0.96,hard,medium
object_recognition,0.93,194,29.7,5,0,5,1.0,easy,hard
memory_match,0.97,200,18.9,6,0,6,1.0,easy,hard
pattern_recognition,0.76,111,46.7,9,1,8,0.95,easy,medium
memory_match,0.66,110,42.2,11,2,9,0.87,medium,medium
pattern_recognition,0.76,114,43.4,9,1,8,0.93,hard,medium
memory_match,0.96,200,18.7,7,0,7,1.0,hard,hard
daily_routine_recall,0.5,20,77.0,17,6,11,0.49,hard,easy
memory_match,0.55,22,61.8,13,7,6,0.6,medium,easy
daily_routine_recall,0.43,17,60.0,14,3,11,0.41,easy,medium
object_recognition,0.68,106,47.3,6,1,5,0.87,easy,medium
object_recognition,0.82,119,41.9,11,3,8,0.82,hard,medium
daily_routine_recall,0.93,200,16.1,5,0,5,1.0,hard,hard
daily_routine_recall,0.97,200,14.9,9,2,7,1.0,hard,hard
pattern_recognition,0.8,134,25.8,11,2,9,0.98,medium,hard
daily_routine_recall,0.3,12,80.9,12,5,7,0.68,easy,easy
pattern_recognition,0.82,200,22.3,5,0,5,1.0,hard,hard
daily_routine_recall,0.84,191,27.7,5,0,5,1.0,easy,hard
memory_match,0.96,190,32.7,6,1,5,1.0,easy,hard
daily_routine_recall,0.66,109,43.2,6,1,5,0.89,hard,medium
memory_match,0.93,193,30.4,6,0,6,1.0,medium,hard
pattern_recognition,0.85,194,26.9,6,0,6,1.0,medium,hard
daily_routine_recall,0.78,128,30.2,9,3,6,0.87,hard,medium
pattern_recognition,0.88,192,28.6,4,0,4,1.0,medium,hard
object_recognition,0.89,200,20.7,6,0,6,1.0,hard,hard
object_recognition,0.72,124,31.6,9,1,8,0.97,easy,medium
object_recognition,0.8,175,34.2,4,0,4,1.0,hard,hard
memory_match,0.6,123,26.5,7,2,5,0.87,medium,medium
pattern_recognition,0.97,199,28.7,7,2,5,1.0,medium,hard
daily_routine_recall,0.96,189,33.1,7,0,7,1.0,medium,hard
pattern_recognition,0.91,197,27.5,7,0,7,1.0,hard,hard
daily_routine_recall,0.99,200,26.0,7,1,6,1.0,easy,hard
pattern_recognition,0.26,10,96.5,13,6,7,0.44,medium,easy
object_recognition,0.31,12,78.4,16,7,9,0.42,easy,easy
daily_routine_recall,0.99,191,33.8,5,0,5,1.0,hard,hard
memory_match,0.81,200,14.8,7,0,7,1.0,hard,hard
daily_routine_recall,0.9,200,20.5,7,0,7,1.0,hard,hard
pattern_recognition,0.96,190,33.0,5,0,5,1.0,hard,hard
memory_match,0.72,121,34.5,8,2,6,0.86,easy,medium
daily_routine_recall,0.82,194,25.4,6,0,6,1.0,easy,hard
memory_match,0.74,127,29.5,11,2,9,0.97,hard,medium
pattern_recognition,0.4,16,70.0,15,6,9,0.72,medium,easy
daily_routine_recall,0.98,200,12.2,4,0,4,1.0,easy,hard
daily_routine_recall,0.35,14,72.8,13,7,6,0.61,medium,easy
pattern_recognition,0.26,10,46.2,16,7,9,0.81,hard,easy
daily_routine_recall,0.82,200,15.3,7,0,7,1.0,medium,hard
memory_match,0.4,16,104.6,11,3,8,0.65,easy,easy
memory_match,0.45,18,68.9,10,3,7,0.42,easy,easy
daily_routine_recall,0.35,14,100.5,11,4,7,0.57,easy,easy
daily_routine_recall,0.91,200,10.7,7,0,7,1.0,easy,hard
object_recognition,0.45,18,75.3,15,7,8,0.69,hard,easy
daily_routine_recall,0.68,110,43.5,9,2,7,0.86,easy,medium
daily_routine_recall,0.69,111,42.2,8,2,6,0.99,easy,medium
daily_routine_recall,0.43,17,97.9,15,6,9,0.8,hard,easy
memory_match,0.49,19,66.0,16,6,10,0.43,easy,easy
pattern_recognition,0.99,200,16.1,7,0,7,1.0,hard,hard
object_recognition,0.61,110,39.8,7,2,5,0.85,hard,medium
object_recognition,0.99,200,12.8,6,0,6,1.0,easy,hard
object_recognition,0.44,17,49.2,15,5,10,0.6,easy,easy
object_recognition,0.83,191,27.1,8,1,7,1.0,hard,hard
pattern_recognition,0.78,120,38.9,10,1,9,0.84,hard,hard
object_recognition,0.76,118,39.4,9,2,7,0.86,medium,medium
pattern_recognition,0.23,10,70.6,11,3,8,0.41,easy,easy
memory_match,0.72,109,46.8,7,2,5,0.85,hard,hard
daily_routine_recall,0.64,108,43.3,11,2,9,0.8,hard,medium
memory_match,0.72,103,53.0,7,1,6,0.87,medium,medium
memory_match,0.99,200,24.5,5,0,5,1.0,hard,hard
memory_match,0.44,17,77.8,17,7,10,0.41,hard,easy
daily_routine_recall,0.85,200,17.8,9,2,7,1.0,easy,hard
daily_routine_recall,0.67,126,26.9,8,2,6,0.85,easy,medium
object_recognition,0.3,12,108.6,14,5,9,0.6,medium,easy
memory_match,0.95,193,31.1,8,1,7,1.0,medium,hard
pattern_recognition,0.75,124,32.9,9,2,7,0.96,hard,medium
pattern_recognition,0.81,121,39.0,11,2,9,0.91,medium,hard
memory_match,0.64,103,48.8,8,1,7,0.81,hard,medium
daily_routine_recall,0.79,113,45.2,11,3,8,0.81,hard,medium
memory_match,0.81,130,29.4,11,3,8,0.93,medium,medium
memory_match,0.98,200,20.6,5,0,5,1.0,easy,hard
memory_match,0.25,10,60.9,12,4,8,0.5,medium,easy
daily_routine_recall,0.8,113,46.5,11,2,9,0.93,medium,hard
pattern_recognition,0.45,18,103.6,18,7,11,0.82,hard,easy
memory_match,0.53,21,101.5,12,5,7,0.52,easy,easy
memory_match,0.98,190,33.7,4,0,4,1.0,hard,hard
daily_routine_recall,0.87,200,21.7,5,0,5,1.0,hard,hard
object_recognition,0.63,113,37.6,8,3,5,0.85,easy,medium
object_recognition,0.87,200,12.8,9,2,7,1.0,easy,hard
memory_match,0.35,14,99.9,12,6,6,0.64,easy,easy
memory_match,0.61,96,53.5,6,1,5,0.9,easy,medium
daily_routine_recall,0.84,191,27.8,4,0,4,1.0,medium,hard
pattern_recognition,0.88,198,25.6,7,0,7,1.0,hard,hard
pattern_recognition,0.77,127,30.8,8,1,7,0.82,easy,medium
memory_match,0.22,10,78.8,11,4,7,0.44,hard,easy
pattern_recognition,0.88,184,32.9,5,1,4,1.0,easy,hard
pattern_recognition,0.23,10,82.9,13,7,6,0.4,medium,easy
daily_routine_recall,1.0,200,20.2,6,0,6,1.0,hard,hard
pattern_recognition,1.0,200,21.7,8,1,7,1.0,medium,hard
object_recognition,0.96,199,28.3,6,0,6,1.0,easy,hard
pattern_recognition,0.68,106,47.5,11,3,8,0.99,hard,medium
object_recognition,0.82,133,27.8,9,1,8,0.97,hard,hard
daily_routine_recall,0.39,15,85.4,12,3,9,0.68,medium,easy
memory_match,0.75,110,47.0,12,3,9,0.89,hard,medium
object_recognition,0.47,18,45.9,14,4,10,0.75,easy,easy
pattern_recognition,0.75,110,47.0,12,3,9,0.94,hard,medium
pattern_recognition,0.93,185,34.1,6,2,4,1.0,hard,hard
pattern_recognition,0.84,200,17.3,4,0,4,1.0,easy,hard
pattern_recognition,0.36,14,89.8,17,6,11,0.77,hard,easy
object_recognition,0.5,20,92.6,16,5,11,0.76,easy,easy
memory_match,0.55,22,48.9,11,3,8,0.45,hard,medium
memory_match,0.22,10,94.1,15,6,9,0.81,hard,easy
daily_routine_recall,0.68,108,45.1,8,1,7,0.91,easy,medium
memory_match,0.77,110,47.7,9,2,7,0.83,medium,medium
object_recognition,0.82,200,21.5,6,0,6,1.0,hard,hard
object_recognition,0.22,10,65.8,13,3,10,0.72,hard,easy
pattern_recognition,0.72,107,48.6,7,1,6,0.93,easy,medium
pattern_recognition,0.78,127,31.8,6,1,5,0.85,medium,hard
object_recognition,0.61,114,35.4,8,1,7,0.93,easy,medium
pattern_recognition,0.52,20,100.4,13,5,8,0.71,easy,easy
daily_routine_recall,0.68,124,29.4,10,1,9,0.84,easy,medium
daily_routine_recall,0.73,108,47.2,9,1,8,0.85,easy,medium
object_recognition,0.61,124,25.4,9,3,6,0.86,easy,medium
memory_match,0.73,120,35.8,7,1,6,0.86,hard,medium
pattern_recognition,0.45,18,51.4,14,6,8,0.49,medium,easy
daily_routine_recall,0.7,101,53.7,9,2,7,0.89,medium,medium
object_recognition,0.78,131,28.0,9,1,8,0.89,easy,hard
memory_match,0.94,200,24.0,9,2,7,1.0,easy,hard
pattern_recognition,0.82,178,33.5,6,0,6,1.0,hard,hard
pattern_recognition,0.72,127,28.8,9,3,6,0.93,easy,medium
daily_routine_recall,0.26,10,71.9,18,7,11,0.75,hard,easy
daily_routine_recall,0.75,111,45.1,8,1,7,0.85,hard,hard
memory_match,0.76,104,53.5,10,1,9,0.81,easy,medium
pattern_recognition,0.84,200,12.2,6,0,6,1.0,hard,hard
pattern_recognition,0.81,110,49.9,6,1,5,0.91,hard,hard
memory_match,0.25,10,67.3,18,7,11,0.44,easy,easy
object_recognition,0.75,131,25.4,7,2,5,0.93,hard,easy
pattern_recognition,0.84,200,14.3,5,1,4,1.0,easy,hard
object_recognition,0.82,198,23.4,5,1,4,1.0,medium,hard
pattern_recognition,0.71,121,33.6,6,1,5,0.86,hard,medium
daily_routine_recall,0.62,113,37.5,7,2,5,0.81,easy,medium
pattern_recognition,0.82,115,45.8,8,1,7,0.94,easy,hard
daily_routine_recall,0.77,125,32.2,8,1,7,0.98,medium,medium
daily_routine_recall,0.29,11,50.5,12,6,6,0.7,medium,easy
memory_match,0.34,13,80.7,11,3,8,0.85,hard,easy
pattern_recognition,0.67,98,54.3,7,1,6,0.91,easy,medium
pattern_recognition,0.73,117,39.0,10,3,7,0.99,medium,medium
memory_match,0.82,200,10.8,6,0,6,1.0,easy,hard
object_recognition,0.56,22,62.3,12,5,7,0.43,hard,easy
pattern_recognition,0.67,114,38.8,10,2,8,0.83,easy,medium
daily_routine_recall,0.9,200,13.9,4,0,4,1.0,easy,hard
daily_routine_recall,0.93,200,22.4,6,2,4,1.0,hard,hard
pattern_recognition,0.67,122,30.1,8,3,5,0.94,easy,medium
memory_match,0.63,124,26.8,8,2,6,0.93,easy,medium
pattern_recognition,0.81,128,31.2,9,3,6,0.84,easy,medium
pattern_recognition,0.95,200,23.0,7,0,7,1.0,hard,hard
object_recognition,0.65,98,53.8,11,2,9,0.8,easy,medium
memory_match,0.84,188,29.4,6,0,6,1.0,easy,hard
daily_routine_recall,0.76,128,30.0,11,3,8,0.94,easy,medium
daily_routine_recall,0.82,200,11.0,6,0,6,1.0,medium,hard
memory_match,0.33,13,98.8,14,6,8,0.47,hard,easy
memory_match,0.61,99,50.6,9,2,7,0.86,hard,medium
pattern_recognition,0.87,200,12.1,6,1,5,1.0,easy,hard
pattern_recognition,0.57,22,106.7,15,6,9,0.79,easy,easy
daily_routine_recall,0.55,22,59.1,17,6,11,0.49,medium,easy
pattern_recognition,0.49,19,90.9,16,7,9,0.5,hard,hard
pattern_recognition,0.88,200,25.0,7,0,7,1.0,medium,hard
daily_routine_recall,0.76,122,35.1,9,2,7,0.8,hard,medium
memory_match,0.77,110,47.2,6,1,5,0.92,easy,medium
pattern_recognition,0.37,14,95.6,14,3,11,0.7,medium,easy
object_recognition,0.55,22,66.1,15,5,10,0.54,easy,easy
pattern_recognition,0.54,21,47.1,15,6,9,0.7,easy,easy
object_recognition,0.81,180,31.8,6,0,6,1.0,easy,hard
daily_routine_recall,0.94,187,33.7,5,0,5,1.0,hard,hard
daily_routine_recall,0.25,10,97.4,16,6,10,0.46,medium,easy
pattern_recognition,0.68,104,49.3,10,2,8,0.86,medium,medium
object_recognition,0.63,103,47.8,12,3,9,0.89,medium,medium
pattern_recognition,0.36,14,103.8,14,3,11,0.56,hard,easy
daily_routine_recall,0.93,200,21.7,6,0,6,1.0,medium,hard
memory_match,0.58,23,102.3,16,7,9,0.64,hard,easy
pattern_recognition,0.38,15,57.0,17,7,10,0.75,easy,easy
memory_match,0.7,103,51.5,10,1,9,0.85,hard,medium
pattern_recognition,0.84,200,23.1,7,0,7,1.0,easy,hard
pattern_recognition,0.24,10,53.4,15,5,10,0.73,easy,easy
memory_match,0.88,198,25.7,7,1,6,1.0,easy,hard
daily_routine_recall,1.0,200,14.0,7,0,7,1.0,hard,hard
daily_routine_recall,0.91,200,21.5,8,2,6,1.0,medium,hard
pattern_recognition,0.78,121,37.8,12,3,9,0.88,easy,medium
pattern_recognition,0.29,11,67.3,9,3,6,0.55,easy,easy
memory_match,0.38,15,107.1,12,3,9,0.81,hard,easy
memory_match,0.85,200,14.8,5,0,5,1.0,medium,hard
memory_match,0.61,95,54.4,8,1,7,0.99,hard,medium
daily_routine_recall,0.27,10,99.8,13,5,8,0.53,medium,easy
memory_match,0.95,197,29.5,7,2,5,1.0,hard,hard
memory_match,0.72,109,46.2,10,1,9,0.89,easy,medium
memory_match,0.89,188,31.4,6,0,6,1.0,easy,hard
memory_match,0.85,191,28.3,5,0,5,1.0,medium,hard
memory_match,0.87,179,34.9,5,0,5,1.0,hard,hard
memory_match,0.56,22,60.9,16,6,10,0.73,hard,easy
daily_routine_recall,0.95,197,29.1,7,0,7,1.0,medium,hard
daily_routine_recall,0.79,111,47.5,8,2,6,0.9,medium,hard
pattern_recognition,0.83,200,18.2,4,0,4,1.0,hard,hard
object_recognition,0.61,116,33.3,9,2,7,0.89,medium,medium
memory_match,0.25,10,65.5,15,7,8,0.72,easy,easy
daily_routine_recall,0.82,183,30.7,6,1,5,1.0,hard,hard
daily_routine_recall,0.66,116,36.4,8,1,7,0.84,medium,medium
object_recognition,0.26,10,60.4,15,7,8,0.55,medium,easy
memory_match,0.82,200,15.4,8,1,7,1.0,easy,hard
pattern_recognition,0.66,118,35.0,10,2,8,0.88,medium,medium
memory_match,0.9,200,21.4,6,0,6,1.0,medium,hard
pattern_recognition,0.8,119,40.9,9,3,6,0.93,medium,medium
pattern_recognition,0.31,12,61.6,17,7,10,0.62,medium,easy
pattern_recognition,0.8,123,36.3,9,1,8,0.92,medium,hard
daily_routine_recall,0.37,14,76.6,12,3,9,0.73,medium,easy
object_recognition,0.24,10,58.8,12,4,8,0.54,hard,easy
memory_match,0.76,111,46.4,10,1,9,0.95,hard,medium
pattern_recognition,0.76,117,40.5,8,2,6,0.97,easy,medium
object_recognition,0.78,119,39.6,9,1,8,0.98,hard,hard
memory_match,0.81,200,19.2,6,0,6,1.0,hard,hard
pattern_recognition,0.46,18,66.8,17,7,10,0.73,easy,easy
memory_match,0.64,114,38.0,10,2,8,0.95,easy,medium
memory_match,0.92,185,34.0,5,0,5,1.0,hard,hard
daily_routine_recall,0.9,200,10.9,4,0,4,1.0,hard,hard
pattern_recognition,0.72,112,43.3,10,3,7,0.96,hard,medium
pattern_recognition,0.53,21,102.8,14,6,8,0.78,hard,easy
pattern_recognition,0.84,200,22.6,7,2,5,1.0,hard,hard
daily_routine_recall,0.37,14,100.6,17,7,10,0.57,easy,easy
pattern_recognition,0.8,126,33.5,10,3,7,0.82,hard,medium
daily_routine_recall,0.48,19,54.2,11,3,8,0.72,hard,easy
daily_routine_recall,0.75,116,40.5,7,2,5,0.87,medium,medium
pattern_recognition,0.8,196,23.9,4,0,4,1.0,medium,hard
object_recognition,0.34,13,100.1,16,6,10,0.64,easy,easy
daily_routine_recall,0.67,104,48.1,10,1,9,0.99,easy,medium
object_recognition,0.89,189,30.6,6,0,6,1.0,medium,hard
daily_routine_recall,0.68,100,53.7,11,3,8,0.91,medium,medium
memory_match,0.6,117,32.5,12,3,9,0.96,easy,medium
daily_routine_recall,0.8,200,17.2,6,0,6,1.0,medium,hard
daily_routine_recall,0.95,200,16.1,5,0,5,1.0,easy,easy
object_recognition,0.79,115,43.5,11,3,8,0.98,medium,medium
daily_routine_recall,0.89,200,16.9,6,2,4,1.0,medium,hard
memory_match,0.89,193,28.9,6,2,4,1.0,easy,hard
pattern_recognition,1.0,200,10.6,7,1,6,1.0,hard,hard
pattern_recognition,0.7,109,45.5,8,2,6,0.81,medium,medium
pattern_recognition,0.91,200,17.4,6,0,6,1.0,medium,hard
memory_match,0.97,200,23.1,5,1,4,1.0,hard,hard
daily_routine_recall,0.92,200,26.5,7,0,7,1.0,hard,hard
daily_routine_recall,0.21,10,65.5,11,5,6,0.83,easy,easy
pattern_recognition,0.27,10,91.0,9,3,6,0.78,medium,easy
daily_routine_recall,0.73,107,48.5,10,2,8,0.98,hard,medium
memory_match,0.82,183,30.7,4,0,4,1.0,medium,hard
pattern_recognition,0.51,20,98.4,15,7,8,0.55,easy,easy
object_recognition,0.61,121,28.7,9,2,7,0.83,hard,medium
memory_match,0.56,22,109.3,13,6,7,0.8,hard,easy
pattern_recognition,0.82,197,23.6,7,0,7,1.0,easy,hard
pattern_recognition,0.42,16,90.0,14,4,10,0.79,medium,easy
daily_routine_recall,0.57,22,78.3,12,4,8,0.59,easy,easy
memory_match,0.36,14,61.5,13,4,9,0.84,hard,easy
object_recognition,0.66,126,26.7,9,3,6,0.9,medium,medium
object_recognition,0.91,187,32.4,6,1,5,1.0,hard,hard
memory_match,0.23,10,62.0,16,7,9,0.82,easy,easy
memory_match,0.83,177,34.2,7,0,7,1.0,easy,hard
object_recognition,0.98,200,26.9,4,0,4,1.0,easy,hard
memory_match,0.87,200,16.6,4,0,4,1.0,easy,hard
object_recognition,0.98,200,23.4,4,0,4,1.0,hard,hard
daily_routine_recall,0.33,13,88.5,13,3,10,0.58,hard,easy
object_recognition,0.99,200,16.2,9,2,7,1.0,easy,hard
object_recognition,0.81,200,14.7,4,0,4,1.0,medium,hard
pattern_recognition,0.53,21,95.4,16,6,10,0.84,easy,easy
memory_match,0.94,186,34.4,4,0,4,1.0,easy,hard
daily_routine_recall,0.85,198,24.9,6,1,5,1.0,easy,hard
pattern_recognition,0.83,177,34.4,7,0,7,1.0,medium,hard
memory_match,0.4,16,47.2,15,4,11,0.73,hard,easy
object_recognition,0.31,12,82.4,14,6,8,0.44,easy,easy
pattern_recognition,0.89,200,10.6,4,0,4,1.0,easy,hard
pattern_recognition,0.49,19,76.8,13,7,6,0.45,easy,easy
daily_routine_recall,0.82,127,33.9,10,1,9,0.87,medium,hard
daily_routine_recall,0.97,200,27.9,5,0,5,1.0,easy,hard
daily_routine_recall,0.82,200,16.7,5,0,5,1.0,easy,hard
memory_match,0.89,200,22.4,4,0,4,1.0,medium,medium
pattern_recognition,0.68,108,45.1,10,2,8,0.82,medium,medium
memory_match,0.9,200,18.9,6,0,6,1.0,hard,hard
pattern_recognition,0.39,15,52.2,12,4,8,0.83,medium,easy
pattern_recognition,0.84,186,30.4,6,0,6,1.0,easy,hard
daily_routine_recall,0.7,113,41.9,12,3,9,0.91,medium,medium
memory_match,0.72,127,28.2,9,2,7,0.86,easy,medium
object_recognition,0.8,117,42.2,11,2,9,0.87,easy,hard
pattern_recognition,0.48,19,77.1,11,5,6,0.65,easy,easy
daily_routine_recall,0.6,109,40.6,7,1,6,0.84,medium,medium
object_recognition,0.95,200,28.0,9,2,7,1.0,hard,hard
memory_match,0.98,192,32.8,7,0,7,1.0,medium,hard
object_recognition,0.88,182,33.6,6,0,6,1.0,hard,hard
pattern_recognition,0.64,107,44.2,8,2,6,0.99,hard,medium
memory_match,0.25,10,103.2,17,6,11,0.63,easy,easy
memory_match,0.63,110,40.5,7,1,6,0.97,hard,medium
daily_routine_recall,0.44,17,54.2,18,7,11,0.59,medium,easy
pattern_recognition,0.26,10,46.4,14,5,9,0.64,medium,easy
daily_routine_recall,0.9,200,22.5,6,0,6,1.0,hard,hard
memory_match,0.75,123,33.1,8,1,7,0.9,hard,medium
memory_match,0.45,18,63.3,14,5,9,0.56,hard,easy
memory_match,0.67,120,32.4,11,2,9,0.97,medium,medium
memory_match,0.63,113,37.9,6,1,5,0.82,hard,medium
pattern_recognition,0.8,177,33.1,5,1,4,1.0,medium,hard
object_recognition,0.81,200,15.7,7,0,7,1.0,hard,hard
daily_routine_recall,0.97,200,19.8,5,0,5,1.0,hard,hard
object_recognition,0.81,200,12.0,8,1,7,1.0,easy,hard
daily_routine_recall,0.79,124,34.3,8,1,7,0.95,hard,hard
pattern_recognition,0.76,121,36.3,10,1,9,1.0,easy,medium
daily_routine_recall,0.81,193,25.2,7,0,7,1.0,easy,hard
pattern_recognition,0.25,10,51.8,16,7,9,0.66,easy,easy
pattern_recognition,0.56,22,67.5,14,6,8,0.49,medium,easy
object_recognition,0.92,200,13.2,5,0,5,1.0,medium,hard
memory_match,0.99,200,21.3,7,1,6,1.0,medium,hard
object_recognition,0.67,116,37.0,8,2,6,0.87,easy,medium
object_recognition,0.29,11,106.6,17,7,10,0.83,medium,easy
pattern_recognition,0.3,12,99.3,13,7,6,0.49,hard,easy
pattern_recognition,0.88,200,20.2,6,0,6,1.0,hard,hard
daily_routine_recall,0.48,19,62.7,15,4,11,0.62,hard,easy
pattern_recognition,1.0,200,26.8,5,0,5,1.0,hard,hard
daily_routine_recall,0.65,125,26.8,10,1,9,0.89,easy,medium
memory_match,0.81,200,14.7,5,0,5,1.0,easy,hard
object_recognition,0.3,12,87.8,12,4,8,0.81,medium,easy
pattern_recognition,0.9,200,19.8,6,2,4,1.0,medium,hard
pattern_recognition,0.82,182,31.3,7,0,7,1.0,medium,hard
object_recognition,0.82,122,38.9,10,1,9,0.93,hard,hard
memory_match,0.24,10,103.2,15,6,9,0.74,easy,easy
object_recognition,0.81,184,30.0,5,0,5,1.0,easy,hard
pattern_recognition,0.86,200,17.1,7,0,7,1.0,easy,hard
daily_routine_recall,0.73,127,28.2,10,2,8,0.95,easy,medium
daily_routine_recall,0.89,184,33.2,5,0,5,1.0,medium,hard
daily_routine_recall,0.66,117,35.6,9,1,8,0.84,hard,medium
memory_match,0.58,23,93.9,13,5,8,0.57,easy,easy
pattern_recognition,0.34,13,75.2,14,7,7,0.48,easy,easy
object_recognition,0.72,105,50.3,7,1,6,0.94,hard,medium
object_recognition,0.52,20,91.8,9,3,6,0.47,easy,easy
object_recognition,0.35,14,75.2,13,5,8,0.69,hard,easy
pattern_recognition,0.68,110,43.8,8,1,7,0.9,hard,medium
memory_match,0.43,17,62.4,18,7,11,0.65,easy,easy
memory_match,0.99,200,26.1,7,0,7,1.0,hard,hard
daily_routine_recall,0.83,200,14.7,6,0,6,1.0,hard,hard
daily_routine_recall,0.72,112,43.2,8,2,6,0.82,easy,medium
pattern_recognition,0.85,180,34.0,7,0,7,1.0,hard,hard
object_recognition,0.73,129,26.6,6,1,5,0.89,hard,medium
memory_match,0.72,127,28.7,10,3,7,0.85,hard,medium
daily_routine_recall,0.51,20,86.5,10,3,7,0.42,medium,easy
object_recognition,0.96,200,27.5,5,0,5,1.0,medium,hard
pattern_recognition,0.84,200,19.3,7,0,7,1.0,easy,hard
pattern_recognition,0.7,119,35.1,9,2,7,0.85,hard,medium
object_recognition,0.54,21,109.9,18,7,11,0.73,hard,easy
daily_routine_recall,0.8,189,27.2,6,0,6,1.0,easy,hard
object_recognition,0.94,185,34.6,4,0,4,1.0,hard,hard
object_recognition,0.45,18,81.7,12,4,8,0.55,easy,easy
memory_match,0.41,16,56.1,16,6,10,0.79,medium,easy
daily_routine_recall,0.22,10,72.9,15,5,10,0.64,easy,easy
object_recognition,0.22,10,80.8,16,5,11,0.45,easy,easy
daily_routine_recall,0.94,200,21.2,7,1,6,1.0,medium,hard
pattern_recognition,0.63,99,51.1,6,1,5,0.83,medium,medium
memory_match,0.28,11,109.5,15,4,11,0.83,medium,easy
pattern_recognition,0.31,12,55.7,11,5,6,0.62,hard,easy
pattern_recognition,0.64,105,47.0,7,1,6,0.97,easy,medium
object_recognition,0.99,200,10.8,8,2,6,1.0,easy,hard
daily_routine_recall,0.72,126,29.2,10,3,7,0.96,easy,medium
daily_routine_recall,0.28,11,87.2,16,5,11,0.85,medium,easy
object_recognition,1.0,197,31.4,4,0,4,1.0,easy,hard
daily_routine_recall,0.87,197,25.7,6,1,5,1.0,medium,hard
pattern_recognition,0.67,114,38.9,6,1,5,0.86,hard,medium
object_recognition,0.81,191,26.2,6,0,6,1.0,medium,hard
memory_match,0.82,130,30.2,9,1,8,0.81,medium,hard
memory_match,0.68,122,31.3,10,1,9,0.95,easy,medium
daily_routine_recall,0.71,100,54.7,10,1,9,0.97,easy,medium
memory_match,0.69,116,37.6,7,2,5,0.81,easy,medium
object_recognition,0.88,200,20.4,8,2,6,1.0,hard,hard
pattern_recognition,0.27,10,82.2,9,3,6,0.59,easy,easy
memory_match,0.96,190,32.6,7,1,6,1.0,medium,hard
pattern_recognition,0.95,186,34.9,7,1,6,1.0,easy,hard
object_recognition,0.9,195,28.1,4,0,4,1.0,easy,hard
object_recognition,0.92,200,18.2,5,1,4,1.0,hard,hard
pattern_recognition,0.35,14,71.9,10,4,6,0.56,medium,easy
pattern_recognition,0.97,188,34.1,6,2,4,1.0,easy,hard
daily_routine_recall,0.43,17,98.6,13,7,6,0.5,medium,easy
object_recognition,0.33,13,69.8,14,7,7,0.77,hard,easy
object_recognition,0.84,200,11.4,6,1,5,1.0,medium,hard
memory_match,0.81,123,36.9,7,1,6,0.93,medium,hard
object_recognition,0.31,12,101.3,13,3,10,0.62,medium,easy
pattern_recognition,0.61,116,33.3,10,2,8,0.98,easy,medium
object_recognition,0.46,18,108.1,13,7,6,0.69,hard,easy
pattern_recognition,0.42,16,76.5,15,5,10,0.56,easy,easy
daily_routine_recall,0.43,17,106.9,14,7,7,0.64,hard,easy
object_recognition,0.86,200,15.4,4,0,4,1.0,hard,hard
daily_routine_recall,0.62,123,27.3,6,1,5,0.85,hard,medium
daily_routine_recall,0.86,182,33.0,6,2,4,1.0,medium,hard
memory_match,0.82,200,11.5,5,1,4,1.0,hard,hard
pattern_recognition,0.98,200,13.0,6,0,6,1.0,easy,hard
object_recognition,0.99,200,11.6,5,1,4,1.0,medium,hard
daily_routine_recall,0.65,122,29.5,6,1,5,0.94,easy,medium
daily_routine_recall,0.47,18,79.8,10,4,6,0.66,hard,easy
pattern_recognition,0.66,106,47.0,10,2,8,0.95,easy,medium
pattern_recognition,0.81,176,33.8,8,1,7,1.0,hard,hard
daily_routine_recall,0.69,115,38.5,8,3,5,0.98,hard,medium
daily_routine_recall,0.78,109,49.6,10,2,8,0.95,hard,hard
memory_match,0.33,13,69.2,14,7,7,0.69,hard,easy
object_recognition,0.85,200,21.5,6,0,6,1.0,hard,hard
memory_match,0.83,200,17.3,5,0,5,1.0,hard,hard
daily_routine_recall,0.3,12,56.2,16,5,11,0.57,easy,easy
object_recognition,0.72,118,37.7,10,1,9,0.99,medium,medium
pattern_recognition,0.99,200,22.3,6,0,6,1.0,easy,hard
object_recognition,0.98,200,13.1,5,0,5,1.0,easy,hard
object_recognition,0.96,194,30.9,7,0,7,1.0,medium,hard
object_recognition,0.45,18,106.0,13,7,6,0.55,hard,easy
object_recognition,0.7,116,38.7,7,2,5,0.81,hard,medium
pattern_recognition,0.76,106,51.5,7,2,5,0.9,easy,medium
pattern_recognition,0.93,200,19.7,6,0,6,1.0,medium,hard
daily_routine_recall,0.99,200,23.0,6,0,6,1.0,hard,hard
pattern_recognition,0.87,188,30.2,6,0,6,1.0,hard,hard
daily_routine_recall,0.88,200,24.1,4,0,4,1.0,easy,hard
memory_match,0.82,110,51.0,7,1,6,0.87,hard,hard
object_recognition,0.95,200,27.9,7,0,7,1.0,medium,hard
object_recognition,0.52,20,91.1,17,7,10,0.53,hard,easy
pattern_recognition,0.87,198,25.5,8,2,6,1.0,medium,hard
daily_routine_recall,0.63,115,35.2,10,1,9,0.96,medium,medium
object_recognition,0.95,187,34.1,7,1,6,1.0,medium,hard
pattern_recognition,0.87,200,13.1,7,0,7,1.0,medium,hard
pattern_recognition,0.25,10,57.4,16,7,9,0.67,hard,easy
daily_routine_recall,0.25,10,87.6,10,4,6,0.65,medium,easy
pattern_recognition,0.98,200,24.2,4,0,4,1.0,hard,hard
daily_routine_recall,0.54,21,104.4,18,7,11,0.7,medium,easy
daily_routine_recall,0.83,200,20.9,6,0,6,1.0,easy,hard
object_recognition,0.8,108,51.1,11,2,9,0.98,easy,hard
pattern_recognition,0.99,200,28.0,6,0,6,1.0,medium,hard
pattern_recognition,0.89,200,16.4,4,0,4,1.0,medium,hard
daily_routine_recall,0.46,18,99.9,11,5,6,0.5,easy,easy
memory_match,0.93,189,32.4,7,0,7,1.0,hard,hard
daily_routine_recall,0.94,200,15.0,7,0,7,1.0,easy,hard
daily_routine_recall,0.92,200,17.3,9,2,7,1.0,medium,hard
daily_routine_recall,0.99,200,11.4,5,0,5,1.0,medium,hard
daily_routine_recall,0.53,21,48.3,16,5,11,0.62,easy,easy
memory_match,0.95,200,17.0,7,0,7,1.0,hard,hard
memory_match,0.7,113,41.8,8,1,7,1.0,easy,medium
pattern_recognition,0.27,10,84.7,11,4,7,0.8,easy,easy
daily_routine_recall,0.49,19,83.8,16,7,9,0.6,hard,easy
memory_match,0.8,120,39.9,9,2,7,0.95,easy,hard
daily_routine_recall,0.67,117,35.5,7,1,6,0.97,easy,medium
memory_match,0.71,122,32.8,7,1,6,0.94,medium,medium
pattern_recognition,0.23,10,83.4,14,7,7,0.84,hard,easy
pattern_recognition,0.79,120,38.6,9,2,7,0.91,medium,hard
memory_match,0.62,115,35.4,10,1,9,0.82,easy,medium
daily_routine_recall,0.29,11,102.7,14,5,9,0.54,easy,easy
daily_routine_recall,0.87,192,28.5,6,0,6,1.0,easy,hard
memory_match,0.26,10,49.6,13,3,10,0.78,medium,medium
pattern_recognition,0.73,126,29.7,8,1,7,0.84,medium,medium
memory_match,0.81,196,23.7,8,1,7,1.0,hard,hard
memory_match,0.85,194,26.8,9,2,7,1.0,hard,hard
object_recognition,0.75,114,42.9,10,1,9,0.91,easy,medium
pattern_recognition,0.99,200,17.5,4,0,4,1.0,hard,hard
daily_routine_recall,0.43,17,63.8,13,4,9,0.76,medium,easy
daily_routine_recall,0.77,117,40.7,8,1,7,0.9,hard,medium
daily_routine_recall,0.92,200,21.3,5,0,5,1.0,hard,hard
object_recognition,0.75,112,44.6,7,2,5,1.0,hard,medium
pattern_recognition,0.7,117,37.7,10,1,9,0.84,easy,medium
daily_routine_recall,0.83,200,20.1,5,0,5,1.0,hard,hard
daily_routine_recall,0.86,200,12.6,7,1,6,1.0,hard,hard
daily_routine_recall,0.94,187,33.8,5,0,5,1.0,medium,hard
daily_routine_recall,0.96,200,20.8,8,1,7,1.0,easy,hard
memory_match,0.9,197,27.3,7,0,7,1.0,easy,hard
daily_routine_recall,0.34,13,61.8,13,5,8,0.72,easy,easy
memory_match,0.34,13,98.4,18,7,11,0.57,easy,easy
daily_routine_recall,0.96,200,22.2,6,1,5,1.0,medium,hard
pattern_recognition,0.38,15,53.1,12,4,8,0.49,easy,easy
memory_match,0.74,127,29.1,6,1,5,0.8,medium,medium
memory_match,0.61,115,34.3,9,1,8,0.83,medium,medium
pattern_recognition,0.97,200,27.1,5,0,5,1.0,hard,hard
pattern_recognition,0.39,15,74.7,13,5,8,0.78,hard,easy
daily_routine_recall,0.88,200,11.6,5,0,5,1.0,hard,hard
object_recognition,0.99,191,33.6,4,0,4,1.0,hard,hard
object_recognition,0.74,111,45.6,7,1,6,0.94,easy,medium
pattern_recognition,0.7,119,35.1,11,2,9,0.88,medium,medium
object_recognition,0.64,109,43.0,12,3,9,0.87,hard,medium
pattern_recognition,0.25,10,75.3,16,7,9,0.74,hard,easy
pattern_recognition,0.69,115,38.7,8,2,6,0.84,medium,medium
memory_match,0.4,16,63.1,16,5,11,0.52,hard,easy
pattern_recognition,0.94,200,13.2,5,0,5,1.0,hard,hard
memory_match,0.38,15,96.8,9,3,6,0.62,hard,easy
memory_match,0.37,14,70.5,15,5,10,0.64,easy,easy
memory_match,0.75,110,46.3,10,1,9,0.88,hard,medium
memory_match,0.82,198,23.2,8,1,7,1.0,medium,easy
pattern_recognition,0.75,105,52.0,7,2,5,0.82,medium,medium
pattern_recognition,1.0,200,19.0,5,0,5,1.0,hard,hard
memory_match,0.42,16,108.9,12,3,9,0.54,hard,easy
object_recognition,0.87,200,18.0,5,0,5,1.0,hard,hard
object_recognition,0.57,22,103.3,12,5,7,0.55,easy,easy
object_recognition,0.68,117,36.8,10,1,9,0.81,medium,medium
daily_routine_recall,0.98,200,18.1,5,0,5,1.0,hard,hard
pattern_recognition,0.58,23,91.2,11,4,7,0.58,medium,easy
memory_match,0.4,16,66.1,12,4,8,0.44,medium,easy
object_recognition,0.92,200,16.9,4,0,4,1.0,medium,hard
memory_match,0.27,10,81.2,14,6,8,0.68,medium,easy
pattern_recognition,0.63,110,40.3,8,2,6,0.92,hard,medium
object_recognition,0.51,20,93.7,13,5,8,0.79,easy,easy
pattern_recognition,0.68,100,53.4,6,1,5,0.92,easy,medium
pattern_recognition,0.85,189,29.3,5,0,5,1.0,hard,hard
pattern_recognition,0.72,130,25.9,12,3,9,0.98,easy,medium
pattern_recognition,0.86,200,23.5,6,0,6,1.0,hard,hard
pattern_recognition,0.79,126,32.5,10,1,9,0.9,hard,hard
memory_match,0.69,100,53.2,10,2,8,0.88,hard,medium
memory_match,0.75,103,53.1,9,1,8,0.94,hard,medium
pattern_recognition,0.51,20,62.6,14,6,8,0.54,easy,easy
daily_routine_recall,0.26,10,78.2,13,5,8,0.47,hard,easy
pattern_recognition,0.98,188,34.8,4,0,4,1.0,medium,hard
daily_routine_recall,0.5,20,59.6,15,7,8,0.47,medium,easy
object_recognition,0.81,200,10.2,5,0,5,1.0,hard,hard
pattern_recognition,0.73,129,26.6,8,1,7,0.85,easy,medium
memory_match,0.78,133,25.2,11,3,8,0.94,hard,medium
daily_routine_recall,0.76,105,53.0,10,1,9,0.98,hard,medium
memory_match,0.77,111,46.1,8,1,7,0.93,easy,medium
object_recognition,0.44,17,90.8,13,7,6,0.68,easy,easy
object_recognition,0.27,10,58.7,13,4,9,0.56,easy,easy
pattern_recognition,0.9,200,11.6,8,2,6,1.0,hard,hard
object_recognition,0.26,10,77.6,12,4,8,0.64,hard,easy
daily_routine_recall,1.0,200,28.7,6,0,6,1.0,easy,hard
pattern_recognition,0.22,10,87.9,14,5,9,0.76,easy,hard
memory_match,0.78,107,51.8,10,1,9,0.9,easy,medium
memory_match,0.3,12,84.4,11,3,8,0.47,hard,easy
memory_match,0.95,195,30.1,7,2,5,1.0,medium,hard
object_recognition,0.86,192,27.7,8,1,7,1.0,hard,hard
object_recognition,0.86,179,34.5,4,0,4,1.0,medium,hard
daily_routine_recall,0.87,200,12.1,6,1,5,1.0,hard,hard
pattern_recognition,0.9,200,21.0,7,0,7,1.0,hard,hard
memory_match,0.33,13,68.1,12,4,8,0.73,easy,medium
pattern_recognition,0.81,194,24.8,6,2,4,1.0,medium,hard
daily_routine_recall,0.69,104,49.6,12,3,9,0.95,easy,medium
pattern_recognition,0.85,191,28.4,7,1,6,1.0,easy,hard
memory_match,0.54,21,89.5,11,4,7,0.53,easy,easy
pattern_recognition,1.0,200,18.4,7,0,7,1.0,hard,hard
memory_match,0.72,122,33.4,10,1,9,0.89,easy,medium
daily_routine_recall,0.9,184,33.8,4,0,4,1.0,hard,hard
memory_match,0.43,17,96.9,12,3,9,0.63,hard,easy
object_recognition,0.52,20,109.1,18,7,11,0.49,medium,easy
object_recognition,0.94,189,32.6,6,0,6,1.0,easy,hard
pattern_recognition,0.41,16,62.4,16,7,9,0.71,medium,easy
pattern_recognition,0.32,12,98.0,15,7,8,0.59,easy,easy
object_recognition,0.8,108,52.0,9,1,8,0.89,medium,hard
pattern_recognition,0.54,21,75.4,13,6,7,0.55,easy,easy
memory_match,0.54,21,72.7,16,5,11,0.51,easy,easy
memory_match,0.56,22,82.3,12,6,6,0.44,easy,easy
memory_match,0.39,15,103.6,11,3,8,0.84,medium,easy
object_recognition,0.4,16,48.0,17,6,11,0.74,easy,easy
pattern_recognition,0.78,127,31.4,6,1,5,0.95,easy,hard
object_recognition,0.81,131,28.5,11,2,9,0.85,medium,hard
memory_match,0.45,18,70.5,15,5,10,0.55,hard,easy
daily_routine_recall,0.54,21,93.2,10,4,6,0.51,hard,easy
daily_routine_recall,0.32,12,65.8,10,3,7,0.55,easy,easy
memory_match,0.82,200,22.5,5,0,5,1.0,hard,hard
pattern_recognition,0.28,11,52.0,14,4,10,0.57,medium,easy
daily_routine_recall,0.23,10,97.8,16,5,11,0.63,easy,easy
object_recognition,0.22,10,63.1,15,4,11,0.53,easy,easy
pattern_recognition,0.61,99,50.7,6,1,5,0.9,hard,medium
daily_routine_recall,0.8,133,26.3,8,2,6,1.0,hard,hard
memory_match,0.96,200,26.4,7,1,6,1.0,hard,hard
pattern_recognition,0.83,180,32.8,4,0,4,1.0,hard,hard
daily_routine_recall,0.94,200,11.9,7,0,7,1.0,easy,hard
memory_match,0.55,22,72.7,17,7,10,0.59,easy,easy
memory_match,0.73,118,37.6,8,1,7,0.86,easy,medium
daily_routine_recall,0.75,131,26.0,9,1,8,0.96,hard,medium
object_recognition,0.36,14,90.3,13,3,10,0.51,medium,easy
memory_match,0.5,20,50.5,15,4,11,0.41,medium,easy
pattern_recognition,0.31,12,69.0,15,6,9,0.74,easy,easy
memory_match,0.48,19,71.6,12,5,7,0.67,medium,easy
pattern_recognition,0.56,22,57.5,15,4,11,0.42,medium,easy
daily_routine_recall,0.32,12,63.7,13,6,7,0.8,easy,easy
memory_match,0.95,200,24.4,7,1,6,1.0,medium,hard
memory_match,0.81,110,49.9,10,2,8,0.92,medium,hard
memory_match,0.33,13,75.0,12,5,7,0.71,medium,easy
daily_routine_recall,0.99,190,34.1,6,0,6,1.0,hard,hard
memory_match,0.69,112,41.8,7,2,5,0.86,medium,medium
pattern_recognition,0.93,200,17.8,5,0,5,1.0,hard,hard
pattern_recognition,0.87,200,22.2,7,2,5,1.0,hard,hard
memory_match,0.3,12,56.6,16,7,9,0.85,easy,easy
daily_routine_recall,0.79,114,44.7,9,3,6,0.98,medium,medium
object_recognition,0.65,112,39.8,8,3,5,0.85,medium,medium
daily_routine_recall,0.35,14,108.3,15,5,10,0.41,hard,easy
daily_routine_recall,0.82,124,36.1,8,2,6,0.98,medium,hard
pattern_recognition,0.79,125,33.5,11,2,9,0.87,easy,hard
memory_match,0.66,114,38.6,10,3,7,0.84,easy,medium
memory_match,0.43,17,94.3,13,7,6,0.84,easy,easy
memory_match,0.22,10,83.3,12,5,7,0.41,hard,easy
object_recognition,0.32,12,57.0,15,4,11,0.7,hard,easy
object_recognition,0.55,22,108.2,11,4,7,0.54,medium,easy
object_recognition,0.4,16,54.3,17,7,10,0.73,hard,easy
memory_match,0.91,200,10.6,4,0,4,1.0,hard,hard
memory_match,0.87,188,30.1,5,0,5,1.0,easy,hard
memory_match,0.85,178,34.6,8,2,6,1.0,medium,hard
memory_match,0.88,200,22.2,7,0,7,1.0,easy,hard
object_recognition,0.4,16,93.7,14,5,9,0.67,easy,easy
pattern_recognition,0.27,10,59.3,13,6,7,0.51,medium,easy
daily_routine_recall,0.87,187,30.8,7,0,7,1.0,medium,hard
object_recognition,0.27,10,82.9,14,6,8,0.45,medium,easy
pattern_recognition,0.8,178,32.9,6,0,6,1.0,easy,hard
memory_match,0.74,119,37.7,8,1,7,0.84,hard,medium
daily_routine_recall,0.69,121,32.1,9,3,6,0.95,medium,medium
daily_routine_recall,0.31,12,45.9,14,5,9,0.79,medium,easy
memory_match,0.52,20,64.2,10,3,7,0.48,medium,easy
pattern_recognition,0.75,119,37.2,10,1,9,0.85,hard,medium
object_recognition,0.78,122,36.6,11,3,8,0.84,medium,medium
object_recognition,0.47,18,100.5,13,3,10,0.43,easy,easy
memory_match,0.56,22,82.3,11,4,7,0.67,hard,easy
object_recognition,0.55,22,85.8,12,4,8,0.67,easy,easy
daily_routine_recall,0.68,115,38.9,9,1,8,0.95,medium,medium
daily_routine_recall,0.93,200,14.2,7,0,7,1.0,medium,hard
memory_match,0.3,12,62.2,15,5,10,0.78,easy,easy
object_recognition,0.61,118,31.9,8,3,5,0.96,hard,medium
daily_routine_recall,0.49,19,93.0,14,6,8,0.46,easy,easy
daily_routine_recall,0.24,10,101.0,15,6,9,0.71,hard,easy
memory_match,0.92,200,19.2,4,0,4,1.0,hard,hard
daily_routine_recall,0.26,10,91.1,17,6,11,0.44,hard,easy
memory_match,0.52,20,64.1,12,3,9,0.42,medium,easy
memory_match,0.73,109,46.5,7,1,6,0.89,hard,medium
object_recognition,0.98,200,29.0,6,0,6,1.0,medium,hard
object_recognition,0.31,12,106.7,16,5,11,0.75,hard,easy
pattern_recognition,0.94,200,13.2,8,2,6,1.0,medium,hard
memory_match,0.69,113,40.1,10,2,8,0.85,medium,medium
daily_routine_recall,0.66,124,28.7,7,2,5,0.92,easy,medium
memory_match,0.28,11,87.3,14,4,10,0.61,easy,easy
memory_match,0.6,114,35.2,11,3,8,0.91,medium,medium
pattern_recognition,0.57,22,108.8,13,4,9,0.6,easy,easy
object_recognition,0.22,10,101.8,10,4,6,0.48,easy,easy
daily_routine_recall,0.83,200,10.1,9,2,7,1.0,hard,hard
object_recognition,0.33,13,62.6,18,7,11,0.79,easy,easy
daily_routine_recall,0.7,105,49.8,11,2,9,0.84,easy,medium
pattern_recognition,0.37,14,106.1,11,3,8,0.46,easy,easy
object_recognition,0.52,20,105.9,15,4,11,0.55,hard,easy
object_recognition,0.25,10,67.4,11,5,6,0.52,easy,easy
memory_match,0.8,200,18.5,4,0,4,1.0,hard,hard
memory_match,0.42,16,100.7,10,3,7,0.77,hard,easy
object_recognition,0.42,16,64.5,15,6,9,0.42,easy,easy
object_recognition,0.85,200,14.5,6,0,6,1.0,easy,hard
daily_routine_recall,0.98,200,11.2,5,0,5,1.0,hard,easy
object_recognition,0.69,127,27.0,9,1,8,0.89,medium,medium
pattern_recognition,0.63,113,37.5,12,3,9,0.9,easy,medium
daily_routine_recall,0.95,200,15.3,9,2,7,1.0,hard,hard
pattern_recognition,0.69,116,37.8,8,3,5,0.94,hard,medium
daily_routine_recall,0.36,14,59.5,17,6,11,0.67,medium,easy
memory_match,0.71,111,43.7,10,1,9,0.89,easy,medium
object_recognition,0.7,100,54.7,9,1,8,0.99,medium,medium
memory_match,0.4,16,78.5,18,7,11,0.43,easy,easy
memory_match,0.8,178,32.8,5,0,5,1.0,medium,hard
memory_match,0.87,200,19.7,7,0,7,1.0,easy,hard
daily_routine_recall,0.86,186,30.8,7,0,7,1.0,easy,hard
pattern_recognition,0.9,200,18.1,5,0,5,1.0,medium,hard
object_recognition,0.93,200,15.4,7,0,7,1.0,hard,hard
memory_match,0.65,100,51.5,7,2,5,0.97,hard,medium
memory_match,0.57,22,87.3,11,5,6,0.68,medium,easy
object_recognition,0.63,109,41.3,6,1,5,0.86,easy,medium
object_recognition,0.89,187,32.0,9,2,7,1.0,hard,hard
object_recognition,0.82,200,16.5,6,1,5,1.0,medium,hard
pattern_recognition,0.94,200,10.5,5,1,4,1.0,medium,hard
memory_match,0.84,200,11.3,5,0,5,1.0,medium,hard
object_recognition,0.73,105,50.3,8,1,7,0.87,easy,medium
object_recognition,0.97,200,12.2,8,1,7,1.0,hard,hard
object_recognition,0.88,200,15.8,7,0,7,1.0,medium,hard
daily_routine_recall,0.77,109,48.5,9,1,8,0.97,hard,medium
daily_routine_recall,0.23,10,96.4,14,3,11,0.46,easy,easy
pattern_recognition,0.75,118,38.6,11,3,8,0.89,hard,medium
pattern_recognition,0.71,128,26.9,8,2,6,0.93,easy,medium
pattern_recognition,0.64,120,31.2,10,1,9,0.9,hard,medium
pattern_recognition,0.89,200,17.7,6,1,5,1.0,easy,hard
pattern_recognition,0.88,200,17.8,6,2,4,1.0,medium,hard
pattern_recognition,0.57,22,84.8,16,5,11,0.46,hard,easy
pattern_recognition,0.77,108,49.6,6,1,5,0.91,medium,medium
object_recognition,0.86,200,13.2,7,0,7,1.0,hard,hard
memory_match,0.36,14,58.4,14,4,10,0.7,hard,easy
memory_match,0.23,10,66.7,15,4,11,0.74,easy,easy
pattern_recognition,0.93,200,11.6,6,2,4,1.0,medium,hard
pattern_recognition,0.8,195,24.5,7,1,6,1.0,easy,hard
pattern_recognition,0.61,97,52.2,8,3,5,0.9,easy,medium
memory_match,0.22,10,81.5,17,7,10,0.75,medium,easy
memory_match,0.69,108,45.5,6,1,5,0.94,medium,medium
memory_match,0.68,124,29.5,9,2,7,0.92,medium,medium
memory_match,0.73,110,45.4,8,1,7,0.83,easy,medium
daily_routine_recall,0.72,129,26.7,9,2,7,0.92,medium,medium
memory_match,0.56,22,84.6,13,6,7,0.7,hard,easy
memory_match,0.9,196,28.0,5,1,4,1.0,easy,hard
memory_match,0.75,119,37.1,9,2,7,0.98,hard,medium
memory_match,0.87,200,19.4,5,1,4,1.0,medium,hard
memory_match,0.48,19,57.5,14,5,9,0.48,hard,easy
memory_match,0.96,200,21.7,4,0,4,1.0,hard,hard
memory_match,0.71,101,54.0,8,3,5,0.86,medium,medium
pattern_recognition,0.81,114,45.7,8,1,7,0.83,easy,hard
daily_routine_recall,0.85,200,19.8,4,0,4,1.0,medium,hard
memory_match,0.68,114,40.0,9,3,6,0.98,easy,medium
object_recognition,0.66,110,42.2,7,1,6,0.89,hard,medium
object_recognition,0.89,200,22.5,5,1,4,1.0,hard,hard
pattern_recognition,0.84,187,30.0,6,2,4,1.0,hard,hard
object_recognition,0.99,191,33.7,6,2,4,1.0,medium,hard
daily_routine_recall,0.47,18,51.5,13,5,8,0.63,hard,easy
daily_routine_recall,0.95,200,17.2,4,0,4,1.0,medium,hard
memory_match,0.33,13,101.4,16,6,10,0.55,hard,easy
pattern_recognition,0.87,200,11.3,5,0,5,1.0,easy,hard
daily_routine_recall,0.95,200,12.0,6,0,6,1.0,easy,hard
memory_match,0.2,10,90.2,17,7,10,0.75,medium,easy
memory_match,0.96,200,21.5,4,0,4,1.0,medium,hard
pattern_recognition,0.9,200,16.2,4,0,4,1.0,hard,hard
object_recognition,0.64,123,28.7,6,1,5,0.99,easy,medium
object_recognition,0.97,193,32.0,7,0,7,1.0,hard,hard
daily_routine_recall,0.75,129,27.2,8,3,5,0.83,medium,medium
object_recognition,0.44,17,83.8,10,3,7,0.52,medium,easy
daily_routine_recall,0.69,121,32.3,7,1,6,0.89,easy,medium
daily_routine_recall,0.45,18,107.2,16,7,9,0.66,easy,easy
object_recognition,0.97,200,25.8,7,0,7,1.0,medium,hard
object_recognition,0.67,99,53.4,11,3,8,0.93,medium,medium
daily_routine_recall,0.8,133,26.6,11,2,9,0.86,medium,hard
daily_routine_recall,0.63,115,35.5,11,2,9,0.98,medium,medium
object_recognition,0.77,103,54.4,9,2,7,0.81,medium,medium
memory_match,0.69,111,42.3,10,1,9,0.99,hard,medium
daily_routine_recall,0.32,12,65.1,15,5,10,0.63,medium,easy
memory_match,0.2,10,85.0,16,7,9,0.53,medium,easy
daily_routine_recall,0.74,131,25.1,8,2,6,0.91,medium,medium
pattern_recognition,0.27,10,95.0,13,4,9,0.61,hard,easy
daily_routine_recall,0.7,120,35.0,7,2,5,0.9,hard,medium
object_recognition,0.66,118,34.6,10,1,9,0.92,hard,medium
daily_routine_recall,0.49,19,107.2,14,3,11,0.84,easy,hard
object_recognition,0.32,12,57.1,10,4,6,0.61,easy,easy
pattern_recognition,0.54,21,81.4,9,3,6,0.73,medium,easy
object_recognition,0.71,125,29.9,7,2,5,0.81,medium,medium
object_recognition,0.66,119,33.8,9,3,6,0.89,medium,medium
daily_routine_recall,0.49,19,68.4,13,7,6,0.64,hard,easy
memory_match,0.38,15,87.2,14,7,7,0.68,easy,easy
memory_match,0.63,100,50.3,8,3,5,0.8,easy,medium
daily_routine_recall,0.82,195,24.7,5,0,5,1.0,hard,hard
memory_match,0.81,200,14.2,5,1,4,1.0,easy,medium
object_recognition,0.96,200,10.5,6,0,6,1.0,medium,hard
pattern_recognition,0.28,11,101.6,16,7,9,0.48,easy,easy
daily_routine_recall,0.42,16,56.4,12,3,9,0.62,medium,easy
daily_routine_recall,0.24,10,104.3,15,5,10,0.64,medium,easy
object_recognition,0.54,21,45.2,15,4,11,0.64,medium,easy
object_recognition,0.27,10,104.0,10,3,7,0.62,easy,easy
pattern_recognition,0.51,20,74.3,17,6,11,0.4,easy,easy
pattern_recognition,0.68,124,29.2,8,2,6,0.82,hard,medium
object_recognition,0.95,200,26.9,7,0,7,1.0,medium,hard
object_recognition,0.22,10,101.3,15,5,10,0.68,hard,easy
daily_routine_recall,0.31,12,107.8,15,7,8,0.66,hard,easy
daily_routine_recall,0.58,23,102.3,13,5,8,0.55,hard,easy
memory_match,0.87,194,27.2,6,1,5,1.0,hard,hard
pattern_recognition,0.68,106,47.8,8,2,6,0.84,hard,medium
daily_routine_recall,0.55,22,87.5,15,4,11,0.81,medium,medium
daily_routine_recall,0.98,200,13.4,7,0,7,1.0,medium,hard
object_recognition,0.84,200,16.5,6,0,6,1.0,medium,hard
pattern_recognition,0.46,18,59.9,13,4,9,0.63,easy,easy
pattern_recognition,0.89,186,32.1,5,0,5,1.0,easy,hard
daily_routine_recall,0.95,188,33.8,5,0,5,1.0,hard,hard
object_recognition,0.84,200,12.2,5,1,4,1.0,hard,hard
memory_match,0.65,103,48.7,11,2,9,0.91,medium,medium
object_recognition,0.23,10,83.7,12,4,8,0.55,easy,easy
pattern_recognition,0.55,22,64.8,16,7,9,0.54,medium,hard
object_recognition,0.44,17,94.5,12,3,9,0.57,hard,easy
object_recognition,0.99,200,10.4,7,1,6,1.0,medium,hard
memory_match,0.88,188,30.8,7,0,7,1.0,easy,hard
pattern_recognition,0.64,126,25.8,9,1,8,0.94,easy,medium
pattern_recognition,0.78,107,51.6,11,2,9,0.91,easy,medium
pattern_recognition,0.94,192,31.5,6,2,4,1.0,medium,hard
pattern_recognition,0.92,200,19.6,6,0,6,1.0,medium,hard
daily_routine_recall,0.76,103,54.8,10,2,8,0.81,easy,hard
memory_match,0.49,19,79.8,13,3,10,0.6,hard,easy
object_recognition,0.81,123,36.5,9,1,8,0.93,medium,hard
memory_match,0.6,115,35.0,6,1,5,0.81,medium,medium
daily_routine_recall,0.61,116,33.5,11,2,9,0.93,medium,medium
daily_routine_recall,0.71,105,49.8,10,3,7,0.83,medium,medium
pattern_recognition,0.61,95,54.5,12,3,9,0.95,hard,medium
object_recognition,0.96,200,26.6,8,1,7,1.0,hard,hard
memory_match,0.92,200,22.9,7,2,5,1.0,easy,hard
daily_routine_recall,0.86,179,34.4,9,2,7,1.0,easy,hard
pattern_recognition,0.62,106,44.8,7,1,6,0.94,hard,medium
daily_routine_recall,0.99,200,17.9,7,0,7,1.0,hard,hard
object_recognition,0.82,176,34.3,4,0,4,1.0,hard,hard
pattern_recognition,0.99,200,18.4,7,1,6,1.0,hard,hard
daily_routine_recall,0.96,200,13.8,6,0,6,1.0,medium,hard
object_recognition,0.75,124,32.5,11,3,8,0.83,easy,medium
pattern_recognition,0.76,116,41.9,11,2,9,0.98,medium,medium
memory_match,0.96,200,13.5,5,1,4,1.0,hard,hard
object_recognition,0.6,115,34.9,8,2,6,0.85,hard,medium
pattern_recognition,0.92,200,26.2,7,0,7,1.0,easy,hard
object_recognition,0.81,200,21.4,4,0,4,1.0,easy,hard
memory_match,0.33,13,83.5,17,6,11,0.72,easy,easy
object_recognition,0.78,127,31.4,10,3,7,0.91,easy,medium
pattern_recognition,0.56,22,49.9,17,7,10,0.81,hard,easy
memory_match,0.85,189,29.1,8,1,7,1.0,hard,hard
pattern_recognition,0.27,10,64.5,13,3,10,0.71,easy,easy
memory_match,0.25,10,106.3,17,6,11,0.64,easy,easy
memory_match,0.28,11,100.0,15,7,8,0.56,easy,easy
object_recognition,0.78,130,28.9,10,1,9,0.97,medium,hard
memory_match,0.84,200,10.4,7,0,7,1.0,easy,hard
object_recognition,0.75,128,28.4,8,3,5,0.85,hard,medium
memory_match,0.47,18,82.6,11,3,8,0.79,medium,easy
memory_match,0.49,19,70.1,14,3,11,0.43,medium,easy
pattern_recognition,0.8,131,28.7,8,2,6,0.97,hard,hard
pattern_recognition,0.42,16,73.2,14,6,8,0.5,hard,easy
memory_match,0.66,125,27.5,11,3,8,0.88,medium,medium
pattern_recognition,0.73,113,42.4,11,2,9,0.86,easy,medium
daily_routine_recall,0.47,18,85.8,14,4,10,0.43,hard,easy
memory_match,0.65,126,25.6,10,1,9,1.0,medium,medium
memory_match,0.65,108,43.8,9,2,7,0.92,medium,medium
object_recognition,0.3,12,99.4,13,7,6,0.79,medium,easy
memory_match,0.7,110,45.0,8,2,6,0.83,medium,medium
object_recognition,0.61,121,28.5,9,2,7,0.92,medium,medium
memory_match,0.65,104,47.2,11,2,9,0.81,hard,medium
daily_routine_recall,0.88,200,24.6,4,0,4,1.0,easy,hard
pattern_recognition,0.37,14,81.4,10,3,7,0.64,medium,easy
daily_routine_recall,0.8,134,25.5,11,2,9,1.0,easy,hard
daily_routine_recall,0.73,125,30.4,10,1,9,0.86,hard,medium
memory_match,0.93,200,20.3,6,0,6,1.0,medium,hard
object_recognition,0.86,200,11.5,6,0,6,1.0,medium,hard
pattern_recognition,0.87,189,29.8,6,0,6,1.0,medium,hard
object_recognition,0.69,100,53.9,8,1,7,0.93,easy,medium
memory_match,0.47,18,56.4,12,5,7,0.68,hard,easy
memory_match,0.83,200,10.5,8,1,7,1.0,medium,hard
object_recognition,0.21,10,55.3,10,3,7,0.63,hard,easy
daily_routine_recall,0.7,108,46.5,8,1,7,0.85,hard,medium
object_recognition,0.94,188,33.2,4,0,4,1.0,easy,hard
object_recognition,0.89,190,30.3,5,0,5,1.0,easy,hard
pattern_recognition,0.47,18,109.8,10,3,7,0.66,easy,easy
daily_routine_recall,0.84,200,19.6,4,0,4,1.0,medium,hard
pattern_recognition,0.32,12,74.7,10,4,6,0.79,medium,easy
memory_match,0.42,16,106.4,11,4,7,0.46,hard,easy
daily_routine_recall,0.26,10,109.3,13,6,7,0.72,easy,easy
daily_routine_recall,0.88,200,17.7,6,0,6,1.0,medium,hard
memory_match,0.71,104,50.2,8,1,7,0.9,medium,medium
memory_match,0.8,200,17.5,8,2,6,1.0,hard,hard
daily_routine_recall,0.85,179,34.3,5,1,4,1.0,medium,hard
memory_match,0.96,200,14.8,8,1,7,1.0,easy,hard
pattern_recognition,0.41,16,48.7,12,5,7,0.51,medium,easy
object_recognition,0.63,113,37.3,9,2,7,0.82,easy,medium
pattern_recognition,0.94,199,28.0,7,0,7,1.0,easy,hard
daily_routine_recall,0.82,198,23.1,4,0,4,1.0,hard,hard
memory_match,0.78,115,43.3,6,1,5,0.84,hard,hard
daily_routine_recall,0.56,22,74.7,15,4,11,0.6,medium,easy
daily_routine_recall,0.66,103,49.3,6,1,5,0.89,hard,medium
memory_match,0.63,122,28.3,8,2,6,0.85,medium,medium
pattern_recognition,0.81,185,29.2,6,1,5,1.0,easy,hard
daily_routine_recall,0.28,11,89.8,12,5,7,0.54,medium,easy
memory_match,0.35,14,99.3,9,3,6,0.56,hard,easy
object_recognition,0.9,184,33.7,7,2,5,1.0,easy,hard
object_recognition,0.38,15,56.7,17,6,11,0.55,medium,easy
pattern_recognition,0.73,113,42.8,8,2,6,0.82,easy,medium
object_recognition,0.87,200,16.9,7,0,7,1.0,easy,hard
daily_routine_recall,0.63,98,53.0,11,2,9,0.98,hard,easy
object_recognition,0.88,195,27.5,6,0,6,1.0,hard,hard
pattern_recognition,0.92,200,13.0,6,1,5,1.0,easy,hard
object_recognition,0.27,10,86.2,17,7,10,0.69,easy,easy
object_recognition,0.61,108,41.5,9,2,7,0.85,easy,medium
daily_routine_recall,0.78,133,25.3,10,1,9,0.96,easy,hard
daily_routine_recall,0.96,197,29.5,7,0,7,1.0,hard,hard
memory_match,0.24,10,61.7,11,5,6,0.47,easy,easy
memory_match,0.33,13,83.1,16,5,11,0.54,hard,easy
memory_match,0.48,19,91.5,15,5,10,0.63,hard,easy
object_recognition,0.96,195,30.5,7,1,6,1.0,easy,hard
daily_routine_recall,0.63,122,28.2,9,3,6,0.99,easy,medium
pattern_recognition,0.51,20,80.9,12,4,8,0.67,easy,easy
object_recognition,0.73,108,47.6,7,1,6,0.95,hard,medium
memory_match,0.68,124,29.1,10,1,9,0.92,medium,medium
memory_match,0.89,198,26.4,5,1,4,1.0,hard,hard
daily_routine_recall,0.8,119,40.4,11,3,8,0.84,hard,medium
pattern_recognition,0.85,182,32.7,6,0,6,1.0,hard,hard
pattern_recognition,0.75,131,25.7,8,1,7,0.93,medium,medium
daily_routine_recall,0.72,113,42.6,9,1,8,0.94,medium,medium
object_recognition,0.22,10,47.6,11,4,7,0.49,hard,easy
pattern_recognition,0.46,18,105.9,12,3,9,0.65,medium,easy
memory_match,0.83,200,14.4,6,0,6,1.0,easy,hard
memory_match,0.79,117,41.7,7,1,6,0.9,medium,hard
daily_routine_recall,0.86,183,32.2,7,0,7,1.0,hard,hard
pattern_recognition,0.49,19,88.8,12,6,6,0.64,hard,easy
daily_routine_recall,0.97,200,11.7,5,0,5,1.0,easy,hard
daily_routine_recall,0.55,22,75.1,14,3,11,0.47,hard,easy
pattern_recognition,0.97,200,12.7,8,1,7,1.0,medium,hard
daily_routine_recall,0.72,114,41.6,10,1,9,0.8,hard,medium
object_recognition,0.9,200,15.4,6,1,5,1.0,easy,hard
daily_routine_recall,0.82,177,33.9,4,0,4,1.0,medium,hard
daily_routine_recall,0.63,107,43.9,9,1,8,0.97,easy,medium
object_recognition,0.82,128,32.4,12,3,9,0.86,hard,medium
pattern_recognition,0.57,22,100.7,16,6,10,0.56,hard,easy
memory_match,0.8,125,34.8,7,2,5,0.8,medium,hard
memory_match,0.68,128,25.6,8,3,5,0.95,medium,medium
daily_routine_recall,0.26,10,59.5,13,7,6,0.43,medium,easy
object_recognition,0.28,11,54.7,16,6,10,0.49,easy,easy
memory_match,0.41,16,71.7,16,6,10,0.78,hard,easy
daily_routine_recall,0.53,21,83.8,13,5,8,0.76,medium,easy
daily_routine_recall,0.32,12,57.4,14,3,11,0.72,hard,easy
memory_match,0.4,16,77.3,12,5,7,0.57,easy,easy
memory_match,0.9,200,15.8,5,0,5,1.0,medium,hard
memory_match,0.95,200,12.6,8,1,7,1.0,hard,medium
daily_routine_recall,0.76,122,35.8,8,1,7,0.93,hard,medium
memory_match,0.95,200,28.0,5,0,5,1.0,hard,hard
memory_match,0.9,189,31.3,4,0,4,1.0,medium,hard
pattern_recognition,0.6,114,36.0,8,2,6,0.87,medium,medium
memory_match,0.48,19,104.0,14,7,7,0.57,hard,easy
memory_match,0.57,22,101.0,11,4,7,0.66,hard,easy
daily_routine_recall,0.64,97,54.8,6,1,5,0.98,hard,medium
memory_match,0.56,22,85.2,13,7,6,0.83,easy,easy
memory_match,0.76,112,45.7,8,2,6,0.99,easy,medium
pattern_recognition,0.48,19,90.1,15,5,10,0.82,hard,easy
daily_routine_recall,0.84,181,32.6,7,0,7,1.0,hard,hard
daily_routine_recall,0.97,200,27.4,7,0,7,1.0,medium,hard
daily_routine_recall,0.66,101,51.5,9,2,7,0.87,easy,medium
object_recognition,0.77,127,30.8,9,1,8,0.83,easy,medium
pattern_recognition,0.98,200,12.7,6,0,6,1.0,medium,hard
daily_routine_recall,0.82,181,31.6,4,0,4,1.0,hard,hard
daily_routine_recall,0.26,10,94.8,12,4,8,0.68,hard,easy
memory_match,0.41,16,58.5,11,5,6,0.76,easy,easy
daily_routine_recall,0.88,200,14.0,6,0,6,1.0,hard,hard
daily_routine_recall,0.44,17,92.4,10,3,7,0.63,hard,easy
memory_match,0.73,101,54.7,8,2,6,0.9,easy,medium
memory_match,0.79,130,28.6,12,3,9,0.98,easy,medium
daily_routine_recall,0.33,13,78.0,9,3,6,0.57,easy,easy
memory_match,0.97,198,29.3,7,2,5,1.0,easy,hard
pattern_recognition,0.66,124,28.7,8,1,7,0.94,hard,medium
pattern_recognition,0.84,200,17.5,9,2,7,1.0,medium,hard
pattern_recognition,0.63,121,29.2,7,2,5,0.89,easy,medium
memory_match,0.79,128,30.2,7,1,6,0.81,easy,hard
memory_match,0.57,22,84.6,16,6,10,0.66,hard,easy
object_recognition,0.23,10,105.5,10,3,7,0.65,hard,easy
object_recognition,0.63,125,25.5,11,2,9,0.96,hard,medium
memory_match,0.27,10,98.0,12,6,6,0.44,hard,easy
daily_routine_recall,0.98,200,24.4,6,0,6,1.0,hard,hard
pattern_recognition,0.52,20,108.7,14,3,11,0.75,hard,easy
daily_routine_recall,0.99,195,31.7,5,1,4,1.0,medium,hard
daily_routine_recall,0.35,14,81.5,13,6,7,0.77,easy,medium
object_recognition,0.32,12,70.8,17,7,10,0.81,medium,easy
memory_match,0.23,10,101.0,16,7,9,0.41,easy,easy
memory_match,0.8,107,52.4,8,1,7,0.84,easy,medium
object_recognition,0.79,116,42.1,7,2,5,0.97,medium,hard
object_recognition,0.79,118,40.7,9,3,6,0.92,easy,medium
daily_routine_recall,0.88,200,24.6,4,0,4,1.0,easy,hard
pattern_recognition,0.81,200,10.2,7,0,7,1.0,hard,hard
pattern_recognition,0.27,10,58.6,10,4,6,0.62,easy,easy
memory_match,0.28,11,109.0,14,4,10,0.41,easy,easy
memory_match,0.56,22,91.9,15,4,11,0.7,hard,easy
object_recognition,0.45,18,59.2,12,4,8,0.84,hard,easy
memory_match,0.95,200,14.0,4,0,4,1.0,hard,hard
object_recognition,0.72,122,33.4,8,3,5,0.99,hard,medium
pattern_recognition,0.46,18,58.8,9,3,6,0.61,easy,easy
object_recognition,0.43,17,88.5,15,6,9,0.52,easy,easy
memory_match,0.85,200,12.6,6,0,6,1.0,medium,hard
object_recognition,0.81,188,27.6,8,1,7,1.0,medium,hard
object_recognition,0.9,200,17.2,4,0,4,1.0,medium,hard
memory_match,0.85,179,34.1,4,0,4,1.0,easy,hard
object_recognition,0.27,10,109.9,15,6,9,0.55,medium,easy
pattern_recognition,0.69,121,32.8,9,2,7,0.95,easy,medium
pattern_recognition,0.8,200,13.4,7,0,7,1.0,easy,hard
daily_routine_recall,0.98,200,19.1,8,1,7,1.0,medium,hard
daily_routine_recall,0.77,126,31.5,11,2,9,0.94,medium,medium
pattern_recognition,0.69,128,26.0,10,1,9,0.84,easy,medium
daily_routine_recall,0.31,12,77.1,13,7,6,0.4,easy,easy
memory_match,0.47,18,74.9,13,7,6,0.58,easy,easy
pattern_recognition,0.9,199,26.1,6,2,4,1.0,easy,hard
pattern_recognition,0.7,100,54.3,9,2,7,0.89,easy,medium
memory_match,0.99,200,23.7,4,0,4,1.0,hard,hard
memory_match,0.73,116,39.1,8,2,6,0.81,hard,medium
object_recognition,0.31,12,70.7,18,7,11,0.58,easy,easy
pattern_recognition,0.6,105,44.1,10,2,8,0.9,hard,medium
memory_match,1.0,200,24.4,5,0,5,1.0,hard,hard
object_recognition,0.68,128,25.5,12,3,9,0.81,hard,medium
memory_match,0.87,181,33.9,4,0,4,1.0,medium,hard
memory_match,0.22,10,90.0,13,6,7,0.85,medium,easy
pattern_recognition,0.95,200,20.1,5,0,5,1.0,easy,hard
pattern_recognition,0.87,199,25.0,5,0,5,1.0,hard,hard
pattern_recognition,0.6,109,40.6,9,3,6,0.96,hard,medium
daily_routine_recall,0.85,200,23.5,5,0,5,1.0,easy,hard
pattern_recognition,1.0,192,33.6,5,1,4,1.0,easy,hard
pattern_recognition,0.55,22,79.4,12,5,7,0.59,easy,easy
pattern_recognition,0.75,128,28.6,6,1,5,0.89,hard,medium
pattern_recognition,0.83,200,10.5,5,0,5,1.0,easy,hard
memory_match,0.47,18,71.9,15,5,10,0.59,medium,easy
object_recognition,0.89,186,32.2,6,0,6,1.0,medium,hard
pattern_recognition,0.97,192,32.2,4,0,4,1.0,hard,hard
memory_match,0.65,126,25.3,8,1,7,0.92,medium,medium
pattern_recognition,0.45,18,71.3,17,6,11,0.73,hard,easy
memory_match,0.38,15,45.9,10,4,6,0.7,easy,easy
memory_match,0.97,197,29.6,7,0,7,1.0,medium,hard
pattern_recognition,0.32,12,79.0,12,3,9,0.74,easy,easy
object_recognition,0.29,11,65.9,16,5,11,0.56,medium,easy
memory_match,0.82,112,48.3,11,3,8,0.93,easy,medium
memory_match,0.91,190,30.7,4,0,4,1.0,easy,hard
daily_routine_recall,0.78,120,39.0,10,1,9,0.97,easy,hard
pattern_recognition,0.88,196,26.7,7,0,7,1.0,easy,hard
memory_match,0.9,200,12.8,7,0,7,1.0,medium,hard
pattern_recognition,0.67,105,47.3,10,3,7,0.93,medium,medium
object_recognition,0.31,12,56.8,15,7,8,0.5,hard,easy
pattern_recognition,0.43,17,103.8,15,4,11,0.59,easy,easy
pattern_recognition,0.34,13,71.6,12,5,7,0.71,hard,easy
memory_match,0.77,108,49.7,8,1,7,0.82,medium,medium
memory_match,0.94,195,29.8,9,2,7,1.0,easy,hard
pattern_recognition,0.48,19,95.5,14,5,9,0.64,easy,easy
daily_routine_recall,0.81,200,17.8,8,2,6,1.0,easy,hard
pattern_recognition,0.97,200,14.5,9,2,7,1.0,easy,hard
pattern_recognition,0.71,112,42.8,10,1,9,0.83,easy,medium
memory_match,0.79,105,53.7,10,1,9,0.91,medium,medium
daily_routine_recall,0.65,101,50.8,8,2,6,0.99,medium,medium
memory_match,0.28,11,56.6,14,5,9,0.76,medium,easy
pattern_recognition,0.92,200,16.3,7,1,6,1.0,easy,hard
object_recognition,0.69,127,26.4,8,2,6,0.99,medium,medium
daily_routine_recall,0.77,119,38.3,10,1,9,0.99,medium,medium
object_recognition,0.62,97,53.3,9,2,7,0.81,medium,medium
daily_routine_recall,0.54,21,76.4,12,3,9,0.72,hard,easy
object_recognition,0.54,21,45.0,16,5,11,0.49,medium,easy
object_recognition,0.71,127,27.7,10,2,8,0.88,easy,medium
pattern_recognition,0.33,13,59.2,14,3,11,0.71,medium,easy
memory_match,0.6,97,53.0,7,2,5,0.88,easy,medium
daily_routine_recall,0.61,112,37.5,7,2,5,0.94,easy,medium
daily_routine_recall,0.93,200,14.3,5,0,5,1.0,hard,hard
daily_routine_recall,0.23,10,72.9,14,4,10,0.83,hard,easy
memory_match,0.89,191,29.7,6,2,4,1.0,hard,hard
memory_match,0.81,189,27.5,6,0,6,1.0,hard,hard
pattern_recognition,0.58,23,86.8,13,3,10,0.52,hard,easy
memory_match,0.89,188,31.1,9,2,7,1.0,hard,hard
object_recognition,0.42,16,84.2,15,5,10,0.81,medium,easy
daily_routine_recall,0.55,22,70.5,11,3,8,0.7,easy,easy
daily_routine_recall,0.35,14,71.9,15,6,9,0.51,medium,easy
memory_match,0.89,196,27.2,8,1,7,1.0,medium,hard
pattern_recognition,0.38,15,74.5,14,7,7,0.61,medium,easy
memory_match,0.5,20,86.0,14,5,9,0.69,hard,easy
daily_routine_recall,0.98,200,24.2,7,1,6,1.0,hard,hard
memory_match,0.87,200,10.8,6,0,6,1.0,medium,hard
object_recognition,0.68,112,42.0,8,2,6,0.9,hard,medium
daily_routine_recall,0.71,101,53.9,6,1,5,0.9,medium,medium
object_recognition,0.96,200,17.4,4,0,4,1.0,hard,hard
daily_routine_recall,0.91,200,19.4,7,0,7,1.0,hard,hard
pattern_recognition,0.22,10,83.5,15,7,8,0.84,medium,easy
object_recognition,0.81,113,46.4,7,2,5,0.88,medium,hard
object_recognition,0.62,108,42.3,9,3,6,0.83,easy,medium
daily_routine_recall,0.49,19,97.2,14,6,8,0.8,easy,easy
daily_routine_recall,0.23,10,97.1,11,3,8,0.61,medium,easy
memory_match,0.8,117,42.6,6,1,5,0.89,hard,hard
daily_routine_recall,0.43,17,55.2,12,6,6,0.56,hard,easy
pattern_recognition,0.83,200,14.2,6,2,4,1.0,medium,hard
daily_routine_recall,0.77,107,50.6,10,3,7,0.86,hard,medium
object_recognition,0.53,21,57.9,11,3,8,0.79,easy,easy
pattern_recognition,0.67,115,37.4,9,2,7,0.92,easy,medium
daily_routine_recall,0.56,22,46.3,12,5,7,0.45,easy,easy
memory_match,0.33,13,55.5,11,3,8,0.77,medium,easy
daily_routine_recall,0.83,200,21.8,8,2,6,1.0,easy,hard
pattern_recognition,0.5,20,72.6,14,3,11,0.79,easy,easy
memory_match,0.73,113,42.7,11,2,9,0.96,medium,medium
pattern_recognition,0.29,11,81.3,13,5,8,0.44,hard,easy
object_recognition,0.88,200,11.6,4,0,4,1.0,easy,hard
pattern_recognition,0.9,196,27.8,7,0,7,1.0,easy,hard
memory_match,0.89,190,30.1,9,2,7,1.0,hard,hard
memory_match,0.98,200,22.4,4,0,4,1.0,medium,hard
pattern_recognition,0.51,20,99.4,9,3,6,0.75,easy,easy
object_recognition,0.95,200,12.0,7,0,7,1.0,easy,hard
pattern_recognition,0.7,116,38.3,7,1,6,0.82,easy,medium
daily_routine_recall,0.36,14,69.4,12,5,7,0.54,hard,easy
object_recognition,0.65,121,30.2,9,2,7,0.94,medium,medium
object_recognition,0.36,14,53.2,11,5,6,0.56,easy,easy
pattern_recognition,0.86,198,25.0,8,1,7,1.0,hard,hard
object_recognition,0.92,200,26.2,6,2,4,1.0,medium,hard
pattern_recognition,0.64,97,54.9,9,1,8,0.81,medium,medium
object_recognition,0.86,200,11.6,7,2,5,1.0,medium,hard
pattern_recognition,0.63,111,39.7,11,2,9,0.86,easy,medium
memory_match,0.31,12,75.4,17,7,10,0.63,hard,easy
daily_routine_recall,0.78,133,25.1,10,1,9,0.96,easy,hard
memory_match,0.74,121,35.2,6,1,5,0.87,easy,medium
memory_match,0.5,20,102.9,9,3,6,0.73,easy,easy
object_recognition,0.53,21,69.1,14,7,7,0.76,hard,easy
memory_match,0.37,14,56.6,15,7,8,0.52,medium,easy
pattern_recognition,0.65,107,44.8,9,1,8,0.93,easy,medium
pattern_recognition,0.86,200,11.6,4,0,4,1.0,hard,hard
pattern_recognition,0.9,193,29.1,4,0,4,1.0,medium,hard
memory_match,0.35,14,63.1,16,7,9,0.75,medium,easy
pattern_recognition,0.32,12,73.0,12,6,6,0.82,easy,easy
daily_routine_recall,0.81,200,14.9,5,1,4,1.0,medium,hard
object_recognition,0.85,190,28.6,4,0,4,1.0,easy,hard
pattern_recognition,0.89,190,30.5,7,0,7,1.0,hard,hard
object_recognition,0.68,113,40.8,8,1,7,0.81,easy,medium
daily_routine_recall,0.76,110,47.8,9,1,8,0.84,hard,medium
pattern_recognition,0.5,20,62.7,14,7,7,0.64,easy,easy
object_recognition,0.95,200,23.8,4,0,4,1.0,easy,hard
pattern_recognition,0.62,108,42.5,10,3,7,0.92,easy,medium
object_recognition,0.87,200,20.6,7,0,7,1.0,hard,hard
pattern_recognition,0.46,18,52.0,16,7,9,0.42,medium,easy
object_recognition,0.31,12,74.0,16,7,9,0.66,medium,easy
memory_match,0.64,126,25.5,7,2,5,0.93,medium,medium
memory_match,0.78,121,38.0,10,1,9,0.98,hard,hard
pattern_recognition,0.98,200,27.9,4,0,4,1.0,medium,hard
memory_match,0.42,16,64.3,12,3,9,0.71,hard,easy
pattern_recognition,0.36,14,81.4,16,5,11,0.8,medium,easy
object_recognition,0.38,15,98.5,16,5,11,0.77,easy,easy
daily_routine_recall,0.94,192,31.4,7,0,7,1.0,hard,hard
pattern_recognition,0.21,10,61.6,9,3,6,0.71,hard,easy
object_recognition,0.95,200,18.1,8,1,7,1.0,hard,hard
daily_routine_recall,0.64,101,50.4,8,1,7,0.87,hard,medium
object_recognition,0.68,126,27.8,9,2,7,0.81,easy,medium
daily_routine_recall,0.57,22,87.1,13,7,6,0.68,easy,easy
pattern_recognition,0.25,10,78.4,14,5,9,0.73,hard,easy
pattern_recognition,0.89,198,26.3,6,0,6,1.0,hard,easy
daily_routine_recall,0.23,10,63.4,12,5,7,0.69,medium,easy
pattern_recognition,0.82,200,12.9,6,0,6,1.0,hard,hard
pattern_recognition,0.8,179,32.5,7,1,6,1.0,easy,hard
object_recognition,0.69,101,52.3,11,2,9,0.99,easy,medium
daily_routine_recall,0.8,130,29.8,9,3,6,0.88,easy,medium
object_recognition,0.93,200,17.1,7,0,7,1.0,easy,hard
object_recognition,0.3,12,46.5,11,3,8,0.6,easy,easy
memory_match,0.31,12,94.7,13,3,10,0.44,hard,easy
object_recognition,0.55,22,62.8,15,4,11,0.57,medium,easy
memory_match,0.89,200,25.0,4,0,4,1.0,medium,hard
daily_routine_recall,0.96,190,33.0,5,1,4,1.0,easy,hard
pattern_recognition,0.94,200,11.9,4,0,4,1.0,easy,hard
object_recognition,0.79,117,41.3,10,1,9,0.9,easy,hard
daily_routine_recall,0.79,108,50.7,11,3,8,0.85,hard,medium
object_recognition,0.79,107,52.0,7,2,5,0.99,hard,hard
daily_routine_recall,0.78,106,52.4,7,1,6,0.85,hard,medium
memory_match,0.81,134,25.3,10,1,9,0.9,medium,hard
memory_match,0.83,200,22.4,4,0,4,1.0,easy,hard
daily_routine_recall,0.61,120,29.4,8,1,7,0.83,easy,medium
daily_routine_recall,0.22,10,80.0,15,5,10,0.54,easy,easy
daily_routine_recall,0.65,107,44.5,10,2,8,0.99,medium,medium
memory_match,0.8,186,28.8,5,0,5,1.0,hard,hard
pattern_recognition,0.73,102,53.5,10,1,9,0.97,hard,medium
object_recognition,0.31,12,52.0,13,5,8,0.82,medium,easy
memory_match,0.44,17,51.0,13,7,6,0.71,easy,easy
object_recognition,0.96,188,33.6,5,0,5,1.0,easy,hard
object_recognition,0.4,16,78.6,14,3,11,0.53,easy,easy
memory_match,0.61,98,52.0,8,2,6,0.86,easy,medium
pattern_recognition,0.53,21,84.2,16,6,10,0.5,hard,easy
object_recognition,0.76,105,52.1,6,1,5,0.94,hard,medium
object_recognition,0.57,22,93.7,13,6,7,0.59,medium,easy
object_recognition,0.35,14,100.4,13,6,7,0.52,easy,easy
object_recognition,0.56,22,87.5,12,3,9,0.47,medium,easy
pattern_recognition,0.66,108,44.4,10,1,9,0.8,easy,medium
memory_match,0.77,104,54.0,10,1,9,0.84,medium,medium
object_recognition,0.99,200,27.2,8,2,6,1.0,hard,hard
pattern_recognition,0.32,12,59.9,13,5,8,0.66,hard,easy
daily_routine_recall,0.22,10,75.6,18,7,11,0.72,easy,easy
object_recognition,0.75,102,54.8,10,2,8,0.94,medium,medium
daily_routine_recall,0.5,20,103.8,18,7,11,0.51,easy,easy
memory_match,0.47,18,102.6,16,7,9,0.72,easy,easy
daily_routine_recall,0.69,125,28.6,7,2,5,0.85,easy,medium
object_recognition,0.79,123,35.8,7,2,5,0.84,medium,hard
object_recognition,0.82,113,47.1,7,1,6,0.87,medium,easy
memory_match,0.82,111,50.0,8,2,6,0.96,easy,hard
object_recognition,0.65,103,48.2,7,2,5,0.93,medium,medium
object_recognition,0.78,131,27.1,6,1,5,0.84,medium,hard
object_recognition,0.62,109,41.9,9,2,7,0.92,hard,medium
memory_match,0.56,22,84.7,16,7,9,0.66,medium,easy
daily_routine_recall,1.0,190,34.9,5,0,5,1.0,medium,hard
daily_routine_recall,0.53,21,59.2,9,3,6,0.77,medium,easy
daily_routine_recall,0.93,200,17.0,8,1,7,1.0,medium,hard
pattern_recognition,0.88,200,18.8,7,0,7,1.0,easy,hard
daily_routine_recall,0.72,106,49.2,10,3,7,0.8,hard,medium
object_recognition,0.44,17,73.4,18,7,11,0.73,medium,easy
daily_routine_recall,0.8,200,12.9,6,2,4,1.0,easy,hard
pattern_recognition,0.21,10,46.8,15,6,9,0.6,medium,easy
daily_routine_recall,0.65,97,54.5,11,2,9,0.86,hard,medium
pattern_recognition,0.67,117,35.1,9,2,7,0.9,medium,medium
pattern_recognition,0.73,107,48.1,10,1,9,0.89,medium,medium
object_recognition,0.3,12,72.5,16,5,11,0.45,medium,easy
daily_routine_recall,0.62,105,45.5,8,2,6,0.84,hard,medium
daily_routine_recall,0.69,106,47.7,9,2,7,0.99,hard,medium
daily_routine_recall,0.84,200,15.5,4,0,4,1.0,medium,hard
daily_routine_recall,0.66,104,48.4,10,2,8,0.88,medium,medium
daily_routine_recall,0.39,15,46.1,12,6,6,0.63,hard,easy
daily_routine_recall,0.76,109,48.2,6,1,5,0.88,easy,medium
object_recognition,0.97,200,21.5,7,0,7,1.0,hard,hard
pattern_recognition,0.66,117,35.7,10,3,7,0.92,hard,medium
object_recognition,0.27,10,59.9,11,3,8,0.48,medium,easy
daily_routine_recall,0.74,117,40.0,9,2,7,0.88,medium,hard
pattern_recognition,0.48,19,53.7,14,7,7,0.45,easy,easy
daily_routine_recall,0.7,113,41.6,6,1,5,0.9,hard,medium
object_recognition,0.34,13,91.6,14,7,7,0.84,hard,easy
daily_routine_recall,0.56,22,107.1,12,4,8,0.51,easy,easy
memory_match,0.68,122,31.9,8,3,5,0.86,hard,medium
pattern_recognition,0.63,112,38.7,10,3,7,0.95,easy,medium
object_recognition,0.75,106,50.5,7,1,6,0.83,medium,medium
daily_routine_recall,0.8,111,48.1,8,1,7,0.95,easy,hard
object_recognition,0.71,128,26.4,9,2,7,0.87,medium,medium
pattern_recognition,0.31,12,88.9,12,6,6,0.47,easy,easy
memory_match,0.78,126,32.6,8,2,6,0.89,medium,hard
daily_routine_recall,0.27,10,55.4,18,7,11,0.74,medium,easy
pattern_recognition,0.58,23,96.2,14,4,10,0.8,hard,easy
pattern_recognition,0.62,98,52.9,6,1,5,0.83,hard,medium
memory_match,0.88,196,26.8,5,0,5,1.0,easy,hard
daily_routine_recall,0.77,121,36.5,10,2,8,0.82,medium,medium
object_recognition,0.65,103,49.0,9,2,7,0.98,easy,medium
object_recognition,0.98,200,11.4,6,0,6,1.0,easy,hard
memory_match,0.99,200,15.4,5,0,5,1.0,hard,hard
memory_match,0.92,200,24.5,4,0,4,1.0,medium,hard
daily_routine_recall,0.67,127,25.5,11,2,9,0.82,easy,medium
object_recognition,0.31,12,53.9,13,5,8,0.61,medium,easy
pattern_recognition,0.84,190,28.5,4,0,4,1.0,hard,hard
pattern_recognition,0.4,16,56.9,14,4,10,0.7,medium,easy
object_recognition,0.82,191,26.6,6,0,6,1.0,easy,hard
memory_match,0.23,10,72.1,9,3,6,0.51,easy,easy
daily_routine_recall,0.8,105,54.1,11,3,8,0.97,easy,medium
memory_match,0.78,104,54.6,7,2,5,1.0,easy,hard
object_recognition,0.8,192,25.9,8,1,7,1.0,hard,hard
object_recognition,0.52,20,71.9,10,3,7,0.71,hard,hard
daily_routine_recall,0.94,200,22.7,6,0,6,1.0,hard,hard
daily_routine_recall,0.89,200,21.3,4,0,4,1.0,medium,hard
pattern_recognition,0.21,10,77.4,15,4,11,0.54,hard,easy
object_recognition,0.75,104,53.0,7,2,5,0.87,medium,medium
daily_routine_recall,0.24,10,62.2,17,6,11,0.59,easy,easy
daily_routine_recall,0.46,18,73.2,13,3,10,0.82,easy,easy
daily_routine_recall,0.5,20,92.3,15,6,9,0.55,easy,easy
daily_routine_recall,0.79,106,52.2,10,2,8,0.82,medium,medium
object_recognition,0.82,186,29.4,7,0,7,1.0,medium,hard
pattern_recognition,0.46,18,104.5,13,7,6,0.63,easy,easy
pattern_recognition,0.31,12,64.8,16,6,10,0.47,hard,easy
pattern_recognition,0.64,99,53.0,9,2,7,0.93,medium,medium
memory_match,0.38,15,54.3,11,3,8,0.81,easy,easy
pattern_recognition,0.26,10,89.8,9,3,6,0.64,easy,easy
object_recognition,0.82,133,28.0,7,2,5,0.95,medium,hard
memory_match,0.77,121,36.9,10,1,9,0.84,hard,medium
daily_routine_recall,0.78,130,28.1,10,2,8,0.93,easy,hard
pattern_recognition,0.82,176,34.3,6,1,5,1.0,medium,hard
daily_routine_recall,0.82,185,30.0,6,0,6,1.0,easy,hard
daily_routine_recall,0.79,128,30.8,11,2,9,0.82,hard,hard
memory_match,0.27,10,67.5,13,7,6,0.75,easy,easy
daily_routine_recall,0.45,18,60.2,12,5,7,0.48,medium,easy
pattern_recognition,0.87,200,17.6,7,0,7,1.0,medium,hard
pattern_recognition,0.58,23,86.2,13,5,8,0.66,easy,easy
object_recognition,0.97,200,25.5,6,0,6,1.0,easy,hard
memory_match,0.76,113,44.5,6,1,5,0.86,easy,medium
pattern_recognition,0.38,15,84.0,11,4,7,0.51,hard,easy
daily_routine_recall,0.63,99,51.1,10,3,7,0.82,easy,medium
object_recognition,0.9,200,12.7,6,1,5,1.0,medium,hard
object_recognition,0.25,10,87.5,14,7,7,0.83,hard,easy
object_recognition,1.0,200,10.1,5,0,5,1.0,hard,hard
daily_routine_recall,0.74,128,28.4,7,2,5,0.83,medium,medium
pattern_recognition,0.26,10,94.7,15,6,9,0.81,medium,easy
pattern_recognition,0.77,130,27.2,8,2,6,0.84,hard,medium
object_recognition,0.45,18,104.5,12,3,9,0.5,hard,easy
memory_match,0.3,12,53.8,13,4,9,0.53,easy,easy
memory_match,0.92,200,12.1,6,0,6,1.0,hard,hard
object_recognition,0.7,124,30.1,8,2,6,0.84,hard,medium
pattern_recognition,0.68,112,41.7,12,3,9,0.99,easy,medium
pattern_recognition,0.92,189,32.0,7,0,7,1.0,medium,hard
memory_match,0.29,11,98.5,13,4,9,0.58,easy,easy
memory_match,0.29,11,59.7,10,4,6,0.54,easy,easy
memory_match,0.87,200,14.9,9,2,7,1.0,easy,hard
object_recognition,0.93,200,18.7,6,0,6,1.0,hard,hard
memory_match,0.29,11,101.2,13,5,8,0.77,medium,easy
object_recognition,0.95,200,17.4,7,0,7,1.0,medium,hard
pattern_recognition,0.22,10,51.9,17,7,10,0.77,hard,easy
daily_routine_recall,0.65,106,45.4,6,1,5,0.81,hard,medium
daily_routine_recall,0.43,17,91.6,15,6,9,0.76,hard,easy
pattern_recognition,0.3,12,91.1,13,6,7,0.77,easy,easy
object_recognition,0.8,132,28.0,7,1,6,0.81,hard,hard
object_recognition,0.36,14,87.1,13,3,10,0.56,easy,medium
pattern_recognition,0.56,22,47.0,13,4,9,0.52,easy,easy
object_recognition,0.65,99,52.4,7,2,5,0.84,hard,medium
daily_routine_recall,0.92,200,20.5,6,0,6,1.0,hard,hard
pattern_recognition,0.95,200,12.4,5,0,5,1.0,easy,hard
pattern_recognition,0.63,103,47.3,7,2,5,0.91,easy,medium
object_recognition,0.66,104,48.7,7,1,6,0.97,easy,medium
object_recognition,0.84,188,29.3,5,0,5,1.0,hard,hard
daily_routine_recall,0.76,129,28.8,8,1,7,0.87,easy,medium
pattern_recognition,0.65,116,35.1,8,3,5,0.94,easy,medium
object_recognition,0.91,196,27.7,7,1,6,1.0,hard,hard
daily_routine_recall,0.88,200,11.9,8,1,7,1.0,easy,hard
daily_routine_recall,0.87,200,18.6,8,1,7,1.0,hard,hard
object_recognition,0.99,200,15.1,5,1,4,1.0,medium,hard
pattern_recognition,0.82,200,11.8,5,1,4,1.0,hard,hard
pattern_recognition,0.39,15,71.0,14,3,11,0.73,medium,easy
object_recognition,0.65,109,42.6,9,2,7,0.87,medium,medium
pattern_recognition,0.98,200,24.2,7,0,7,1.0,medium,hard
object_recognition,0.74,125,31.9,8,2,6,0.93,easy,medium
memory_match,0.81,200,13.6,7,0,7,1.0,easy,hard
daily_routine_recall,1.0,200,10.3,8,1,7,1.0,hard,hard
pattern_recognition,0.69,117,37.0,7,2,5,0.9,hard,medium
daily_routine_recall,0.43,17,94.4,17,7,10,0.76,medium,easy
daily_routine_recall,0.99,200,19.4,4,0,4,1.0,medium,hard
object_recognition,0.65,107,44.4,11,3,8,0.9,easy,medium
pattern_recognition,0.76,132,25.6,10,2,8,0.85,hard,medium
daily_routine_recall,0.24,10,79.7,15,5,10,0.56,hard,easy
object_recognition,0.64,101,50.1,10,3,7,0.88,easy,medium
memory_match,0.93,192,30.7,8,1,7,1.0,hard,hard
memory_match,0.38,15,92.5,13,3,10,0.42,easy,easy
pattern_recognition,0.94,200,26.1,7,0,7,1.0,hard,hard
memory_match,0.72,111,44.5,9,2,7,0.91,easy,medium
pattern_recognition,0.31,12,61.3,10,3,7,0.41,hard,easy
memory_match,0.33,13,51.0,15,6,9,0.68,easy,easy
pattern_recognition,0.8,109,50.2,10,1,9,0.84,easy,medium
memory_match,0.81,118,41.5,10,1,9,0.94,hard,hard
object_recognition,0.81,128,31.2,10,2,8,0.9,hard,hard
object_recognition,0.25,10,87.5,13,7,6,0.42,medium,easy
memory_match,0.67,116,36.9,9,1,8,0.89,hard,medium
memory_match,0.72,118,37.9,11,2,9,0.99,medium,medium
pattern_recognition,0.22,10,94.9,12,6,6,0.83,hard,easy
object_recognition,0.88,194,27.7,5,0,5,1.0,easy,hard
object_recognition,0.96,189,33.4,5,0,5,1.0,medium,hard
pattern_recognition,0.99,200,26.8,6,0,6,1.0,medium,hard
object_recognition,0.66,105,47.2,11,2,9,1.0,hard,medium
object_recognition,0.74,104,52.7,8,2,6,0.89,hard,medium
memory_match,0.73,118,37.5,10,1,9,0.82,hard,medium
pattern_recognition,0.92,190,31.2,4,0,4,1.0,medium,hard
pattern_recognition,0.7,119,35.3,8,1,7,0.85,hard,medium
pattern_recognition,0.29,11,70.9,11,4,7,0.73,easy,easy
daily_routine_recall,0.43,17,50.3,10,4,6,0.61,hard,easy
pattern_recognition,0.81,126,33.7,7,2,5,0.84,hard,hard
memory_match,0.98,200,22.3,5,0,5,1.0,medium,hard
memory_match,0.76,132,25.2,8,2,6,0.85,easy,medium
object_recognition,0.78,130,29.0,8,3,5,0.87,easy,medium
daily_routine_recall,0.82,200,15.5,4,0,4,1.0,hard,hard
pattern_recognition,0.81,184,30.0,4,0,4,1.0,hard,hard
memory_match,0.23,10,83.3,15,4,11,0.62,easy,easy
object_recognition,0.34,13,97.3,16,7,9,0.61,medium,easy
pattern_recognition,0.47,18,73.2,15,6,9,0.83,hard,easy
daily_routine_recall,0.99,200,10.5,6,0,6,1.0,easy,hard
daily_routine_recall,0.98,200,14.5,5,0,5,1.0,easy,hard
memory_match,0.79,106,52.4,6,1,5,0.98,easy,hard
daily_routine_recall,0.7,127,27.2,10,3,7,0.98,easy,medium
pattern_recognition,0.86,200,13.9,4,0,4,1.0,hard,medium
pattern_recognition,0.82,200,21.5,6,0,6,1.0,medium,hard
memory_match,0.79,125,33.9,10,2,8,0.91,easy,hard
object_recognition,0.79,118,40.3,7,1,6,0.91,easy,hard
pattern_recognition,0.41,16,109.3,9,3,6,0.68,easy,easy
pattern_recognition,0.84,195,26.0,9,2,7,1.0,hard,hard
pattern_recognition,0.65,100,52.0,8,2,6,0.92,easy,medium
memory_match,0.75,109,47.2,10,2,8,0.85,hard,medium
object_recognition,0.73,105,50.3,10,3,7,0.93,easy,medium
pattern_recognition,0.8,200,16.3,5,0,5,1.0,medium,hard
memory_match,0.43,17,59.7,13,5,8,0.76,easy,easy
pattern_recognition,0.37,14,101.9,12,6,6,0.8,easy,easy
pattern_recognition,0.93,200,17.6,5,0,5,1.0,easy,hard
pattern_recognition,0.24,10,54.1,16,7,9,0.44,medium,easy
memory_match,0.72,129,27.0,6,1,5,0.92,hard,medium
memory_match,0.69,124,29.4,11,2,9,0.83,medium,medium
memory_match,0.48,19,98.5,14,5,9,0.65,hard,easy
daily_routine_recall,0.51,20,53.3,14,7,7,0.84,hard,hard
memory_match,0.81,122,37.4,9,3,6,0.9,hard,medium
memory_match,0.22,10,82.3,15,6,9,0.75,hard,easy
object_recognition,0.45,18,57.9,15,6,9,0.43,medium,easy
memory_match,0.89,182,34.3,4,0,4,1.0,medium,hard
pattern_recognition,0.89,200,17.2,5,0,5,1.0,hard,hard
object_recognition,0.9,200,18.6,4,0,4,1.0,easy,hard
pattern_recognition,0.82,114,46.8,6,1,5,0.84,hard,hard
object_recognition,0.79,116,42.3,10,1,9,0.8,hard,hard
daily_routine_recall,0.21,10,84.8,11,5,6,0.45,hard,easy
object_recognition,0.71,118,36.5,11,2,9,0.82,easy,medium
pattern_recognition,0.77,115,42.5,9,1,8,0.87,medium,medium
daily_routine_recall,0.74,102,54.8,9,2,7,0.82,hard,medium
memory_match,0.82,175,34.7,5,0,5,1.0,medium,hard
pattern_recognition,0.99,190,34.2,7,2,5,1.0,hard,medium
object_recognition,0.97,197,29.6,4,0,4,1.0,easy,hard
daily_routine_recall,0.72,108,47.4,9,3,6,0.89,easy,medium
object_recognition,0.39,15,79.6,13,7,6,0.63,medium,easy
object_recognition,0.85,194,26.6,7,1,6,1.0,medium,hard
daily_routine_recall,0.7,110,44.7,9,3,6,0.83,hard,medium
daily_routine_recall,0.78,124,35.0,7,2,5,0.9,medium,hard
pattern_recognition,0.91,200,20.4,6,0,6,1.0,hard,hard
memory_match,0.7,124,30.6,8,3,5,0.85,medium,medium
object_recognition,0.86,192,27.6,6,1,5,1.0,hard,hard
object_recognition,0.9,194,29.0,6,0,6,1.0,hard,hard
memory_match,0.67,110,42.9,8,3,5,0.93,medium,medium
memory_match,0.81,110,49.8,10,3,7,0.97,medium,medium
pattern_recognition,0.92,200,23.0,7,0,7,1.0,hard,hard
object_recognition,0.62,118,32.9,9,2,7,0.8,easy,medium
memory_match,0.57,22,92.4,12,4,8,0.71,easy,easy
object_recognition,0.78,126,32.4,8,2,6,0.91,easy,hard
memory_match,0.98,200,10.7,4,0,4,1.0,easy,hard
daily_routine_recall,0.81,187,28.2,7,0,7,1.0,medium,hard
pattern_recognition,0.81,180,31.7,6,0,6,1.0,easy,hard
pattern_recognition,0.53,21,79.1,13,3,10,0.79,hard,easy
daily_routine_recall,0.86,200,12.0,5,0,5,1.0,hard,hard
object_recognition,0.97,200,17.6,7,1,6,1.0,medium,hard
daily_routine_recall,0.55,22,63.6,14,6,8,0.6,medium,medium
daily_routine_recall,0.34,13,92.9,17,6,11,0.6,easy,easy
daily_routine_recall,0.62,107,43.7,10,1,9,0.84,hard,medium
object_recognition,0.94,200,23.4,8,1,7,1.0,easy,hard
daily_routine_recall,0.22,10,79.4,15,6,9,0.75,hard,medium
object_recognition,0.23,10,58.3,14,4,10,0.73,medium,easy
pattern_recognition,0.9,200,11.7,5,1,4,1.0,medium,hard
daily_routine_recall,0.71,123,31.3,10,1,9,0.88,medium,medium
object_recognition,0.33,13,108.4,11,5,6,0.57,hard,easy
object_recognition,0.74,114,42.1,11,2,9,0.91,easy,medium
memory_match,0.45,18,104.0,10,4,6,0.82,easy,easy
pattern_recognition,0.79,125,33.9,10,3,7,0.82,medium,medium
memory_match,0.29,11,60.3,14,3,11,0.49,easy,easy
daily_routine_recall,0.82,122,38.1,11,3,8,0.98,medium,medium
memory_match,0.7,112,42.2,11,3,8,0.88,medium,medium
daily_routine_recall,0.81,194,25.0,9,2,7,1.0,medium,hard
object_recognition,0.26,10,58.6,10,4,6,0.5,medium,easy
memory_match,0.35,14,69.3,16,6,10,0.57,medium,easy
pattern_recognition,0.78,110,49.0,8,2,6,0.87,easy,medium
object_recognition,0.36,14,65.7,17,7,10,0.82,medium,easy
object_recognition,0.31,12,74.8,11,5,6,0.78,easy,easy
pattern_recognition,0.85,200,17.0,5,1,4,1.0,easy,easy
pattern_recognition,0.9,200,12.4,6,2,4,1.0,hard,hard
object_recognition,0.6,113,36.1,6,1,5,1.0,easy,medium
object_recognition,0.71,113,41.5,8,2,6,0.87,medium,medium
daily_routine_recall,0.81,198,22.6,6,0,6,1.0,medium,hard
object_recognition,0.31,12,76.8,10,4,6,0.48,medium,easy
pattern_recognition,0.53,21,106.4,12,6,6,0.47,hard,easy
object_recognition,0.39,15,106.9,14,5,9,0.72,easy,easy
daily_routine_recall,0.36,14,46.3,13,5,8,0.54,easy,easy
memory_match,0.89,194,28.4,6,0,6,1.0,easy,hard
pattern_recognition,0.38,15,75.0,9,3,6,0.8,hard,easy
memory_match,0.7,102,53.0,7,2,5,0.94,hard,medium
pattern_recognition,0.75,103,54.0,10,2,8,0.81,hard,medium
object_recognition,0.93,187,33.3,6,2,4,1.0,medium,hard
pattern_recognition,0.81,124,36.0,12,3,9,0.85,hard,medium
daily_routine_recall,0.64,122,29.3,9,2,7,0.92,hard,medium
daily_routine_recall,0.96,200,13.1,4,0,4,1.0,easy,hard
pattern_recognition,0.63,111,39.2,10,1,9,0.96,hard,medium
memory_match,0.75,104,52.8,7,2,5,0.97,hard,medium
memory_match,0.29,11,69.5,9,3,6,0.64,medium,easy
memory_match,0.88,200,10.7,5,1,4,1.0,hard,hard
daily_routine_recall,0.47,18,52.9,15,5,10,0.5,hard,easy
object_recognition,0.6,105,44.6,8,2,6,0.88,medium,medium
daily_routine_recall,0.48,19,60.1,17,6,11,0.73,hard,easy
pattern_recognition,0.74,127,29.7,10,2,8,0.91,medium,medium
daily_routine_recall,0.78,128,30.5,9,2,7,0.86,easy,hard
daily_routine_recall,0.81,200,21.9,5,0,5,1.0,hard,hard
daily_routine_recall,0.95,200,22.4,7,0,7,1.0,medium,hard
daily_routine_recall,0.81,114,45.9,8,2,6,0.95,easy,hard
memory_match,0.54,21,58.3,13,6,7,0.54,easy,easy
pattern_recognition,0.56,22,63.3,13,7,6,0.83,medium,easy
memory_match,0.37,14,62.4,15,5,10,0.6,hard,easy
pattern_recognition,0.58,23,76.8,14,5,9,0.85,medium,easy
pattern_recognition,0.36,14,54.8,16,5,11,0.54,hard,easy
pattern_recognition,0.9,200,13.1,4,0,4,1.0,medium,hard
memory_match,0.98,200,18.2,7,0,7,1.0,medium,hard
daily_routine_recall,0.36,14,57.8,14,5,9,0.57,hard,easy
memory_match,0.96,198,29.0,5,1,4,1.0,medium,hard
daily_routine_recall,0.49,19,105.3,9,3,6,0.7,hard,easy
pattern_recognition,0.88,200,22.0,5,0,5,1.0,medium,hard
memory_match,0.63,120,30.5,10,1,9,0.91,medium,medium
pattern_recognition,0.81,106,53.1,9,2,7,0.82,medium,medium
object_recognition,0.94,200,22.6,5,0,5,1.0,easy,hard
object_recognition,0.86,200,11.5,5,0,5,1.0,easy,hard
memory_match,0.21,10,97.1,18,7,11,0.74,medium,easy
object_recognition,0.99,200,17.7,7,0,7,1.0,easy,hard
daily_routine_recall,0.87,200,14.9,4,0,4,1.0,medium,hard
daily_routine_recall,0.22,10,90.1,14,5,9,0.56,medium,easy
memory_match,0.37,14,81.3,16,7,9,0.56,hard,easy
daily_routine_recall,0.49,19,100.0,13,7,6,0.69,medium,easy
pattern_recognition,0.94,195,29.7,5,1,4,1.0,hard,hard
memory_match,0.26,10,72.9,11,5,6,0.72,hard,easy
object_recognition,0.84,186,30.5,4,0,4,1.0,hard,hard
daily_routine_recall,0.95,187,34.5,9,2,7,1.0,easy,hard
daily_routine_recall,0.88,200,17.6,5,0,5,1.0,hard,hard
daily_routine_recall,0.82,184,30.2,5,0,5,1.0,hard,hard
object_recognition,0.67,121,31.6,9,1,8,0.95,hard,medium
daily_routine_recall,0.67,110,42.7,10,2,8,0.87,medium,medium
daily_routine_recall,0.31,12,89.5,13,3,10,0.46,hard,easy
memory_match,0.27,10,94.8,15,5,10,0.63,hard,easy
memory_match,0.92,200,13.4,6,0,6,1.0,medium,hard
memory_match,0.69,127,27.0,9,2,7,0.95,easy,medium
pattern_recognition,0.85,200,16.6,6,0,6,1.0,hard,hard
object_recognition,0.78,121,37.6,11,3,8,0.97,easy,medium
daily_routine_recall,0.78,124,34.7,8,1,7,0.84,medium,hard
daily_routine_recall,0.73,113,42.7,6,1,5,0.88,easy,medium
pattern_recognition,0.64,121,30.5,11,2,9,0.82,hard,medium
memory_match,0.42,16,61.0,13,5,8,0.76,easy,easy
memory_match,0.87,200,24.2,7,1,6,1.0,easy,hard
object_recognition,0.25,10,72.5,16,5,11,0.57,hard,easy
pattern_recognition,0.79,110,48.8,9,2,7,0.8,hard,medium
memory_match,0.64,115,36.9,7,1,6,0.92,medium,medium
memory_match,0.92,198,27.1,4,0,4,1.0,hard,hard
pattern_recognition,0.68,121,32.8,10,2,8,0.88,easy,medium
memory_match,0.76,118,39.4,8,2,6,0.93,medium,medium
object_recognition,0.86,200,15.2,7,0,7,1.0,medium,hard
daily_routine_recall,0.98,200,28.8,6,2,4,1.0,easy,hard
daily_routine_recall,0.94,188,33.3,4,0,4,1.0,hard,hard
memory_match,0.64,117,34.7,10,3,7,0.83,hard,medium
memory_match,0.6,110,40.0,9,1,8,0.87,hard,medium
object_recognition,0.85,200,14.4,7,0,7,1.0,easy,hard
memory_match,0.21,10,77.4,18,7,11,0.41,hard,easy
memory_match,0.35,14,102.9,11,4,7,0.56,easy,easy
pattern_recognition,0.66,120,32.3,8,1,7,0.85,hard,medium
daily_routine_recall,0.23,10,69.7,14,4,10,0.72,medium,easy
object_recognition,0.9,200,16.4,7,0,7,1.0,easy,hard
daily_routine_recall,0.5,20,108.3,16,5,11,0.42,hard,easy
memory_match,0.61,102,47.8,7,2,5,0.8,easy,medium
pattern_recognition,0.33,13,93.8,12,5,7,0.56,medium,easy
pattern_recognition,0.37,14,72.8,14,4,10,0.7,medium,easy
object_recognition,0.7,111,43.6,10,1,9,0.94,easy,medium
pattern_recognition,0.36,14,74.0,17,7,10,0.6,medium,easy
daily_routine_recall,0.9,200,17.3,6,1,5,1.0,hard,hard
pattern_recognition,0.72,122,33.7,7,2,5,0.96,easy,medium
memory_match,0.32,12,109.2,12,5,7,0.78,hard,easy
daily_routine_recall,0.23,10,67.6,14,3,11,0.69,medium,easy
daily_routine_recall,0.84,200,18.9,4,0,4,1.0,medium,hard
daily_routine_recall,0.73,104,52.0,10,1,9,0.88,medium,medium
object_recognition,0.27,10,107.6,15,5,10,0.81,hard,easy
memory_match,0.69,117,36.3,7,1,6,0.95,easy,medium
object_recognition,0.93,200,15.8,6,2,4,1.0,hard,hard
pattern_recognition,0.57,22,73.0,15,5,10,0.54,hard,easy
pattern_recognition,0.23,10,74.6,13,6,7,0.66,medium,easy
object_recognition,0.79,127,31.5,9,1,8,0.82,hard,hard
daily_routine_recall,0.65,120,31.1,8,2,6,0.94,easy,medium
memory_match,0.75,122,34.8,10,2,8,0.82,medium,medium
object_recognition,0.28,11,107.6,15,7,8,0.48,easy,easy
object_recognition,0.83,200,20.5,6,0,6,1.0,medium,hard
daily_routine_recall,0.83,178,33.9,6,1,5,1.0,hard,hard
object_recognition,0.56,22,72.7,14,4,10,0.85,medium,easy
memory_match,0.4,16,69.4,9,3,6,0.49,easy,easy
memory_match,0.71,116,38.2,9,1,8,0.94,easy,medium
memory_match,0.51,20,78.4,16,6,10,0.49,medium,easy
pattern_recognition,0.31,12,100.1,13,5,8,0.76,medium,easy
memory_match,0.81,194,24.8,7,1,6,1.0,medium,hard
daily_routine_recall,0.23,10,92.2,15,4,11,0.55,medium,easy
pattern_recognition,0.81,119,40.1,9,3,6,0.88,hard,medium
memory_match,0.77,113,44.5,8,2,6,0.84,hard,medium
memory_match,0.66,105,47.5,10,1,9,0.93,medium,medium
memory_match,0.57,22,102.1,13,7,6,0.8,hard,easy
daily_routine_recall,0.82,200,21.4,6,0,6,1.0,hard,hard
daily_routine_recall,0.76,127,31.0,10,2,8,0.93,medium,medium
pattern_recognition,0.83,200,19.5,6,2,4,1.0,medium,hard
object_recognition,0.8,127,32.9,10,1,9,0.81,easy,hard
daily_routine_recall,0.43,17,69.3,15,4,11,0.53,easy,easy
object_recognition,0.83,200,21.4,5,0,5,1.0,hard,hard
memory_match,0.65,113,38.9,8,3,5,0.87,medium,medium
memory_match,0.8,123,36.7,8,3,5,0.86,easy,medium
memory_match,0.74,113,43.7,9,2,7,0.85,hard,medium
object_recognition,0.81,199,22.1,5,1,4,1.0,medium,hard
pattern_recognition,0.58,23,67.7,13,5,8,0.45,hard,easy
daily_routine_recall,0.66,110,42.1,7,2,5,0.94,medium,medium
memory_match,0.82,178,33.2,5,0,5,1.0,easy,easy
memory_match,0.29,11,55.5,17,7,10,0.59,medium,easy
object_recognition,0.54,21,66.3,12,6,6,0.67,easy,easy
object_recognition,0.76,126,31.9,8,1,7,0.92,easy,medium
pattern_recognition,0.62,97,53.1,6,1,5,0.96,easy,medium
pattern_recognition,0.29,11,102.4,17,7,10,0.42,easy,easy
daily_routine_recall,0.61,122,27.7,9,2,7,0.92,medium,medium
daily_routine_recall,0.4,16,78.7,9,3,6,0.61,medium,hard
object_recognition,0.93,187,33.3,7,0,7,1.0,hard,hard
daily_routine_recall,0.88,200,21.5,8,2,6,1.0,easy,hard
daily_routine_recall,0.44,17,74.0,9,3,6,0.78,medium,easy
memory_match,1.0,200,12.2,6,1,5,1.0,easy,hard
daily_routine_recall,0.91,196,27.7,6,0,6,1.0,easy,hard
pattern_recognition,0.96,200,18.8,5,0,5,1.0,medium,hard
memory_match,0.91,200,11.4,8,2,6,1.0,hard,hard
object_recognition,0.97,200,26.1,8,1,7,1.0,easy,hard
daily_routine_recall,0.7,111,43.3,8,1,7,0.92,hard,medium
pattern_recognition,0.48,19,90.5,12,6,6,0.41,medium,easy
daily_routine_recall,0.34,13,51.5,12,4,8,0.6,easy,easy
daily_routine_recall,0.84,197,24.6,7,0,7,1.0,hard,hard
pattern_recognition,0.31,12,101.0,14,5,9,0.47,medium,easy
memory_match,0.45,18,89.5,13,6,7,0.49,easy,easy
object_recognition,0.88,200,14.2,5,0,5,1.0,easy,hard
memory_match,0.48,19,57.6,15,4,11,0.82,medium,easy
object_recognition,0.82,197,23.7,5,0,5,1.0,medium,hard
memory_match,0.36,14,60.1,16,5,11,0.64,easy,medium
pattern_recognition,0.77,122,35.8,9,2,7,0.99,medium,medium
memory_match,0.68,102,52.0,10,3,7,0.9,hard,medium
memory_match,0.75,105,51.9,7,2,5,0.91,easy,medium
daily_routine_recall,0.33,13,72.9,12,3,9,0.41,easy,easy
pattern_recognition,0.76,109,48.8,11,2,9,0.84,easy,medium
memory_match,0.76,131,26.5,11,2,9,0.89,easy,medium
object_recognition,0.48,19,74.8,11,3,8,0.78,easy,easy
memory_match,0.72,130,25.1,11,3,8,0.81,hard,medium
memory_match,0.35,14,71.9,10,4,6,0.65,easy,easy
object_recognition,0.33,13,72.1,11,4,7,0.68,hard,easy
object_recognition,0.9,200,17.6,6,1,5,1.0,easy,hard
pattern_recognition,0.32,12,82.9,17,7,10,0.84,easy,medium
daily_routine_recall,0.74,105,51.2,7,1,6,0.84,hard,medium
memory_match,0.24,10,79.6,15,4,11,0.59,medium,easy
memory_match,0.45,18,76.8,13,4,9,0.52,medium,easy
daily_routine_recall,0.78,113,46.0,12,3,9,0.91,easy,medium
pattern_recognition,0.76,115,42.1,7,2,5,0.96,easy,medium
pattern_recognition,0.8,113,46.1,9,1,8,0.85,easy,hard
object_recognition,0.32,12,57.7,14,6,8,0.68,easy,easy
pattern_recognition,0.75,124,32.1,10,2,8,0.95,hard,medium
pattern_recognition,0.81,177,33.3,5,0,5,1.0,hard,hard
daily_routine_recall,0.89,197,26.8,5,0,5,1.0,medium,hard
object_recognition,0.76,115,43.0,8,1,7,0.83,easy,medium
pattern_recognition,0.23,10,96.9,13,5,8,0.48,hard,easy
daily_routine_recall,0.57,22,91.6,12,5,7,0.67,medium,easy
pattern_recognition,0.72,105,50.3,9,2,7,0.84,medium,medium
object_recognition,0.74,130,26.2,8,1,7,0.84,hard,medium
memory_match,0.46,18,62.5,13,7,6,0.42,hard,easy
daily_routine_recall,0.76,105,52.9,10,2,8,0.94,hard,medium
daily_routine_recall,0.8,125,34.8,6,1,5,0.96,easy,easy
memory_match,0.89,200,16.5,4,0,4,1.0,hard,hard
memory_match,0.74,103,53.2,12,3,9,0.8,easy,medium
object_recognition,0.76,106,51.4,11,2,9,0.85,hard,medium
object_recognition,0.6,120,29.1,9,2,7,0.98,medium,medium
object_recognition,0.51,20,49.7,13,5,8,0.66,easy,easy
memory_match,0.95,200,13.4,7,1,6,1.0,easy,hard
daily_routine_recall,0.66,105,47.8,8,1,7,0.84,medium,hard
pattern_recognition,0.95,200,12.0,4,0,4,1.0,medium,hard
memory_match,0.41,16,106.3,10,4,6,0.73,hard,easy
object_recognition,0.96,200,25.1,6,0,6,1.0,medium,hard
pattern_recognition,0.64,121,30.8,6,1,5,0.92,easy,medium
memory_match,0.89,200,14.0,4,0,4,1.0,medium,hard
pattern_recognition,1.0,200,26.9,6,2,4,1.0,medium,hard
pattern_recognition,0.61,112,37.1,8,1,7,0.93,easy,medium
daily_routine_recall,0.8,107,52.3,7,1,6,0.89,hard,hard
daily_routine_recall,0.26,10,51.5,12,4,8,0.76,medium,easy
memory_match,0.87,200,14.0,4,0,4,1.0,easy,hard
object_recognition,0.72,103,52.4,10,2,8,0.8,medium,medium
pattern_recognition,0.46,18,91.3,11,4,7,0.64,hard,easy
pattern_recognition,0.88,195,27.5,4,0,4,1.0,easy,hard
pattern_recognition,0.65,118,33.3,7,2,5,0.98,easy,medium
memory_match,0.52,20,56.4,17,7,10,0.6,easy,easy
memory_match,0.94,194,30.4,4,0,4,1.0,hard,hard
daily_routine_recall,0.91,192,29.8,4,0,4,1.0,hard,hard
object_recognition,0.87,186,31.5,6,2,4,1.0,easy,hard
memory_match,0.94,200,22.6,5,0,5,1.0,easy,hard
memory_match,0.73,130,25.2,7,1,6,0.93,easy,medium
memory_match,0.82,193,25.9,5,1,4,1.0,easy,hard
memory_match,0.93,199,27.3,5,0,5,1.0,medium,hard
pattern_recognition,0.29,11,89.8,14,5,9,0.74,easy,easy
pattern_recognition,0.9,200,25.0,6,0,6,1.0,medium,hard
object_recognition,0.92,200,19.2,7,0,7,1.0,hard,hard
object_recognition,0.87,179,34.7,8,2,6,1.0,easy,hard
daily_routine_recall,0.9,184,33.9,8,1,7,1.0,medium,hard
memory_match,0.74,131,25.7,11,2,9,0.98,hard,medium
daily_routine_recall,0.56,22,89.4,11,3,8,0.42,medium,easy
memory_match,0.83,177,34.1,6,0,6,1.0,hard,hard
pattern_recognition,0.68,107,46.3,10,2,8,0.91,easy,medium
memory_match,0.34,13,55.7,13,3,10,0.68,hard,easy
memory_match,0.95,196,29.8,5,0,5,1.0,easy,hard
daily_routine_recall,0.88,196,26.6,9,2,7,1.0,easy,hard
daily_routine_recall,0.75,124,33.0,8,1,7,0.89,hard,medium
pattern_recognition,0.64,104,47.8,11,3,8,0.9,hard,medium
memory_match,0.83,186,29.8,9,2,7,1.0,easy,hard
memory_match,0.79,127,31.1,10,1,9,1.0,easy,hard
pattern_recognition,0.65,125,27.0,8,1,7,0.89,medium,medium
object_recognition,0.74,105,52.0,7,1,6,0.84,medium,medium
daily_routine_recall,0.88,182,33.9,6,0,6,1.0,medium,hard
daily_routine_recall,0.69,102,51.9,10,1,9,0.86,medium,medium
memory_match,0.22,10,81.2,14,5,9,0.8,easy,easy
daily_routine_recall,0.88,200,17.8,6,1,5,1.0,hard,easy
memory_match,0.9,194,28.6,4,0,4,1.0,hard,hard
pattern_recognition,0.22,10,51.5,15,7,8,0.57,hard,easy
daily_routine_recall,0.38,15,67.0,14,4,10,0.47,easy,easy
object_recognition,0.24,10,73.0,14,3,11,0.53,easy,easy
memory_match,0.7,122,32.1,8,1,7,0.92,medium,medium
pattern_recognition,0.27,10,47.2,12,4,8,0.51,medium,easy
daily_routine_recall,0.43,17,77.7,12,3,9,0.78,hard,easy
pattern_recognition,0.72,109,46.3,10,3,7,0.8,easy,medium
memory_match,0.69,101,52.8,8,1,7,0.82,easy,medium
memory_match,0.22,10,82.8,14,7,7,0.65,hard,easy
daily_routine_recall,0.87,184,32.3,7,0,7,1.0,easy,hard
object_recognition,0.92,200,19.0,6,1,5,1.0,easy,hard
daily_routine_recall,0.98,200,14.7,9,2,7,1.0,medium,hard
object_recognition,0.3,12,56.6,18,7,11,0.68,easy,easy
pattern_recognition,0.41,16,56.4,13,3,10,0.76,easy,easy
object_recognition,0.46,18,79.0,13,6,7,0.66,easy,easy
pattern_recognition,0.56,22,73.9,17,7,10,0.63,hard,easy
memory_match,0.94,200,19.2,8,1,7,1.0,easy,hard
pattern_recognition,0.56,22,52.3,15,7,8,0.78,easy,easy
object_recognition,0.79,119,39.1,8,3,5,0.95,easy,medium
memory_match,0.76,122,35.2,10,3,7,1.0,hard,medium
daily_routine_recall,0.68,100,53.7,8,2,6,0.97,easy,medium
object_recognition,0.5,20,100.3,11,5,6,0.67,medium,easy
daily_routine_recall,0.66,124,28.3,8,2,6,0.89,medium,medium
daily_routine_recall,0.42,16,98.9,11,4,7,0.83,hard,easy
object_recognition,0.38,15,107.2,12,3,9,0.59,medium,easy
daily_routine_recall,0.48,19,92.1,16,5,11,0.76,medium,easy
memory_match,0.39,15,79.9,13,3,10,0.51,medium,medium
pattern_recognition,0.8,109,50.2,7,1,6,0.91,hard,hard
pattern_recognition,0.2,10,75.5,14,7,7,0.84,medium,easy
object_recognition,0.73,119,36.8,10,2,8,0.84,easy,medium
pattern_recognition,0.7,107,47.1,9,1,8,0.9,easy,medium
pattern_recognition,0.83,184,30.9,5,0,5,1.0,medium,hard
object_recognition,0.41,16,74.2,12,6,6,0.47,medium,easy
object_recognition,0.66,104,48.5,8,2,6,0.92,hard,medium
object_recognition,0.22,10,94.6,13,6,7,0.83,easy,easy
memory_match,0.73,121,34.1,7,1,6,0.99,hard,medium
object_recognition,0.62,118,32.9,6,1,5,0.84,hard,medium
daily_routine_recall,0.67,111,41.3,11,2,9,0.88,hard,medium
memory_match,0.47,18,101.6,16,6,10,0.51,hard,easy
pattern_recognition,0.47,18,95.1,12,4,8,0.75,medium,easy
daily_routine_recall,0.93,190,31.9,6,1,5,1.0,hard,hard
daily_routine_recall,0.38,15,89.0,18,7,11,0.67,easy,easy
daily_routine_recall,0.75,126,31.0,9,1,8,0.96,easy,medium
object_recognition,0.7,123,31.7,10,3,7,0.84,hard,medium
memory_match,0.48,19,75.6,14,4,10,0.81,easy,easy
object_recognition,0.82,200,13.6,6,0,6,1.0,medium,hard
daily_routine_recall,0.71,102,53.0,12,3,9,0.96,easy,medium
pattern_recognition,0.72,123,32.8,6,1,5,0.92,easy,medium
daily_routine_recall,0.86,200,21.7,6,0,6,1.0,medium,hard
memory_match,0.98,195,31.3,4,0,4,1.0,easy,hard
object_recognition,0.93,200,23.6,6,0,6,1.0,easy,hard
pattern_recognition,0.24,10,80.3,10,4,6,0.54,medium,hard
object_recognition,0.69,127,26.6,12,3,9,0.87,easy,medium
daily_routine_recall,0.96,200,18.6,7,0,7,1.0,hard,hard
memory_match,0.94,200,13.5,4,0,4,1.0,hard,hard
object_recognition,0.3,12,59.9,10,4,6,0.51,hard,easy
object_recognition,0.53,21,85.7,14,3,11,0.56,medium,easy
memory_match,0.53,21,46.8,13,6,7,0.81,easy,easy
pattern_recognition,0.8,119,40.6,8,2,6,0.99,medium,hard
daily_routine_recall,0.8,200,12.2,6,0,6,1.0,easy,hard
memory_match,0.93,200,12.6,4,0,4,1.0,easy,hard
daily_routine_recall,0.83,200,17.3,9,2,7,1.0,hard,hard
object_recognition,0.42,16,108.9,18,7,11,0.76,easy,easy
memory_match,0.91,200,18.9,5,0,5,1.0,hard,hard
object_recognition,0.34,13,108.8,13,3,10,0.4,easy,easy
memory_match,0.47,18,57.8,10,4,6,0.42,hard,easy
object_recognition,0.97,200,15.5,8,1,7,1.0,hard,hard
memory_match,0.57,22,83.5,12,5,7,0.53,easy,easy
memory_match,0.24,10,104.0,13,5,8,0.59,easy,easy
object_recognition,0.34,13,90.5,10,4,6,0.49,easy,easy
object_recognition,0.38,15,74.0,9,3,6,0.71,hard,easy
object_recognition,0.87,185,31.9,6,0,6,1.0,hard,hard
memory_match,0.63,122,28.8,8,1,7,0.83,hard,medium
pattern_recognition,0.96,200,19.3,6,1,5,1.0,medium,hard
memory_match,0.89,181,34.6,7,0,7,1.0,hard,hard
daily_routine_recall,0.79,108,50.9,9,2,7,0.86,hard,medium
daily_routine_recall,0.39,15,81.3,10,3,7,0.41,medium,easy
memory_match,0.75,106,50.3,8,2,6,0.94,easy,medium
daily_routine_recall,0.53,21,56.1,10,4,6,0.69,hard,easy
memory_match,0.5,20,80.9,14,6,8,0.83,medium,easy
object_recognition,0.81,177,33.2,7,0,7,1.0,hard,easy
object_recognition,0.37,14,104.9,15,6,9,0.77,hard,easy
object_recognition,0.68,128,25.1,8,2,6,0.95,easy,medium
memory_match,0.96,200,21.0,8,1,7,1.0,hard,hard
object_recognition,0.37,14,102.6,14,7,7,0.71,easy,easy
object_recognition,0.65,119,32.8,7,1,6,0.83,medium,medium
memory_match,0.2,10,100.8,14,7,7,0.8,hard,easy
pattern_recognition,0.63,124,27.0,9,2,7,0.97,easy,medium
memory_match,0.48,19,81.6,14,3,11,0.63,easy,easy
memory_match,0.87,187,30.7,5,1,4,1.0,hard,hard
daily_routine_recall,0.78,123,35.4,9,2,7,0.84,medium,hard
memory_match,0.55,22,57.3,16,6,10,0.44,easy,easy
daily_routine_recall,0.27,10,84.2,12,5,7,0.48,easy,easy
object_recognition,0.41,16,103.8,14,6,8,0.81,easy,easy
memory_match,0.92,200,20.2,6,1,5,1.0,medium,medium
object_recognition,0.61,97,52.1,7,2,5,0.94,hard,medium
daily_routine_recall,0.91,200,13.5,6,2,4,1.0,medium,hard
object_recognition,0.91,188,31.9,6,1,5,1.0,medium,hard
memory_match,0.96,200,19.1,4,0,4,1.0,medium,hard
pattern_recognition,0.66,115,37.6,11,2,9,0.87,hard,medium
pattern_recognition,0.77,124,33.6,8,1,7,0.93,easy,medium
memory_match,0.81,111,48.9,8,2,6,0.82,medium,hard
object_recognition,0.56,22,74.3,14,3,11,0.64,easy,easy
memory_match,0.21,10,49.7,15,6,9,0.47,easy,easy
daily_routine_recall,0.81,135,25.0,7,2,5,0.89,easy,hard
memory_match,0.86,180,33.8,5,0,5,1.0,hard,hard
pattern_recognition,0.96,200,22.9,7,0,7,1.0,medium,hard
memory_match,0.23,10,72.9,13,4,9,0.6,easy,easy
object_recognition,0.58,23,84.7,12,4,8,0.59,hard,easy
daily_routine_recall,0.23,10,63.6,18,7,11,0.83,easy,easy
daily_routine_recall,0.64,102,49.2,10,1,9,0.86,easy,medium
daily_routine_recall,0.8,186,28.7,8,2,6,1.0,hard,hard
daily_routine_recall,1.0,200,27.7,5,1,4,1.0,medium,hard
pattern_recognition,0.8,194,24.6,7,1,6,1.0,hard,hard
pattern_recognition,0.92,200,23.4,7,0,7,1.0,medium,hard
memory_match,0.3,12,109.3,17,6,11,0.73,medium,easy
daily_routine_recall,0.71,107,48.0,6,1,5,0.81,medium,medium
pattern_recognition,0.93,193,30.1,9,2,7,1.0,medium,hard
object_recognition,0.74,103,53.5,7,1,6,0.9,easy,medium
daily_routine_recall,0.82,200,21.7,5,0,5,1.0,medium,hard
memory_match,0.87,197,25.7,6,0,6,1.0,easy,hard
object_recognition,0.62,119,31.4,7,1,6,0.89,medium,medium
pattern_recognition,0.91,200,14.5,6,0,6,1.0,easy,hard
object_recognition,0.54,21,104.9,16,6,10,0.53,hard,easy
daily_routine_recall,0.62,111,39.4,11,3,8,0.81,easy,medium
memory_match,0.92,200,26.1,4,0,4,1.0,hard,hard
pattern_recognition,0.81,124,35.8,9,3,6,0.94,hard,medium
daily_routine_recall,0.93,200,14.2,7,0,7,1.0,medium,hard
daily_routine_recall,0.64,120,31.6,12,3,9,0.93,medium,medium
object_recognition,0.4,16,106.3,14,5,9,0.64,easy,easy
object_recognition,0.55,22,92.1,14,7,7,0.82,easy,easy
memory_match,0.75,119,37.4,11,2,9,0.99,hard,medium
object_recognition,0.98,191,33.2,7,2,5,1.0,medium,hard
pattern_recognition,0.85,180,33.9,4,0,4,1.0,medium,hard
pattern_recognition,0.77,114,44.0,9,3,6,0.83,easy,medium
pattern_recognition,0.27,10,53.6,13,5,8,0.57,hard,easy
object_recognition,0.5,20,57.4,15,6,9,0.62,medium,easy
daily_routine_recall,0.69,113,40.8,9,2,7,0.82,hard,medium
object_recognition,0.39,15,53.1,14,3,11,0.83,easy,easy
daily_routine_recall,0.66,98,54.8,6,1,5,0.96,medium,medium
object_recognition,0.78,119,39.8,11,2,9,0.86,easy,hard
daily_routine_recall,0.6,120,29.9,6,1,5,0.98,easy,medium
daily_routine_recall,0.28,11,92.2,15,4,11,0.43,easy,easy
object_recognition,0.24,10,87.1,10,3,7,0.62,hard,easy
memory_match,0.56,22,106.5,12,3,9,0.53,hard,easy
pattern_recognition,0.87,200,19.9,7,0,7,1.0,hard,hard
object_recognition,0.77,118,39.9,11,2,9,0.89,medium,medium
daily_routine_recall,0.49,19,99.3,14,6,8,0.68,hard,easy
object_recognition,0.86,191,28.4,5,0,5,1.0,hard,hard
memory_match,0.94,186,34.3,5,0,5,1.0,medium,hard
daily_routine_recall,1.0,200,28.9,5,1,4,1.0,hard,hard
pattern_recognition,0.41,16,60.0,17,6,11,0.75,easy,easy
daily_routine_recall,0.81,125,34.7,7,2,5,0.99,easy,easy
pattern_recognition,0.46,18,97.2,12,6,6,0.57,medium,easy
memory_match,0.83,200,18.8,6,0,6,1.0,medium,hard
object_recognition,0.21,10,81.9,13,7,6,0.83,medium,easy
daily_routine_recall,0.78,127,31.3,7,1,6,0.89,medium,hard
object_recognition,0.99,200,18.8,7,1,6,1.0,hard,hard
object_recognition,0.79,127,31.2,11,2,9,0.86,hard,hard
pattern_recognition,0.2,10,59.0,16,7,9,0.53,medium,easy
memory_match,0.88,200,10.9,4,0,4,1.0,easy,hard
pattern_recognition,0.51,20,70.6,10,3,7,0.77,medium,easy
pattern_recognition,0.84,200,18.4,7,0,7,1.0,medium,hard
memory_match,0.41,16,100.2,13,3,10,0.73,hard,easy
pattern_recognition,0.26,10,85.0,15,7,8,0.61,medium,easy
memory_match,0.76,108,49.6,8,1,7,0.98,medium,medium
object_recognition,0.92,200,14.7,4,0,4,1.0,medium,hard
object_recognition,0.81,111,48.6,8,3,5,0.84,easy,medium
daily_routine_recall,0.89,200,21.8,7,0,7,1.0,easy,hard
daily_routine_recall,0.63,104,46.4,10,1,9,0.82,easy,medium
object_recognition,0.91,199,26.1,6,2,4,1.0,hard,hard
daily_routine_recall,0.37,14,95.7,16,5,11,0.67,easy,easy
memory_match,0.99,200,20.6,7,1,6,1.0,easy,hard
pattern_recognition,0.43,17,89.4,15,7,8,0.71,easy,easy
object_recognition,0.84,200,15.7,5,0,5,1.0,hard,medium
pattern_recognition,0.81,132,27.3,10,2,8,0.91,hard,hard
memory_match,0.62,123,28.0,10,2,8,0.84,easy,medium
memory_match,0.7,110,45.0,6,1,5,0.95,medium,medium
memory_match,0.48,19,109.0,13,6,7,0.69,easy,easy
pattern_recognition,0.53,21,82.7,17,6,11,0.43,medium,easy
memory_match,0.82,112,49.0,12,3,9,0.94,easy,medium
pattern_recognition,0.61,113,36.7,12,3,9,0.91,easy,medium
pattern_recognition,0.69,109,44.5,9,2,7,1.0,medium,medium
pattern_recognition,0.66,106,46.1,8,2,6,0.82,easy,medium
daily_routine_recall,0.73,102,53.6,10,1,9,0.99,medium,medium
memory_match,0.54,21,78.4,14,3,11,0.71,hard,easy
memory_match,0.76,122,35.8,9,1,8,0.89,hard,medium
daily_routine_recall,0.45,18,47.2,11,4,7,0.76,medium,easy
daily_routine_recall,0.84,200,23.3,8,1,7,1.0,hard,hard
daily_routine_recall,0.99,200,24.2,9,2,7,1.0,easy,hard
pattern_recognition,0.82,115,45.1,6,1,5,0.81,easy,hard
object_recognition,0.81,200,18.7,5,0,5,1.0,easy,hard
pattern_recognition,0.48,19,46.7,13,3,10,0.72,hard,easy
pattern_recognition,0.97,189,33.7,8,2,6,1.0,medium,hard
object_recognition,0.32,12,83.9,10,4,6,0.8,easy,easy
object_recognition,0.8,127,32.7,8,1,7,1.0,medium,hard
pattern_recognition,0.49,19,89.4,14,6,8,0.65,medium,easy
daily_routine_recall,0.3,12,47.3,15,4,11,0.47,medium,easy
daily_routine_recall,0.96,199,28.5,7,0,7,1.0,hard,hard
daily_routine_recall,0.71,111,43.9,7,1,6,0.82,easy,medium
object_recognition,0.41,16,94.5,9,3,6,0.47,medium,easy
object_recognition,0.72,105,50.7,8,1,7,0.86,medium,medium
memory_match,0.54,21,58.0,16,6,10,0.66,easy,easy
memory_match,0.28,11,73.6,13,6,7,0.71,hard,easy
pattern_recognition,0.28,11,105.8,12,3,9,0.78,easy,easy
